ISO-10303-21;
HEADER;
FILE_DESCRIPTION (( 'STEP AP214' ),
    '1' );
FILE_NAME ('XGL6030.STEP',
    '2025-04-07T14:23:31',
    ( '' ),
    ( '' ),
    'SwSTEP 2.0',
    'SolidWorks 2023',
    '' );
FILE_SCHEMA (( 'AUTOMOTIVE_DESIGN' ));
ENDSEC;

DATA;
#1 = ORIENTED_EDGE ( 'NONE', *, *, #3051, .F. ) ;
#2 = LINE ( 'NONE', #352, #4306 ) ;
#3 = B_SPLINE_CURVE_WITH_KNOTS ( 'NONE', 3,
 ( #509, #3733, #1988, #1558, #3438, #153, #4530, #1253, #3508, #2407, #2085 ),
 .UNSPECIFIED., .F., .F.,
 ( 4, 1, 1, 1, 1, 1, 1, 1, 4 ),
 ( 0.000000000000000000, 0.1528910399261250719, 0.2655498866055906459, 0.3469726293230765979, 0.4171409348174461851, 0.5027291515886442852, 0.6212628926146345210, 0.7862933040589763500, 1.000000000000000000 ),
 .UNSPECIFIED. ) ;
#4 = PRESENTATION_STYLE_ASSIGNMENT (( #2878 ) ) ;
#5 = CARTESIAN_POINT ( 'NONE',  ( -1.447834582039406515, 3.000000000000000000, -0.9164999999999924318 ) ) ;
#6 =( NAMED_UNIT ( * ) SI_UNIT ( $, .STERADIAN. ) SOLID_ANGLE_UNIT ( ) );
#7 = VECTOR ( 'NONE', #3074, 1000.000000000000000 ) ;
#8 =( NAMED_UNIT ( * ) SI_UNIT ( $, .STERADIAN. ) SOLID_ANGLE_UNIT ( ) );
#9 =( NAMED_UNIT ( * ) PLANE_ANGLE_UNIT ( ) SI_UNIT ( $, .RADIAN. ) );
#10 = CARTESIAN_POINT ( 'NONE',  ( 2.642690712998739588, 2.999900000000000233, 0.2894409749600200255 ) ) ;
#11 = CARTESIAN_POINT ( 'NONE',  ( -1.608094424559088464, 3.000000000000000000, -0.3819212598425155147 ) ) ;
#12 = CARTESIAN_POINT ( 'NONE',  ( 2.584843896998425095, 3.000000000000001332, 1.615127446249926102 ) ) ;
#13 = PRESENTATION_STYLE_ASSIGNMENT (( #3264 ) ) ;
#14 = ORIENTED_EDGE ( 'NONE', *, *, #3284, .T. ) ;
#15 = VECTOR ( 'NONE', #1248, 1000.000000000000000 ) ;
#16 = AXIS2_PLACEMENT_3D ( 'NONE', #2128, #324, #1790 ) ;
#17 = LINE ( 'NONE', #1042, #3469 ) ;
#18 = DIRECTION ( 'NONE',  ( -0.000000000000000000, 0.000000000000000000, 1.000000000000000000 ) ) ;
#19 = SURFACE_STYLE_USAGE ( .BOTH. , #1789 ) ;
#20 = VERTEX_POINT ( 'NONE', #2841 ) ;
#21 =( NAMED_UNIT ( * ) PLANE_ANGLE_UNIT ( ) SI_UNIT ( $, .RADIAN. ) );
#22 = VECTOR ( 'NONE', #136, 1000.000000000000000 ) ;
#23 = CARTESIAN_POINT ( 'NONE',  ( 0.1937126620550882472, 3.000000000000000000, 1.355472440944882617 ) ) ;
#24 = CARTESIAN_POINT ( 'NONE',  ( -3.354999999999999094, 3.000000000000000000, -3.454999999999999627 ) ) ;
#25 = UNCERTAINTY_MEASURE_WITH_UNIT (LENGTH_MEASURE( 1.000000000000000082E-05 ), #338, 'distance_accuracy_value', 'NONE');
#26 = CARTESIAN_POINT ( 'NONE',  ( 1.876491264469327680, 2.999900000000000233, -1.541441377981156435 ) ) ;
#27 = AXIS2_PLACEMENT_3D ( 'NONE', #2782, #1292, #568 ) ;
#28 = ORIENTED_EDGE ( 'NONE', *, *, #759, .T. ) ;
#29 = FILL_AREA_STYLE ('',( #1801 ) ) ;
#30 = FILL_AREA_STYLE ('',( #3641 ) ) ;
#31 = EDGE_CURVE ( 'NONE', #4422, #3527, #4330, .T. ) ;
#32 = CARTESIAN_POINT ( 'NONE',  ( 2.631385331497116731, 2.999900000000002009, -1.045620101869273677 ) ) ;
#33 = CARTESIAN_POINT ( 'NONE',  ( 1.220930602704622059, 3.000000000000000444, -0.6970020397458625006 ) ) ;
#34 =( NAMED_UNIT ( * ) PLANE_ANGLE_UNIT ( ) SI_UNIT ( $, .RADIAN. ) );
#35 =( LENGTH_UNIT ( ) NAMED_UNIT ( * ) SI_UNIT ( .MILLI., .METRE. ) );
#36 = CARTESIAN_POINT ( 'NONE',  ( 2.640243940541738610, 3.000000000000000000, 1.582704212329940630 ) ) ;
#37 = CARTESIAN_POINT ( 'NONE',  ( 1.169901077095653052, 2.999900000000000233, 1.384694906222209809 ) ) ;
#38 = ORIENTED_EDGE ( 'NONE', *, *, #1085, .F. ) ;
#39 = DIRECTION ( 'NONE',  ( -0.8660872391925199532, 0.000000000000000000, -0.4998928826337483700 ) ) ;
#40 = ORIENTED_EDGE ( 'NONE', *, *, #1659, .F. ) ;
#41 = PRESENTATION_STYLE_ASSIGNMENT (( #3301 ) ) ;
#42 = CARTESIAN_POINT ( 'NONE',  ( 1.876491264469327680, 3.000000000000000000, -0.3061472603340976151 ) ) ;
#43 = EDGE_LOOP ( 'NONE', ( #623, #450, #232, #3034 ) ) ;
#44 = DIRECTION ( 'NONE',  ( 0.8644584418281031635, 0.000000000000000000, -0.5027042891722012241 ) ) ;
#45 = VECTOR ( 'NONE', #1823, 999.9999999999998863 ) ;
#46 = CARTESIAN_POINT ( 'NONE',  ( -0.8321574166850701504, 3.000000000000000000, 0.6509448818897678457 ) ) ;
#47 = CARTESIAN_POINT ( 'NONE',  ( 2.616607625011923233, 3.000000000000001332, -1.061146275523525695 ) ) ;
#48 = CARTESIAN_POINT ( 'NONE',  ( 2.602780714937743323, 2.999999999999999556, -0.7316181716930250101 ) ) ;
#49 = AXIS2_PLACEMENT_3D ( 'NONE', #4697, #2428, #1459 ) ;
#50 =( LENGTH_UNIT ( ) NAMED_UNIT ( * ) SI_UNIT ( .MILLI., .METRE. ) );
#51 = PRESENTATION_LAYER_ASSIGNMENT (  '', '', ( #124 ) ) ;
#52 = FILL_AREA_STYLE ('',( #1526 ) ) ;
#53 = EDGE_CURVE ( 'NONE', #4086, #2389, #2763, .T. ) ;
#54 = VECTOR ( 'NONE', #2756, 1000.000000000000000 ) ;
#55 = CARTESIAN_POINT ( 'NONE',  ( -1.608094424559088464, 2.999900000000000233, -0.3819212598425155147 ) ) ;
#56 = CARTESIAN_POINT ( 'NONE',  ( 2.624191191930992595, 2.999900000000001565, -0.5158613100889147818 ) ) ;
#57 = EDGE_CURVE ( 'NONE', #4548, #4045, #378, .T. ) ;
#58 = ORIENTED_EDGE ( 'NONE', *, *, #3402, .F. ) ;
#59 = UNCERTAINTY_MEASURE_WITH_UNIT (LENGTH_MEASURE( 1.000000000000000082E-05 ), #415, 'distance_accuracy_value', 'NONE');
#60 = CARTESIAN_POINT ( 'NONE',  ( 2.564450823292857340, 3.000000000000000000, -0.8669239147458623895 ) ) ;
#61 = CARTESIAN_POINT ( 'NONE',  ( 2.642690712998740032, 3.000000000000000444, 0.6092939161364908651 ) ) ;
#62 = ORIENTED_EDGE ( 'NONE', *, *, #2499, .T. ) ;
#63 = FILL_AREA_STYLE_COLOUR ( '', #216 ) ;
#64 = EDGE_CURVE ( 'NONE', #1629, #2167, #1729, .T. ) ;
#65 = FILL_AREA_STYLE_COLOUR ( '', #957 ) ;
#66 = CARTESIAN_POINT ( 'NONE',  ( 1.142690712998739588, 3.000000000000000000, -0.9692906426870387948 ) ) ;
#67 = UNCERTAINTY_MEASURE_WITH_UNIT (LENGTH_MEASURE( 1.000000000000000082E-05 ), #569, 'distance_accuracy_value', 'NONE');
#68 = FILL_AREA_STYLE_COLOUR ( '', #3007 ) ;
#69 = ORIENTED_EDGE ( 'NONE', *, *, #2942, .F. ) ;
#70 = ADVANCED_FACE ( 'NONE', ( #1458 ), #1908, .F. ) ;
#71 = FILL_AREA_STYLE ('',( #2899 ) ) ;
#72 = PLANE ( 'NONE',  #307 ) ;
#73 = DIRECTION ( 'NONE',  ( 0.000000000000000000, -7.499194256974707465E-13, 1.000000000000000000 ) ) ;
#74 =( LENGTH_UNIT ( ) NAMED_UNIT ( * ) SI_UNIT ( .MILLI., .METRE. ) );
#75 = DIRECTION ( 'NONE',  ( -0.8571493051170774313, 0.000000000000000000, -0.5150680234078904851 ) ) ;
#76 = FILL_AREA_STYLE ('',( #1453 ) ) ;
#77 = VERTEX_POINT ( 'NONE', #3371 ) ;
#78 = COLOUR_RGB ( '',1.000000000000000000, 1.000000000000000000, 1.000000000000000000 ) ;
#79 = CARTESIAN_POINT ( 'NONE',  ( -2.665451921499553123, 2.999900000000000233, -2.819567424523458321 ) ) ;
#80 = CARTESIAN_POINT ( 'NONE',  ( 1.146505634764222181, 2.999900000000000677, 1.426189584154387235 ) ) ;
#81 = ORIENTED_EDGE ( 'NONE', *, *, #1738, .F. ) ;
#82 = CARTESIAN_POINT ( 'NONE',  ( 2.644999999999999130, 0.000000000000000000, -2.500000000000000444 ) ) ;
#83 = LINE ( 'NONE', #1401, #851 ) ;
#84 = VERTEX_POINT ( 'NONE', #2562 ) ;
#85 = PRESENTATION_STYLE_ASSIGNMENT (( #4455 ) ) ;
#86 = EDGE_LOOP ( 'NONE', ( #2817, #3437, #4626, #461, #2630, #2476, #774, #2382, #626, #678, #1615, #2040, #3504, #1323, #1565, #1371 ) ) ;
#87 = PLANE ( 'NONE',  #1422 ) ;
#88 = MECHANICAL_DESIGN_GEOMETRIC_PRESENTATION_REPRESENTATION (  '', ( #1077 ), #2067 ) ;
#89 = CARTESIAN_POINT ( 'NONE',  ( 2.571941074772255753, 3.000000000000000444, 0.5176381068884758907 ) ) ;
#90 = CARTESIAN_POINT ( 'NONE',  ( 2.641316205600277023, 3.000000000000000000, 0.2352765201693059749 ) ) ;
#91 = CARTESIAN_POINT ( 'NONE',  ( 1.154027076143226971, 2.999999999999999112, -1.071967582049080159 ) ) ;
#92 = PRESENTATION_LAYER_ASSIGNMENT (  '', '', ( #2981 ) ) ;
#93 = CARTESIAN_POINT ( 'NONE',  ( 2.564450823292857340, 3.000000000000000000, 1.603664320548255473 ) ) ;
#94 = ORIENTED_EDGE ( 'NONE', *, *, #4260, .F. ) ;
#95 = CARTESIAN_POINT ( 'NONE',  ( 1.181887395167976917, 2.999999999999999556, -1.949014349443141114 ) ) ;
#96 = CARTESIAN_POINT ( 'NONE',  ( 1.142930022522763656, 2.999900000000000233, -0.9572398443958084480 ) ) ;
#97 = CARTESIAN_POINT ( 'NONE',  ( 1.181946779667099268, 3.000000000000000888, 0.3684274165713390947 ) ) ;
#98 =( NAMED_UNIT ( * ) PLANE_ANGLE_UNIT ( ) SI_UNIT ( $, .RADIAN. ) );
#99 = ADVANCED_FACE ( 'NONE', ( #1931 ), #4448, .F. ) ;
#100 = VECTOR ( 'NONE', #989, 1000.000000000000000 ) ;
#101 = ORIENTED_EDGE ( 'NONE', *, *, #2690, .F. ) ;
#102 =( NAMED_UNIT ( * ) SI_UNIT ( $, .STERADIAN. ) SOLID_ANGLE_UNIT ( ) );
#103 = EDGE_LOOP ( 'NONE', ( #28, #2891, #3411, #1534 ) ) ;
#104 = CARTESIAN_POINT ( 'NONE',  ( -1.974192849755940671, 2.999900000000000233, -0.4815314960629848984 ) ) ;
#105 = EDGE_LOOP ( 'NONE', ( #2765, #993, #3955, #1587 ) ) ;
#106 = CARTESIAN_POINT ( 'NONE',  ( 1.147672671593931160, 2.999900000000000233, 0.3480305999690833096 ) ) ;
#107 = MECHANICAL_DESIGN_GEOMETRIC_PRESENTATION_REPRESENTATION (  '', ( #3601 ), #1246 ) ;
#108 = PRESENTATION_LAYER_ASSIGNMENT (  '', '', ( #2154 ) ) ;
#109 = FACE_OUTER_BOUND ( 'NONE', #4497, .T. ) ;
#110 = LINE ( 'NONE', #1942, #1477 ) ;
#111 = CARTESIAN_POINT ( 'NONE',  ( 1.142720842757629418, 3.000000000000000444, -0.9798606003582994717 ) ) ;
#112 = EDGE_CURVE ( 'NONE', #427, #2242, #3290, .T. ) ;
#113 = PRESENTATION_LAYER_ASSIGNMENT (  '', '', ( #1781 ) ) ;
#114 = PRESENTATION_LAYER_ASSIGNMENT (  '', '', ( #879 ) ) ;
#115 = LINE ( 'NONE', #4171, #1606 ) ;
#116 = EDGE_CURVE ( 'NONE', #3818, #2911, #4064, .T. ) ;
#117 = ORIENTED_EDGE ( 'NONE', *, *, #1928, .F. ) ;
#118 = DIRECTION ( 'NONE',  ( -0.000000000000000000, 1.000000000000000000, -0.000000000000000000 ) ) ;
#119 = CARTESIAN_POINT ( 'NONE',  ( 1.142690712998739588, 3.000000000000000000, -0.6146261206282154221 ) ) ;
#120 = CARTESIAN_POINT ( 'NONE',  ( 1.143354133692981112, 3.000000000000000000, 0.2994110420057710109 ) ) ;
#121 = ORIENTED_EDGE ( 'NONE', *, *, #1960, .F. ) ;
#122 = DIRECTION ( 'NONE',  ( -0.000000000000000000, 0.000000000000000000, -1.000000000000000000 ) ) ;
#123 = PRESENTATION_STYLE_ASSIGNMENT (( #1933 ) ) ;
#124 = STYLED_ITEM ( 'NONE', ( #2732 ), #4294 ) ;
#125 = ORIENTED_EDGE ( 'NONE', *, *, #203, .T. ) ;
#126 = ADVANCED_FACE ( 'NONE', ( #4397 ), #1776, .T. ) ;
#127 = CARTESIAN_POINT ( 'NONE',  ( 1.181887395167976917, 2.999999999999999556, 0.5215738858509758602 ) ) ;
#128 = STYLED_ITEM ( 'NONE', ( #3523 ), #4447 ) ;
#129 = CARTESIAN_POINT ( 'NONE',  ( 1.213334361882071777, 2.999900000000000677, 0.5343765560452014007 ) ) ;
#130 = CARTESIAN_POINT ( 'NONE',  ( -0.8275196214094782121, 3.000000000000000000, 1.076720472440948484 ) ) ;
#131 = ORIENTED_EDGE ( 'NONE', *, *, #466, .F. ) ;
#132 = CARTESIAN_POINT ( 'NONE',  ( 2.642673057520803503, 2.999899999999998901, 0.6397636803903865577 ) ) ;
#133 = CARTESIAN_POINT ( 'NONE',  ( 2.629964885561349330, 2.999999999999999556, 0.5115929380281439842 ) ) ;
#134 = CARTESIAN_POINT ( 'NONE',  ( 2.642690712998739588, 2.999900000000000233, 0.2894409749600200255 ) ) ;
#135 = CARTESIAN_POINT ( 'NONE',  ( 1.175344842613581742, 3.000000000000000000, -1.090351046262059587 ) ) ;
#136 = DIRECTION ( 'NONE',  ( -0.000000000000000000, 1.000000000000000000, -0.000000000000000000 ) ) ;
#137 = B_SPLINE_CURVE_WITH_KNOTS ( 'NONE', 3,
 ( #3863, #2065, #4084, #3419 ),
 .UNSPECIFIED., .F., .F.,
 ( 4, 4 ),
 ( 0.3636363636363636465, 0.4545454545454545858 ),
 .UNSPECIFIED. ) ;
#138 = EDGE_CURVE ( 'NONE', #2197, #3475, #4183, .T. ) ;
#139 = ORIENTED_EDGE ( 'NONE', *, *, #1575, .F. ) ;
#140 = CARTESIAN_POINT ( 'NONE',  ( 2.636771313881897338, 2.999900000000001121, 1.602336668878354686 ) ) ;
#141 = CARTESIAN_POINT ( 'NONE',  ( 1.181946779667098824, 2.999899999999999789, -0.8668667010757199476 ) ) ;
#142 = CARTESIAN_POINT ( 'NONE',  ( 1.220930602704621837, 3.000000000000000000, -0.6970020397458623895 ) ) ;
#143 = CARTESIAN_POINT ( 'NONE',  ( 1.143354133692981112, 3.000000000000000444, 1.534705159652830053 ) ) ;
#144 = PLANE ( 'NONE',  #1402 ) ;
#145 = EDGE_LOOP ( 'NONE', ( #3060, #1742, #515, #4556 ) ) ;
#146 =( NAMED_UNIT ( * ) PLANE_ANGLE_UNIT ( ) SI_UNIT ( $, .RADIAN. ) );
#147 = CARTESIAN_POINT ( 'NONE',  ( 1.143951580070068585, 3.000000000000000444, 1.446193263310085131 ) ) ;
#148 = ORIENTED_EDGE ( 'NONE', *, *, #4027, .F. ) ;
#149 = CARTESIAN_POINT ( 'NONE',  ( -1.608094424559088464, 2.999900000000000233, -0.3819212598425155147 ) ) ;
#150 =( NAMED_UNIT ( * ) PLANE_ANGLE_UNIT ( ) SI_UNIT ( $, .RADIAN. ) );
#151 = CARTESIAN_POINT ( 'NONE',  ( -0.6555708025118480720, 3.000000000000000000, -0.6561377952755882426 ) ) ;
#152 = VERTEX_POINT ( 'NONE', #3849 ) ;
#153 = CARTESIAN_POINT ( 'NONE',  ( 1.154045461959794405, 2.999900000000000233, 1.598120012308643201 ) ) ;
#154 =( LENGTH_UNIT ( ) NAMED_UNIT ( * ) SI_UNIT ( .MILLI., .METRE. ) );
#155 =( NAMED_UNIT ( * ) PLANE_ANGLE_UNIT ( ) SI_UNIT ( $, .RADIAN. ) );
#156 = PLANE ( 'NONE',  #1355 ) ;
#157 = CARTESIAN_POINT ( 'NONE',  ( 1.175322422394289079, 2.999900000000000233, -0.5035271435553383412 ) ) ;
#158 = ORIENTED_EDGE ( 'NONE', *, *, #4474, .T. ) ;
#159 = CARTESIAN_POINT ( 'NONE',  ( 1.220930602704621837, 3.000000000000000000, -1.932296157392921154 ) ) ;
#160 = MECHANICAL_DESIGN_GEOMETRIC_PRESENTATION_REPRESENTATION (  '', ( #4280 ), #2860 ) ;
#161 = ADVANCED_FACE ( 'NONE', ( #1293 ), #3473, .F. ) ;
#162 = CARTESIAN_POINT ( 'NONE',  ( 2.564450823292857340, 2.999900000000000233, -0.7135461573929211543 ) ) ;
#163 = DIRECTION ( 'NONE',  ( 0.000000000000000000, -1.000000000000000000, 0.000000000000000000 ) ) ;
#164 = UNCERTAINTY_MEASURE_WITH_UNIT (LENGTH_MEASURE( 1.000000000000000082E-05 ), #3945, 'distance_accuracy_value', 'NONE');
#165 = VECTOR ( 'NONE', #2171, 1000.000000000000000 ) ;
#166 = DIRECTION ( 'NONE',  ( 3.535766474554691753E-13, 1.000000000000000000, 7.499194256974707465E-13 ) ) ;
#167 =( GEOMETRIC_REPRESENTATION_CONTEXT ( 3 ) GLOBAL_UNCERTAINTY_ASSIGNED_CONTEXT ( ( #2875 ) ) GLOBAL_UNIT_ASSIGNED_CONTEXT ( ( #3097, #2352, #3893 ) ) REPRESENTATION_CONTEXT ( 'NONE', 'WORKASPACE' ) );
#168 = CARTESIAN_POINT ( 'NONE',  ( -1.399055054480345284, 3.000000000000000000, 0.9207283464566988762 ) ) ;
#169 = CARTESIAN_POINT ( 'NONE',  ( 1.142722440240110604, 2.999900000000000677, 0.6307761071742298276 ) ) ;
#170 = B_SPLINE_CURVE_WITH_KNOTS ( 'NONE', 3,
 ( #3838, #2298, #4562, #1944, #1283, #559, #3763, #2022, #3045, #1535, #412 ),
 .UNSPECIFIED., .F., .F.,
 ( 4, 1, 1, 1, 1, 1, 1, 1, 4 ),
 ( 0.000000000000000000, 0.2090174448045498123, 0.3701215845098708157, 0.4868884033316097093, 0.5748632755078627588, 0.6458207185090946156, 0.7281441267704361620, 0.8423061535616729323, 1.000000000000000000 ),
 .UNSPECIFIED. ) ;
#171 = VECTOR ( 'NONE', #1552, 1000.000000000000000 ) ;
#172 = EDGE_CURVE ( 'NONE', #1764, #2308, #935, .T. ) ;
#173 = FILL_AREA_STYLE_COLOUR ( '', #2866 ) ;
#174 = CARTESIAN_POINT ( 'NONE',  ( 1.200042968348131067, 2.999999999999999556, 0.3608046952921286632 ) ) ;
#175 = STYLED_ITEM ( 'NONE', ( #1128 ), #99 ) ;
#176 = ORIENTED_EDGE ( 'NONE', *, *, #2198, .T. ) ;
#177 = ORIENTED_EDGE ( 'NONE', *, *, #513, .F. ) ;
#178 = CARTESIAN_POINT ( 'NONE',  ( 1.148772520324219615, 2.999900000000001121, 0.5441857298222008144 ) ) ;
#179 = CARTESIAN_POINT ( 'NONE',  ( 2.641323004694411392, 3.000000000000001776, -0.5698892122843346453 ) ) ;
#180 = ORIENTED_EDGE ( 'NONE', *, *, #1324, .T. ) ;
#181 = CARTESIAN_POINT ( 'NONE',  ( 2.635047234864875687, 2.999900000000001121, 0.6996747213392368048 ) ) ;
#182 = PRESENTATION_STYLE_ASSIGNMENT (( #3113 ) ) ;
#183 = LINE ( 'NONE', #3440, #1107 ) ;
#184 = SURFACE_STYLE_FILL_AREA ( #947 ) ;
#185 = VECTOR ( 'NONE', #2736, 1000.000000000000000 ) ;
#186 = CARTESIAN_POINT ( 'NONE',  ( 2.635606768424067603, 2.999900000000000233, -1.033984895653615732 ) ) ;
#187 =( GEOMETRIC_REPRESENTATION_CONTEXT ( 3 ) GLOBAL_UNCERTAINTY_ASSIGNED_CONTEXT ( ( #771 ) ) GLOBAL_UNIT_ASSIGNED_CONTEXT ( ( #3170, #4276, #4302 ) ) REPRESENTATION_CONTEXT ( 'NONE', 'WORKASPACE' ) );
#188 = CARTESIAN_POINT ( 'NONE',  ( 2.564450823292857784, 3.000000000000000444, -1.948840275039980474 ) ) ;
#189 = ORIENTED_EDGE ( 'NONE', *, *, #1216, .T. ) ;
#190 = CARTESIAN_POINT ( 'NONE',  ( 2.642539632016172924, 2.999900000000001121, 1.556265576933502315 ) ) ;
#191 = CARTESIAN_POINT ( 'NONE',  ( 2.639169935549310786, 3.000000000000000444, 1.451371765112962287 ) ) ;
#192 = FILL_AREA_STYLE_COLOUR ( '', #3495 ) ;
#193 = CARTESIAN_POINT ( 'NONE',  ( -1.608094424559088464, 3.000000000000000000, -0.3819212598425155147 ) ) ;
#194 = VECTOR ( 'NONE', #549, 1000.000000000000000 ) ;
#195 = CARTESIAN_POINT ( 'NONE',  ( 2.564450823292857340, 3.000000000000000000, 0.3683702029011965418 ) ) ;
#196 = CARTESIAN_POINT ( 'NONE',  ( 1.154045461959793961, 2.999900000000000233, 0.3628258946615842695 ) ) ;
#197 = DIRECTION ( 'NONE',  ( -0.000000000000000000, 1.000000000000000000, -0.000000000000000000 ) ) ;
#198 = B_SPLINE_CURVE_WITH_KNOTS ( 'NONE', 3,
 ( #3259, #1951, #2559, #2227 ),
 .UNSPECIFIED., .F., .F.,
 ( 4, 4 ),
 ( 0.5454545454545455252, 0.6363636363636364646 ),
 .UNSPECIFIED. ) ;
#199 = ORIENTED_EDGE ( 'NONE', *, *, #2690, .T. ) ;
#200 = CARTESIAN_POINT ( 'NONE',  ( 2.642636186262781628, 3.000000000000000888, 1.536114780270610991 ) ) ;
#201 = EDGE_LOOP ( 'NONE', ( #3270, #455, #2795, #1702 ) ) ;
#202 = COLOUR_RGB ( '',1.000000000000000000, 1.000000000000000000, 1.000000000000000000 ) ;
#203 = EDGE_CURVE ( 'NONE', #1356, #303, #3131, .T. ) ;
#204 = CARTESIAN_POINT ( 'NONE',  ( -1.283948755267751096, 2.999900000000000233, 0.4673622047244164190 ) ) ;
#205 = DIRECTION ( 'NONE',  ( -0.000000000000000000, 1.000000000000000000, -0.000000000000000000 ) ) ;
#206 = ORIENTED_EDGE ( 'NONE', *, *, #1739, .T. ) ;
#207 = CARTESIAN_POINT ( 'NONE',  ( 2.641323004694411392, 3.000000000000002665, 0.6654049053627252297 ) ) ;
#208 = ORIENTED_EDGE ( 'NONE', *, *, #459, .F. ) ;
#209 = DIRECTION ( 'NONE',  ( 0.8644584418281030525, 0.000000000000000000, -0.5027042891722012241 ) ) ;
#210 = VECTOR ( 'NONE', #567, 1000.000000000000227 ) ;
#211 = CARTESIAN_POINT ( 'NONE',  ( 2.607189793881092399, 3.000000000000000444, -1.740315458863509468 ) ) ;
#212 = CARTESIAN_POINT ( 'NONE',  ( 1.169738862666132251, 2.999899999999999789, -0.5073267487490195071 ) ) ;
#213 = LINE ( 'NONE', #4296, #4592 ) ;
#214 = CARTESIAN_POINT ( 'NONE',  ( 1.166537727726018714, 2.999899999999999789, -0.8654582055442724409 ) ) ;
#215 = CARTESIAN_POINT ( 'NONE',  ( 1.149120405164141268, 3.000000000000000444, -1.060119710834706241 ) ) ;
#216 = COLOUR_RGB ( '',1.000000000000000000, 1.000000000000000000, 1.000000000000000000 ) ;
#217 = CARTESIAN_POINT ( 'NONE',  ( -1.608094424559088464, 3.000000000000000000, -0.3819212598425155147 ) ) ;
#218 = UNCERTAINTY_MEASURE_WITH_UNIT (LENGTH_MEASURE( 1.000000000000000082E-05 ), #2443, 'distance_accuracy_value', 'NONE');
#219 = CARTESIAN_POINT ( 'NONE',  ( 2.618218846677510481, 3.000000000000000000, -1.967658388452810492 ) ) ;
#220 = DIRECTION ( 'NONE',  ( 0.5150680234078904851, 0.000000000000000000, -0.8571493051170775423 ) ) ;
#221 = VECTOR ( 'NONE', #2102, 1000.000000000000000 ) ;
#222 = CARTESIAN_POINT ( 'NONE',  ( -2.644999999999999130, -0.1000000000000000056, -2.500000000000000000 ) ) ;
#223 = CARTESIAN_POINT ( 'NONE',  ( 1.876491264469327680, 2.999900000000000233, 0.9291468573129614272 ) ) ;
#224 = ORIENTED_EDGE ( 'NONE', *, *, #3354, .T. ) ;
#225 = CARTESIAN_POINT ( 'NONE',  ( 2.607189793881092399, 3.000000000000000000, 0.1684621146659023849 ) ) ;
#226 = VERTEX_POINT ( 'NONE', #4617 ) ;
#227 = CARTESIAN_POINT ( 'NONE',  ( 1.148772520324219615, 3.000000000000000888, 0.5441857298222008144 ) ) ;
#228 = DIRECTION ( 'NONE',  ( -0.8599778663242776400, 0.000000000000000000, 0.5103313329909725526 ) ) ;
#229 = ORIENTED_EDGE ( 'NONE', *, *, #1451, .T. ) ;
#230 = CARTESIAN_POINT ( 'NONE',  ( -0.8275196214094782121, 2.999900000000000233, 1.076720472440948484 ) ) ;
#231 = B_SPLINE_CURVE_WITH_KNOTS ( 'NONE', 3,
 ( #3859, #2059, #2764, #2107, #3931, #2818, #1678, #627, #970, #1700, #4287 ),
 .UNSPECIFIED., .F., .F.,
 ( 4, 1, 1, 1, 1, 1, 1, 1, 4 ),
 ( 0.000000000000000000, 0.08269940838263233063, 0.1609352856402981591, 0.2384022412677351266, 0.3252932597831262318, 0.4321161260274608562, 0.5729322032451388269, 0.7592645677637461787, 1.000000000000000000 ),
 .UNSPECIFIED. ) ;
#232 = ORIENTED_EDGE ( 'NONE', *, *, #3340, .F. ) ;
#233 = EDGE_CURVE ( 'NONE', #2015, #2010, #1625, .T. ) ;
#234 = CARTESIAN_POINT ( 'NONE',  ( 2.642673057520803948, 2.999899999999999789, -1.830824554903731194 ) ) ;
#235 = CARTESIAN_POINT ( 'NONE',  ( 2.641316205600277911, 2.999900000000001121, -1.000017597477753206 ) ) ;
#236 = SURFACE_STYLE_USAGE ( .BOTH. , #305 ) ;
#237 = CARTESIAN_POINT ( 'NONE',  ( 2.642673057520803948, 2.999899999999999789, -1.830824554903731194 ) ) ;
#238 = CARTESIAN_POINT ( 'NONE',  ( 1.175344842613581742, 3.000000000000000444, -1.090351046262059587 ) ) ;
#239 = CARTESIAN_POINT ( 'NONE',  ( 0.000000000000000000, -0.1000000000000000056, 0.000000000000000000 ) ) ;
#240 = CARTESIAN_POINT ( 'NONE',  ( 2.564450823292857340, 3.000000000000000000, 0.3683702029011965418 ) ) ;
#241 = CARTESIAN_POINT ( 'NONE',  ( -0.8275196214094782121, 2.999900000000000233, 1.076720472440948484 ) ) ;
#242 = FACE_OUTER_BOUND ( 'NONE', #434, .T. ) ;
#243 = FACE_OUTER_BOUND ( 'NONE', #848, .T. ) ;
#244 = VECTOR ( 'NONE', #2049, 1000.000000000000114 ) ;
#245 = EDGE_CURVE ( 'NONE', #1696, #3086, #3875, .T. ) ;
#246 = CARTESIAN_POINT ( 'NONE',  ( 1.220930602704621837, 2.999900000000000233, -1.932296157392921154 ) ) ;
#247 = VECTOR ( 'NONE', #205, 1000.000000000000000 ) ;
#248 = PLANE ( 'NONE',  #4458 ) ;
#249 = VERTEX_POINT ( 'NONE', #246 ) ;
#250 = MECHANICAL_DESIGN_GEOMETRIC_PRESENTATION_REPRESENTATION (  '', ( #175 ), #2672 ) ;
#251 = B_SPLINE_CURVE_WITH_KNOTS ( 'NONE', 3,
 ( #4701, #3631, #4355, #3539 ),
 .UNSPECIFIED., .F., .F.,
 ( 4, 4 ),
 ( 0.8181818181818183433, 0.9090909090909092827 ),
 .UNSPECIFIED. ) ;
#252 = PLANE ( 'NONE',  #1855 ) ;
#253 = PLANE ( 'NONE',  #2368 ) ;
#254 = ORIENTED_EDGE ( 'NONE', *, *, #677, .F. ) ;
#255 = DIRECTION ( 'NONE',  ( -0.000000000000000000, 1.000000000000000000, -0.000000000000000000 ) ) ;
#256 = STYLED_ITEM ( 'NONE', ( #1925 ), #1599 ) ;
#257 = ORIENTED_EDGE ( 'NONE', *, *, #1085, .T. ) ;
#258 = ORIENTED_EDGE ( 'NONE', *, *, #1659, .T. ) ;
#259 =( NAMED_UNIT ( * ) PLANE_ANGLE_UNIT ( ) SI_UNIT ( $, .RADIAN. ) );
#260 = B_SPLINE_CURVE_WITH_KNOTS ( 'NONE', 3,
 ( #2222, #2148, #3684, #3608 ),
 .UNSPECIFIED., .F., .F.,
 ( 4, 4 ),
 ( 0.09090909090909091161, 0.1818181818181818232 ),
 .UNSPECIFIED. ) ;
#261 = CARTESIAN_POINT ( 'NONE',  ( 2.639295963283396773, 2.999899999999999789, -1.785550615335146363 ) ) ;
#262 = CARTESIAN_POINT ( 'NONE',  ( 2.629826558503599809, 2.999999999999999556, -0.8543567779088838687 ) ) ;
#263 = CARTESIAN_POINT ( 'NONE',  ( 1.147672671593930938, 3.000000000000000000, -0.8872635176779756216 ) ) ;
#264 = FILL_AREA_STYLE_COLOUR ( '', #3125 ) ;
#265 = CARTESIAN_POINT ( 'NONE',  ( 2.610351767915529031, 2.999900000000000677, 0.7286545385165502653 ) ) ;
#266 = EDGE_CURVE ( 'NONE', #995, #1357, #1345, .T. ) ;
#267 = EDGE_CURVE ( 'NONE', #1296, #2947, #3154, .T. ) ;
#268 = CARTESIAN_POINT ( 'NONE',  ( -2.172936944244125979, 3.000000000000000000, 0.2092480314960713517 ) ) ;
#269 = FACE_OUTER_BOUND ( 'NONE', #43, .T. ) ;
#270 =( GEOMETRIC_REPRESENTATION_CONTEXT ( 3 ) GLOBAL_UNCERTAINTY_ASSIGNED_CONTEXT ( ( #928 ) ) GLOBAL_UNIT_ASSIGNED_CONTEXT ( ( #3432, #1597, #547 ) ) REPRESENTATION_CONTEXT ( 'NONE', 'WORKASPACE' ) );
#271 = PRESENTATION_LAYER_ASSIGNMENT (  '', '', ( #3770 ) ) ;
#272 =( NAMED_UNIT ( * ) PLANE_ANGLE_UNIT ( ) SI_UNIT ( $, .RADIAN. ) );
#273 = CARTESIAN_POINT ( 'NONE',  ( 1.154027076143227415, 3.000000000000000000, 1.398620653245037815 ) ) ;
#274 = DIRECTION ( 'NONE',  ( 0.000000000000000000, -0.000000000000000000, 1.000000000000000000 ) ) ;
#275 = CARTESIAN_POINT ( 'NONE',  ( 1.220930602704621837, 3.000000000000000000, -0.8855360470988036248 ) ) ;
#276 = ADVANCED_FACE ( 'NONE', ( #1715 ), #2156, .T. ) ;
#277 = COLOUR_RGB ( '',0.1921568627450980227, 0.2039215686274509776, 0.2039215686274509776 ) ;
#278 = VECTOR ( 'NONE', #404, 999.9999999999998863 ) ;
#279 = VERTEX_POINT ( 'NONE', #4022 ) ;
#280 = FILL_AREA_STYLE ('',( #1455 ) ) ;
#281 = FILL_AREA_STYLE_COLOUR ( '', #3011 ) ;
#282 = CARTESIAN_POINT ( 'NONE',  ( 1.220930602704621837, 2.999900000000000233, 1.585052188195314349 ) ) ;
#283 = EDGE_LOOP ( 'NONE', ( #2357, #4578, #1301, #796, #189, #199, #2429, #4503, #2347, #1445, #1327 ) ) ;
#284 = PRESENTATION_STYLE_ASSIGNMENT (( #3908 ) ) ;
#285 = EDGE_CURVE ( 'NONE', #937, #1019, #2516, .T. ) ;
#286 = VERTEX_POINT ( 'NONE', #4672 ) ;
#287 = ORIENTED_EDGE ( 'NONE', *, *, #3130, .F. ) ;
#288 =( LENGTH_UNIT ( ) NAMED_UNIT ( * ) SI_UNIT ( .MILLI., .METRE. ) );
#289 = FILL_AREA_STYLE ('',( #4335 ) ) ;
#290 = CARTESIAN_POINT ( 'NONE',  ( 2.644999999999999130, -0.1000000000000000056, -2.500000000000000444 ) ) ;
#291 = AXIS2_PLACEMENT_3D ( 'NONE', #4680, #4377, #341 ) ;
#292 = CARTESIAN_POINT ( 'NONE',  ( 2.629964885561349330, 2.999900000000000233, -1.958995297265973878 ) ) ;
#293 = EDGE_CURVE ( 'NONE', #226, #2964, #3927, .T. ) ;
#294 = DIRECTION ( 'NONE',  ( -0.000000000000000000, -1.000000000000000000, -0.000000000000000000 ) ) ;
#295 =( NAMED_UNIT ( * ) SI_UNIT ( $, .STERADIAN. ) SOLID_ANGLE_UNIT ( ) );
#296 =( LENGTH_UNIT ( ) NAMED_UNIT ( * ) SI_UNIT ( .MILLI., .METRE. ) );
#297 = CARTESIAN_POINT ( 'NONE',  ( 1.881316632116386556, 2.999900000000000233, -1.277424833863509690 ) ) ;
#298 = CARTESIAN_POINT ( 'NONE',  ( 2.584854964514850639, 2.999900000000000677, 0.5105523376898889465 ) ) ;
#299 = CARTESIAN_POINT ( 'NONE',  ( 1.213334361882071555, 2.999900000000000677, -1.936211679248916573 ) ) ;
#300 = FILL_AREA_STYLE ('',( #3156 ) ) ;
#301 = VERTEX_POINT ( 'NONE', #4373 ) ;
#302 = LINE ( 'NONE', #4650, #2936 ) ;
#303 = VERTEX_POINT ( 'NONE', #4348 ) ;
#304 = DIRECTION ( 'NONE',  ( -0.4928590400114340464, 0.000000000000000000, -0.8701091694029018386 ) ) ;
#305 = SURFACE_SIDE_STYLE ('',( #2772 ) ) ;
#306 = LINE ( 'NONE', #3120, #1920 ) ;
#307 = AXIS2_PLACEMENT_3D ( 'NONE', #239, #163, #1338 ) ;
#308 = CARTESIAN_POINT ( 'NONE',  ( 0.4118740793779169795, 2.999900000000000233, -0.2717755905511823888 ) ) ;
#309 = LINE ( 'NONE', #2505, #2057 ) ;
#310 = CARTESIAN_POINT ( 'NONE',  ( 2.640243940541739498, 2.999900000000000677, 0.3474100946828813652 ) ) ;
#311 = EDGE_CURVE ( 'NONE', #1167, #414, #3238, .T. ) ;
#312 = FILL_AREA_STYLE_COLOUR ( '', #1605 ) ;
#313 =( GEOMETRIC_REPRESENTATION_CONTEXT ( 3 ) GLOBAL_UNCERTAINTY_ASSIGNED_CONTEXT ( ( #723 ) ) GLOBAL_UNIT_ASSIGNED_CONTEXT ( ( #2827, #3516, #3562 ) ) REPRESENTATION_CONTEXT ( 'NONE', 'WORKASPACE' ) );
#314 =( NAMED_UNIT ( * ) PLANE_ANGLE_UNIT ( ) SI_UNIT ( $, .RADIAN. ) );
#315 = EDGE_CURVE ( 'NONE', #1511, #3347, #3554, .T. ) ;
#316 = VECTOR ( 'NONE', #4454, 1000.000000000000000 ) ;
#317 = DIRECTION ( 'NONE',  ( -0.000000000000000000, -1.000000000000000000, -0.000000000000000000 ) ) ;
#318 = ORIENTED_EDGE ( 'NONE', *, *, #2933, .T. ) ;
#319 = ORIENTED_EDGE ( 'NONE', *, *, #762, .T. ) ;
#320 = CARTESIAN_POINT ( 'NONE',  ( -2.644999999999999130, -0.1000000000000000056, -2.500000000000000000 ) ) ;
#321 = PLANE ( 'NONE',  #2366 ) ;
#322 = PRESENTATION_LAYER_ASSIGNMENT (  '', '', ( #1087 ) ) ;
#323 = CARTESIAN_POINT ( 'NONE',  ( 2.636771313881896450, 2.999899999999999789, -0.8682515664157633983 ) ) ;
#324 = DIRECTION ( 'NONE',  ( 0.5095424031107078644, 0.000000000000000000, 0.8604455470465083300 ) ) ;
#325 = B_SPLINE_CURVE_WITH_KNOTS ( 'NONE', 3,
 ( #3936, #1378, #4682, #3865, #2435, #3489, #3916, #3890, #660, #978, #2069 ),
 .UNSPECIFIED., .F., .F.,
 ( 4, 1, 1, 1, 1, 1, 1, 1, 4 ),
 ( 0.000000000000000000, 0.08269940838263134530, 0.1609352856402981868, 0.2384022412677344882, 0.3252932597831255657, 0.4321161260274609672, 0.5729322032451371616, 0.7592645677637445134, 1.000000000000000000 ),
 .UNSPECIFIED. ) ;
#326 = EDGE_CURVE ( 'NONE', #1955, #937, #3785, .T. ) ;
#327 = CARTESIAN_POINT ( 'NONE',  ( 1.734142918881092399, 3.000000000000000000, -1.415981819157627219 ) ) ;
#328 = EDGE_CURVE ( 'NONE', #1899, #1910, #3623, .T. ) ;
#329 = LINE ( 'NONE', #1773, #1227 ) ;
#330 =( NAMED_UNIT ( * ) PLANE_ANGLE_UNIT ( ) SI_UNIT ( $, .RADIAN. ) );
#331 = DIRECTION ( 'NONE',  ( -0.000000000000000000, 1.000000000000000000, -0.000000000000000000 ) ) ;
#332 = CARTESIAN_POINT ( 'NONE',  ( 1.161530783382918042, 3.000000000000000444, 0.1553855017634269697 ) ) ;
#333 = CARTESIAN_POINT ( 'NONE',  ( 2.639169935549310786, 2.999899999999999345, -1.019216470181155465 ) ) ;
#334 = VECTOR ( 'NONE', #1470, 1000.000000000000000 ) ;
#335 = B_SPLINE_SURFACE_WITH_KNOTS ( 'NONE', 3, 1, ( 
 ( #4390, #2134 ),
 ( #516, #3794 ),
 ( #1616, #4101 ),
 ( #2279, #2655 ),
 ( #3094, #1973 ),
 ( #3721, #835 ),
 ( #4121, #858 ),
 ( #3385, #95 ),
 ( #4488, #4174 ),
 ( #1901, #2323 ),
 ( #3446, #1190 ) ),
 .UNSPECIFIED., .F., .F., .F.,
 ( 4, 1, 1, 1, 1, 1, 1, 1, 4 ),
 ( 2, 2 ),
 ( 0.000000000000000000, 0.2009044012478315988, 0.3599846282170894862, 0.4835952109184644687, 0.5715364693554766395, 0.6460191871590637014, 0.7285858147531647511, 0.8430130251172092137, 0.9999999999999998890 ),
 ( 0.000000000000000000, 1.000000000000000000 ),
 .UNSPECIFIED. ) ;
#336 = CARTESIAN_POINT ( 'NONE',  ( 2.610351767915529031, 2.999900000000000677, -0.5066395791305088325 ) ) ;
#337 = CARTESIAN_POINT ( 'NONE',  ( 1.876491264469327680, 2.999900000000000233, 0.9291468573129614272 ) ) ;
#338 =( LENGTH_UNIT ( ) NAMED_UNIT ( * ) SI_UNIT ( .MILLI., .METRE. ) );
#339 = CARTESIAN_POINT ( 'NONE',  ( 1.161530783382917820, 2.999999999999999556, 1.390679619410485790 ) ) ;
#340 = ORIENTED_EDGE ( 'NONE', *, *, #1061, .F. ) ;
#341 = DIRECTION ( 'NONE',  ( -0.8660872391925200642, 0.000000000000000000, -0.4998928826337484255 ) ) ;
#342 = UNCERTAINTY_MEASURE_WITH_UNIT (LENGTH_MEASURE( 1.000000000000000082E-05 ), #3355, 'distance_accuracy_value', 'NONE');
#343 = CARTESIAN_POINT ( 'NONE',  ( 0.7694291974881546370, 3.000000000000000000, -0.3560984251968530301 ) ) ;
#344 = SURFACE_SIDE_STYLE ('',( #4457 ) ) ;
#345 = SURFACE_SIDE_STYLE ('',( #1866 ) ) ;
#346 = CARTESIAN_POINT ( 'NONE',  ( 1.142690712998739588, 2.999900000000000233, 0.2660034749600200255 ) ) ;
#347 = CARTESIAN_POINT ( 'NONE',  ( -0.6555708025118480720, 2.999900000000000233, -0.6561377952755882426 ) ) ;
#348 = UNCERTAINTY_MEASURE_WITH_UNIT (LENGTH_MEASURE( 1.000000000000000082E-05 ), #2468, 'distance_accuracy_value', 'NONE');
#349 = CARTESIAN_POINT ( 'NONE',  ( -2.943241815541270956, 2.999900000000000233, 2.819567424523459209 ) ) ;
#350 = PRESENTATION_LAYER_ASSIGNMENT (  '', '', ( #980 ) ) ;
#351 = CARTESIAN_POINT ( 'NONE',  ( 1.142690712998739588, 3.000000000000000000, 0.6206679970188436757 ) ) ;
#352 = CARTESIAN_POINT ( 'NONE',  ( 1.178191632116386556, 2.999900000000000233, -1.092682186804686095 ) ) ;
#353 = CARTESIAN_POINT ( 'NONE',  ( -1.608094424559088464, 3.000000000000000000, -0.3819212598425155147 ) ) ;
#354 = CARTESIAN_POINT ( 'NONE',  ( 2.015737587998739588, 2.999900000000000233, 1.065291158783549630 ) ) ;
#355 = CARTESIAN_POINT ( 'NONE',  ( 1.200201249945043180, 2.999900000000001565, -0.7076870924827134424 ) ) ;
#356 = CARTESIAN_POINT ( 'NONE',  ( 2.642646007643794981, 2.999900000000000233, -0.6379568434597616688 ) ) ;
#357 = CARTESIAN_POINT ( 'NONE',  ( 2.607189793881092399, 3.000000000000000444, -0.5050213412164505922 ) ) ;
#358 = SURFACE_STYLE_FILL_AREA ( #3624 ) ;
#359 = CARTESIAN_POINT ( 'NONE',  ( 1.881316632116386556, 3.000000000000000000, -1.277424833863509690 ) ) ;
#360 = CARTESIAN_POINT ( 'NONE',  ( 1.142690712998739588, 3.000000000000000000, 1.501297592607079068 ) ) ;
#361 = VERTEX_POINT ( 'NONE', #2814 ) ;
#362 = DIRECTION ( 'NONE',  ( 0.000000000000000000, 0.000000000000000000, 1.000000000000000000 ) ) ;
#363 = DIRECTION ( 'NONE',  ( -1.000000000000000000, -0.000000000000000000, 3.453728408488213260E-15 ) ) ;
#364 = FACE_OUTER_BOUND ( 'NONE', #2192, .T. ) ;
#365 = VERTEX_POINT ( 'NONE', #1389 ) ;
#366 = CARTESIAN_POINT ( 'NONE',  ( 1.166518503127166762, 2.999900000000000233, -0.7140105385491253287 ) ) ;
#367 = EDGE_CURVE ( 'NONE', #4422, #1857, #999, .T. ) ;
#368 = DIRECTION ( 'NONE',  ( -0.8599778663242776400, 0.000000000000000000, 0.5103313329909725526 ) ) ;
#369 = CARTESIAN_POINT ( 'NONE',  ( 2.641316205600277023, 2.999999999999999112, 1.470570637816364545 ) ) ;
#370 = CARTESIAN_POINT ( 'NONE',  ( 0.7799370715039031232, 2.999900000000000233, -0.02874015748031673659 ) ) ;
#371 = EDGE_LOOP ( 'NONE', ( #4510, #478, #3157, #2534 ) ) ;
#372 = CARTESIAN_POINT ( 'NONE',  ( 1.220930602704621837, 2.999900000000000233, -0.6970020397458623895 ) ) ;
#373 =( NAMED_UNIT ( * ) PLANE_ANGLE_UNIT ( ) SI_UNIT ( $, .RADIAN. ) );
#374 = CARTESIAN_POINT ( 'NONE',  ( 2.639169935549310786, 2.999999999999999112, -1.019216470181155465 ) ) ;
#375 =( LENGTH_UNIT ( ) NAMED_UNIT ( * ) SI_UNIT ( .MILLI., .METRE. ) );
#376 = CARTESIAN_POINT ( 'NONE',  ( 2.015737587998739588, 2.999900000000000233, -0.1700029588635093569 ) ) ;
#377 = PRESENTATION_STYLE_ASSIGNMENT (( #3625 ) ) ;
#378 = LINE ( 'NONE', #2519, #624 ) ;
#379 = CARTESIAN_POINT ( 'NONE',  ( 1.142774914274141018, 3.000000000000000888, 1.471758560445705077 ) ) ;
#380 = VERTEX_POINT ( 'NONE', #1105 ) ;
#381 = MECHANICAL_DESIGN_GEOMETRIC_PRESENTATION_REPRESENTATION (  '', ( #3277 ), #313 ) ;
#382 = CARTESIAN_POINT ( 'NONE',  ( 1.394999999999999796, -0.1000000000000000056, 2.500000000000000444 ) ) ;
#383 = UNCERTAINTY_MEASURE_WITH_UNIT (LENGTH_MEASURE( 1.000000000000000082E-05 ), #1768, 'distance_accuracy_value', 'NONE');
#384 = VECTOR ( 'NONE', #838, 1000.000000000000000 ) ;
#385 = CARTESIAN_POINT ( 'NONE',  ( 2.642636186262781628, 3.000000000000000888, -0.9344734550235077597 ) ) ;
#386 = CARTESIAN_POINT ( 'NONE',  ( 2.602780714937743323, 2.999999999999999556, 0.5036759459540341988 ) ) ;
#387 = ORIENTED_EDGE ( 'NONE', *, *, #3251, .T. ) ;
#388 = CARTESIAN_POINT ( 'NONE',  ( 1.178191632116386556, 2.999900000000000233, 0.1426119308423729748 ) ) ;
#389 =( GEOMETRIC_REPRESENTATION_CONTEXT ( 3 ) GLOBAL_UNCERTAINTY_ASSIGNED_CONTEXT ( ( #2145 ) ) GLOBAL_UNIT_ASSIGNED_CONTEXT ( ( #4449, #3843, #4572 ) ) REPRESENTATION_CONTEXT ( 'NONE', 'WORKASPACE' ) );
#390 = CARTESIAN_POINT ( 'NONE',  ( 3.355000000000000870, 3.000000000000000000, -3.454999999999999627 ) ) ;
#391 = CARTESIAN_POINT ( 'NONE',  ( 1.161416586822690222, 2.999900000000000677, 0.7223281781600243701 ) ) ;
#392 = VECTOR ( 'NONE', #3649, 1000.000000000000000 ) ;
#393 = COLOUR_RGB ( '',1.000000000000000000, 1.000000000000000000, 1.000000000000000000 ) ;
#394 = EDGE_LOOP ( 'NONE', ( #2406, #2182, #3901, #3779 ) ) ;
#395 = PLANE ( 'NONE',  #2455 ) ;
#396 = CARTESIAN_POINT ( 'NONE',  ( 2.607189793881092843, 2.999900000000000233, 1.403756232312961538 ) ) ;
#397 = FILL_AREA_STYLE_COLOUR ( '', #393 ) ;
#398 = ADVANCED_FACE ( 'NONE', ( #2882 ), #4000, .T. ) ;
#399 = MECHANICAL_DESIGN_GEOMETRIC_PRESENTATION_REPRESENTATION (  '', ( #4368 ), #863 ) ;
#400 = SURFACE_STYLE_FILL_AREA ( #4370 ) ;
#401 = ADVANCED_FACE ( 'NONE', ( #1591 ), #3797, .T. ) ;
#402 = LINE ( 'NONE', #1878, #4228 ) ;
#403 =( NAMED_UNIT ( * ) PLANE_ANGLE_UNIT ( ) SI_UNIT ( $, .RADIAN. ) );
#404 = DIRECTION ( 'NONE',  ( 0.8589240550050706302, 0.000000000000000000, 0.5121029854762092492 ) ) ;
#405 = PRESENTATION_LAYER_ASSIGNMENT (  '', '', ( #2310 ) ) ;
#406 = EDGE_CURVE ( 'NONE', #2867, #3110, #3695, .T. ) ;
#407 = STYLED_ITEM ( 'NONE', ( #2486 ), #1971 ) ;
#408 = CARTESIAN_POINT ( 'NONE',  ( -1.608094424559088464, 2.999900000000000233, -0.3819212598425155147 ) ) ;
#409 = VERTEX_POINT ( 'NONE', #4491 ) ;
#410 = DIRECTION ( 'NONE',  ( -0.000000000000000000, 1.000000000000000000, -0.000000000000000000 ) ) ;
#411 = FILL_AREA_STYLE_COLOUR ( '', #4674 ) ;
#412 = CARTESIAN_POINT ( 'NONE',  ( 2.564450823292857340, 2.999900000000000233, -0.8669239147458623895 ) ) ;
#413 = EDGE_CURVE ( 'NONE', #829, #1899, #2305, .T. ) ;
#414 = VERTEX_POINT ( 'NONE', #1875 ) ;
#415 =( LENGTH_UNIT ( ) NAMED_UNIT ( * ) SI_UNIT ( .MILLI., .METRE. ) );
#416 = PRESENTATION_LAYER_ASSIGNMENT (  '', '', ( #3537 ) ) ;
#417 = SURFACE_STYLE_FILL_AREA ( #4726 ) ;
#418 = CARTESIAN_POINT ( 'NONE',  ( 1.142774914274140352, 2.999900000000000233, 0.2364644427986457020 ) ) ;
#419 = B_SPLINE_CURVE_WITH_KNOTS ( 'NONE', 3,
 ( #2302, #2631, #3740, #3364, #903, #3766, #1210, #2348, #3422, #1544, #159 ),
 .UNSPECIFIED., .F., .F.,
 ( 4, 1, 1, 1, 1, 1, 1, 1, 4 ),
 ( 0.000000000000000000, 0.2009044012478315988, 0.3599846282170894862, 0.4835952109184644687, 0.5715364693554766395, 0.6460191871590637014, 0.7285858147531647511, 0.8430130251172092137, 0.9999999999999998890 ),
 .UNSPECIFIED. ) ;
#420 = B_SPLINE_SURFACE_WITH_KNOTS ( 'NONE', 3, 1, ( 
 ( #1344, #2974 ),
 ( #1848, #1872 ),
 ( #1902, #2579 ),
 ( #3987, #353 ) ),
 .UNSPECIFIED., .F., .F., .F.,
 ( 4, 4 ),
 ( 2, 2 ),
 ( 0.6363636363636364646, 0.7272727272727274039 ),
 ( 0.000000000000000000, 1.000000000000000000 ),
 .UNSPECIFIED. ) ;
#421 = CARTESIAN_POINT ( 'NONE',  ( 0.3034685675668905014, 3.000000000000000000, -1.102125984251969282 ) ) ;
#422 = ORIENTED_EDGE ( 'NONE', *, *, #413, .T. ) ;
#423 = CARTESIAN_POINT ( 'NONE',  ( 2.642682354305278647, 2.999900000000000233, 1.514161919570959913 ) ) ;
#424 = PRESENTATION_STYLE_ASSIGNMENT (( #4392 ) ) ;
#425 = DIRECTION ( 'NONE',  ( 0.8604455470465084410, 0.000000000000000000, -0.5095424031107078644 ) ) ;
#426 = SURFACE_SIDE_STYLE ('',( #3696 ) ) ;
#427 = VERTEX_POINT ( 'NONE', #4639 ) ;
#428 = CARTESIAN_POINT ( 'NONE',  ( 1.394999999999999796, -0.1000000000000000056, 2.500000000000000444 ) ) ;
#429 = STYLED_ITEM ( 'NONE', ( #2168 ), #4196 ) ;
#430 = SURFACE_SIDE_STYLE ('',( #3673 ) ) ;
#431 = AXIS2_PLACEMENT_3D ( 'NONE', #222, #2054, #4205 ) ;
#432 = CARTESIAN_POINT ( 'NONE',  ( 1.142774914274141018, 2.999900000000001121, 1.471758560445705077 ) ) ;
#433 =( GEOMETRIC_REPRESENTATION_CONTEXT ( 3 ) GLOBAL_UNCERTAINTY_ASSIGNED_CONTEXT ( ( #218 ) ) GLOBAL_UNIT_ASSIGNED_CONTEXT ( ( #2443, #1029, #4322 ) ) REPRESENTATION_CONTEXT ( 'NONE', 'WORKASPACE' ) );
#434 = EDGE_LOOP ( 'NONE', ( #3858, #287, #318, #2820 ) ) ;
#435 = VECTOR ( 'NONE', #777, 1000.000000000000000 ) ;
#436 = CARTESIAN_POINT ( 'NONE',  ( 1.154538716452736091, 3.000000000000000000, -1.755906955505793121 ) ) ;
#437 = UNCERTAINTY_MEASURE_WITH_UNIT (LENGTH_MEASURE( 1.000000000000000082E-05 ), #2364, 'distance_accuracy_value', 'NONE');
#438 = ORIENTED_EDGE ( 'NONE', *, *, #3854, .F. ) ;
#439 = CARTESIAN_POINT ( 'NONE',  ( 1.178191632116386556, 2.999900000000000233, -1.736868767687038906 ) ) ;
#440 = PLANE ( 'NONE',  #2285 ) ;
#441 = ORIENTED_EDGE ( 'NONE', *, *, #2845, .T. ) ;
#442 = CARTESIAN_POINT ( 'NONE',  ( 1.142690712998739588, 2.999900000000000233, -0.6146261206282154221 ) ) ;
#443 = CARTESIAN_POINT ( 'NONE',  ( 0.3034685675668905014, 2.999900000000000233, -1.102125984251969282 ) ) ;
#444 = PRESENTATION_STYLE_ASSIGNMENT (( #530 ) ) ;
#445 = STYLED_ITEM ( 'NONE', ( #4668 ), #276 ) ;
#446 =( LENGTH_UNIT ( ) NAMED_UNIT ( * ) SI_UNIT ( .MILLI., .METRE. ) );
#447 = CARTESIAN_POINT ( 'NONE',  ( 1.220930602704621837, 2.999900000000000233, -1.932296157392921154 ) ) ;
#448 = UNCERTAINTY_MEASURE_WITH_UNIT (LENGTH_MEASURE( 1.000000000000000082E-05 ), #4516, 'distance_accuracy_value', 'NONE');
#449 = FILL_AREA_STYLE ('',( #3666 ) ) ;
#450 = ORIENTED_EDGE ( 'NONE', *, *, #3597, .F. ) ;
#451 = FILL_AREA_STYLE ('',( #3048 ) ) ;
#452 = LINE ( 'NONE', #142, #3143 ) ;
#453 = UNCERTAINTY_MEASURE_WITH_UNIT (LENGTH_MEASURE( 1.000000000000000082E-05 ), #1398, 'distance_accuracy_value', 'NONE');
#454 = CARTESIAN_POINT ( 'NONE',  ( 1.142690712998739588, 2.999900000000000233, 1.501297592607079068 ) ) ;
#455 = ORIENTED_EDGE ( 'NONE', *, *, #901, .F. ) ;
#456 =( GEOMETRIC_REPRESENTATION_CONTEXT ( 3 ) GLOBAL_UNCERTAINTY_ASSIGNED_CONTEXT ( ( #3737 ) ) GLOBAL_UNIT_ASSIGNED_CONTEXT ( ( #563, #1094, #3190 ) ) REPRESENTATION_CONTEXT ( 'NONE', 'WORKASPACE' ) );
#457 = EDGE_LOOP ( 'NONE', ( #2623, #2700, #2359, #2670, #4206, #3389, #2618, #973, #1763, #4037, #3460, #1373, #4095, #3534, #208, #4157 ) ) ;
#458 = PRESENTATION_STYLE_ASSIGNMENT (( #2595 ) ) ;
#459 = EDGE_CURVE ( 'NONE', #937, #1172, #2489, .T. ) ;
#460 = DIRECTION ( 'NONE',  ( -0.000000000000000000, 1.000000000000000000, -0.000000000000000000 ) ) ;
#461 = ORIENTED_EDGE ( 'NONE', *, *, #2806, .F. ) ;
#462 = LINE ( 'NONE', #4582, #4395 ) ;
#463 = MECHANICAL_DESIGN_GEOMETRIC_PRESENTATION_REPRESENTATION (  '', ( #767 ), #2506 ) ;
#464 = SURFACE_SIDE_STYLE ('',( #2945 ) ) ;
#465 = FILL_AREA_STYLE ('',( #1233 ) ) ;
#466 = EDGE_CURVE ( 'NONE', #2709, #2017, #1339, .T. ) ;
#467 = ORIENTED_EDGE ( 'NONE', *, *, #616, .F. ) ;
#468 = CARTESIAN_POINT ( 'NONE',  ( 1.142774914274141018, 2.999900000000001121, 1.471758560445705077 ) ) ;
#469 = CARTESIAN_POINT ( 'NONE',  ( 1.200042968348131067, 2.999899999999999789, -0.8744894223549298795 ) ) ;
#470 = CARTESIAN_POINT ( 'NONE',  ( 1.142930022522763656, 3.000000000000000000, 0.2780542732512504278 ) ) ;
#471 = CARTESIAN_POINT ( 'NONE',  ( 1.154045461959794405, 3.000000000000000000, 1.598120012308643201 ) ) ;
#472 = PRESENTATION_LAYER_ASSIGNMENT (  '', '', ( #628 ) ) ;
#473 = CARTESIAN_POINT ( 'NONE',  ( 1.161416586822690222, 2.999900000000000677, 0.7223281781600243701 ) ) ;
#474 = ADVANCED_FACE ( 'NONE', ( #4664 ), #3261, .T. ) ;
#475 = VECTOR ( 'NONE', #2828, 1000.000000000000000 ) ;
#476 = ORIENTED_EDGE ( 'NONE', *, *, #3789, .T. ) ;
#477 = SURFACE_SIDE_STYLE ('',( #2956 ) ) ;
#478 = ORIENTED_EDGE ( 'NONE', *, *, #4653, .F. ) ;
#479 = CARTESIAN_POINT ( 'NONE',  ( 1.144617761972859249, 3.000000000000000000, 0.5638930817821957708 ) ) ;
#480 =( NAMED_UNIT ( * ) SI_UNIT ( $, .STERADIAN. ) SOLID_ANGLE_UNIT ( ) );
#481 = LINE ( 'NONE', #2386, #854 ) ;
#482 = EDGE_LOOP ( 'NONE', ( #1888, #4033, #1922, #1348 ) ) ;
#483 = FILL_AREA_STYLE ('',( #3271 ) ) ;
#484 = COLOUR_RGB ( '',1.000000000000000000, 1.000000000000000000, 1.000000000000000000 ) ;
#485 =( NAMED_UNIT ( * ) SI_UNIT ( $, .STERADIAN. ) SOLID_ANGLE_UNIT ( ) );
#486 = CARTESIAN_POINT ( 'NONE',  ( -2.665451921499553123, 2.999900000000000233, 2.819567424523459209 ) ) ;
#487 = CARTESIAN_POINT ( 'NONE',  ( 1.178191632116386556, 3.000000000000000000, -1.092682186804686095 ) ) ;
#488 = UNCERTAINTY_MEASURE_WITH_UNIT (LENGTH_MEASURE( 1.000000000000000082E-05 ), #3018, 'distance_accuracy_value', 'NONE');
#489 = PRESENTATION_LAYER_ASSIGNMENT (  '', '', ( #4236 ) ) ;
#490 = CARTESIAN_POINT ( 'NONE',  ( -0.2367637158976684808, 3.000000000000000000, 0.8929055118110230671 ) ) ;
#491 = ORIENTED_EDGE ( 'NONE', *, *, #245, .F. ) ;
#492 = CARTESIAN_POINT ( 'NONE',  ( 1.142720842757629640, 2.999900000000001121, 1.490727634935819168 ) ) ;
#493 = CARTESIAN_POINT ( 'NONE',  ( 2.607189793881092399, 3.000000000000000000, -1.740315458863509468 ) ) ;
#494 =( LENGTH_UNIT ( ) NAMED_UNIT ( * ) SI_UNIT ( .MILLI., .METRE. ) );
#495 = UNCERTAINTY_MEASURE_WITH_UNIT (LENGTH_MEASURE( 1.000000000000000082E-05 ), #1528, 'distance_accuracy_value', 'NONE');
#496 = CARTESIAN_POINT ( 'NONE',  ( 1.146497715025989406, 2.999900000000001121, 0.6905897097364515069 ) ) ;
#497 = EDGE_LOOP ( 'NONE', ( #652, #58, #3203, #1536 ) ) ;
#498 = CARTESIAN_POINT ( 'NONE',  ( 2.015737587998739588, 2.999900000000000233, -1.405297076510568344 ) ) ;
#499 = CARTESIAN_POINT ( 'NONE',  ( 1.142720842757629640, 3.000000000000000888, 1.490727634935819168 ) ) ;
#500 = VECTOR ( 'NONE', #4677, 1000.000000000000000 ) ;
#501 = CARTESIAN_POINT ( 'NONE',  ( 2.564450823292857340, 2.999900000000000233, 0.3683702029011965418 ) ) ;
#502 = COLOUR_RGB ( '',1.000000000000000000, 1.000000000000000000, 1.000000000000000000 ) ;
#503 = ORIENTED_EDGE ( 'NONE', *, *, #3354, .F. ) ;
#504 = SURFACE_STYLE_FILL_AREA ( #1222 ) ;
#505 = MECHANICAL_DESIGN_GEOMETRIC_PRESENTATION_REPRESENTATION (  '', ( #3621 ), #433 ) ;
#506 = PRESENTATION_STYLE_ASSIGNMENT (( #4554 ) ) ;
#507 = CARTESIAN_POINT ( 'NONE',  ( -1.447834582039406515, 3.000000000000000000, -0.9164999999999924318 ) ) ;
#508 = VERTEX_POINT ( 'NONE', #193 ) ;
#509 = CARTESIAN_POINT ( 'NONE',  ( 1.220930602704621837, 2.999900000000000233, 1.585052188195314349 ) ) ;
#510 = CARTESIAN_POINT ( 'NONE',  ( 2.642682354305278203, 3.000000000000000000, 0.2788678019239007599 ) ) ;
#511 = DIRECTION ( 'NONE',  ( -0.000000000000000000, 1.000000000000000000, -0.000000000000000000 ) ) ;
#512 = CARTESIAN_POINT ( 'NONE',  ( 2.616607625011923233, 2.999900000000001565, -1.061146275523525695 ) ) ;
#513 = EDGE_CURVE ( 'NONE', #1648, #1115, #2397, .T. ) ;
#514 = CARTESIAN_POINT ( 'NONE',  ( 0.7799370715039031232, 2.999900000000000233, -0.02874015748031673659 ) ) ;
#515 = ORIENTED_EDGE ( 'NONE', *, *, #2644, .F. ) ;
#516 = CARTESIAN_POINT ( 'NONE',  ( 1.142825864974269523, 2.999900000000000233, -1.860830719295981650 ) ) ;
#517 = CARTESIAN_POINT ( 'NONE',  ( 2.624753711275633616, 2.999899999999999789, 1.416323062675097111 ) ) ;
#518 = CARTESIAN_POINT ( 'NONE',  ( -1.283948755267751096, 3.000000000000000000, 0.4673622047244164190 ) ) ;
#519 = CARTESIAN_POINT ( 'NONE',  ( 2.635350662869937910, 2.999900000000000233, -1.945708183704201399 ) ) ;
#520 = CARTESIAN_POINT ( 'NONE',  ( 2.564450823292857340, 2.999900000000000233, 0.5217479602541378325 ) ) ;
#521 = CARTESIAN_POINT ( 'NONE',  ( 1.143897626635291154, 2.999900000000000677, -1.798008220888251518 ) ) ;
#522 = FACE_OUTER_BOUND ( 'NONE', #3457, .T. ) ;
#523 = CARTESIAN_POINT ( 'NONE',  ( 1.143897626635291154, 3.000000000000000888, -0.5627141032411921984 ) ) ;
#524 = ORIENTED_EDGE ( 'NONE', *, *, #2903, .T. ) ;
#525 = CARTESIAN_POINT ( 'NONE',  ( 0.4081181738661062708, 3.000000000000000000, 4.336808689942017736E-16 ) ) ;
#526 = ORIENTED_EDGE ( 'NONE', *, *, #1177, .F. ) ;
#527 = DIRECTION ( 'NONE',  ( -0.000000000000000000, 1.000000000000000000, -0.000000000000000000 ) ) ;
#528 = VERTEX_POINT ( 'NONE', #240 ) ;
#529 = CARTESIAN_POINT ( 'NONE',  ( 1.200042968348131067, 2.999899999999999789, 0.3608046952921286632 ) ) ;
#530 = SURFACE_STYLE_USAGE ( .BOTH. , #2341 ) ;
#531 = CARTESIAN_POINT ( 'NONE',  ( 2.616607625011923233, 2.999900000000000233, 0.1741478421235338192 ) ) ;
#532 = CARTESIAN_POINT ( 'NONE',  ( 2.642673057520803948, 3.000000000000000000, -1.830824554903731194 ) ) ;
#533 = CARTESIAN_POINT ( 'NONE',  ( 1.142722440240110604, 2.999900000000000677, -0.6045180104728291592 ) ) ;
#534 = VERTEX_POINT ( 'NONE', #3145 ) ;
#535 = SURFACE_SIDE_STYLE ('',( #4145 ) ) ;
#536 = CARTESIAN_POINT ( 'NONE',  ( 1.220930602704621837, 2.999900000000000233, -0.8855360470988036248 ) ) ;
#537 =( NAMED_UNIT ( * ) SI_UNIT ( $, .STERADIAN. ) SOLID_ANGLE_UNIT ( ) );
#538 = UNCERTAINTY_MEASURE_WITH_UNIT (LENGTH_MEASURE( 1.000000000000000082E-05 ), #1168, 'distance_accuracy_value', 'NONE');
#539 = CARTESIAN_POINT ( 'NONE',  ( 2.602780714937743323, 3.000000000000000444, -1.966912289340083886 ) ) ;
#540 =( LENGTH_UNIT ( ) NAMED_UNIT ( * ) SI_UNIT ( .MILLI., .METRE. ) );
#541 = CARTESIAN_POINT ( 'NONE',  ( 1.169738862666132251, 2.999999999999999556, 0.7279673688980394797 ) ) ;
#542 =( GEOMETRIC_REPRESENTATION_CONTEXT ( 3 ) GLOBAL_UNCERTAINTY_ASSIGNED_CONTEXT ( ( #1547 ) ) GLOBAL_UNIT_ASSIGNED_CONTEXT ( ( #4239, #1370, #2816 ) ) REPRESENTATION_CONTEXT ( 'NONE', 'WORKASPACE' ) );
#543 = EDGE_CURVE ( 'NONE', #2322, #4548, #4251, .T. ) ;
#544 = FACE_OUTER_BOUND ( 'NONE', #497, .T. ) ;
#545 = FILL_AREA_STYLE_COLOUR ( '', #1999 ) ;
#546 = ORIENTED_EDGE ( 'NONE', *, *, #664, .F. ) ;
#547 =( NAMED_UNIT ( * ) SI_UNIT ( $, .STERADIAN. ) SOLID_ANGLE_UNIT ( ) );
#548 = ORIENTED_EDGE ( 'NONE', *, *, #2491, .T. ) ;
#549 = DIRECTION ( 'NONE',  ( 1.000000000000000000, 0.000000000000000000, 0.000000000000000000 ) ) ;
#550 = CARTESIAN_POINT ( 'NONE',  ( 2.644999999999999130, -0.1000000000000000056, 2.500000000000000444 ) ) ;
#551 = ORIENTED_EDGE ( 'NONE', *, *, #138, .T. ) ;
#552 = CARTESIAN_POINT ( 'NONE',  ( 2.642690712998739588, 3.000000000000000888, 0.6092939161364907541 ) ) ;
#553 = VERTEX_POINT ( 'NONE', #2463 ) ;
#554 =( NAMED_UNIT ( * ) PLANE_ANGLE_UNIT ( ) SI_UNIT ( $, .RADIAN. ) );
#555 = EDGE_CURVE ( 'NONE', #427, #365, #83, .T. ) ;
#556 = B_SPLINE_CURVE_WITH_KNOTS ( 'NONE', 3,
 ( #3391, #819, #867, #525 ),
 .UNSPECIFIED., .F., .F.,
 ( 4, 4 ),
 ( 0.8181818181818183433, 0.9090909090909092827 ),
 .UNSPECIFIED. ) ;
#557 =( NAMED_UNIT ( * ) PLANE_ANGLE_UNIT ( ) SI_UNIT ( $, .RADIAN. ) );
#558 = VECTOR ( 'NONE', #2079, 1000.000000000000000 ) ;
#559 = CARTESIAN_POINT ( 'NONE',  ( 2.629826558503599809, 2.999899999999999789, -0.8543567779088838687 ) ) ;
#560 = CARTESIAN_POINT ( 'NONE',  ( 0.4081181738661062708, 3.000000000000000000, 4.336808689942017736E-16 ) ) ;
#561 = DIRECTION ( 'NONE',  ( -0.8571493051170773203, 0.000000000000000000, -0.5150680234078907072 ) ) ;
#562 = CARTESIAN_POINT ( 'NONE',  ( 1.143354133692980668, 2.999899999999999789, -0.9358830756412876983 ) ) ;
#563 =( LENGTH_UNIT ( ) NAMED_UNIT ( * ) SI_UNIT ( .MILLI., .METRE. ) );
#564 = CARTESIAN_POINT ( 'NONE',  ( 2.636813255159033975, 2.999899999999999789, -1.943799536749464485 ) ) ;
#565 = SURFACE_STYLE_USAGE ( .BOTH. , #2354 ) ;
#566 = VECTOR ( 'NONE', #976, 1000.000000000000000 ) ;
#567 = DIRECTION ( 'NONE',  ( 0.8644584418281031635, 0.000000000000000000, -0.5027042891722010021 ) ) ;
#568 = DIRECTION ( 'NONE',  ( -1.000000000000000000, 0.000000000000000000, -0.000000000000000000 ) ) ;
#569 =( LENGTH_UNIT ( ) NAMED_UNIT ( * ) SI_UNIT ( .MILLI., .METRE. ) );
#570 = DIRECTION ( 'NONE',  ( -0.000000000000000000, 0.000000000000000000, 1.000000000000000000 ) ) ;
#571 = ORIENTED_EDGE ( 'NONE', *, *, #1963, .F. ) ;
#572 = CARTESIAN_POINT ( 'NONE',  ( 1.181946779667099046, 3.000000000000000444, 1.603721534218398137 ) ) ;
#573 = ORIENTED_EDGE ( 'NONE', *, *, #1131, .F. ) ;
#574 = PRESENTATION_LAYER_ASSIGNMENT (  '', '', ( #4099 ) ) ;
#575 = DIRECTION ( 'NONE',  ( -0.000000000000000000, 0.000000000000000000, 1.000000000000000000 ) ) ;
#576 = ORIENTED_EDGE ( 'NONE', *, *, #3792, .T. ) ;
#577 = LINE ( 'NONE', #2796, #2470 ) ;
#578 = ORIENTED_EDGE ( 'NONE', *, *, #1850, .T. ) ;
#579 = PLANE ( 'NONE',  #1272 ) ;
#580 = UNCERTAINTY_MEASURE_WITH_UNIT (LENGTH_MEASURE( 1.000000000000000082E-05 ), #921, 'distance_accuracy_value', 'NONE');
#581 = STYLED_ITEM ( 'NONE', ( #444 ), #4083 ) ;
#582 = CARTESIAN_POINT ( 'NONE',  ( 1.154538716452735647, 2.999899999999999345, -0.5206128378587339123 ) ) ;
#583 = DIRECTION ( 'NONE',  ( 0.8604455470465084410, 0.000000000000000000, -0.5095424031107078644 ) ) ;
#584 = EDGE_CURVE ( 'NONE', #1466, #1629, #795, .T. ) ;
#585 = CARTESIAN_POINT ( 'NONE',  ( 1.142930022522763656, 3.000000000000000000, -0.9572398443958084480 ) ) ;
#586 = CARTESIAN_POINT ( 'NONE',  ( 0.4118740793779169795, 3.000000000000000000, -0.2717755905511823888 ) ) ;
#587 = MECHANICAL_DESIGN_GEOMETRIC_PRESENTATION_REPRESENTATION (  '', ( #1825 ), #3104 ) ;
#588 =( NAMED_UNIT ( * ) PLANE_ANGLE_UNIT ( ) SI_UNIT ( $, .RADIAN. ) );
#589 = UNCERTAINTY_MEASURE_WITH_UNIT (LENGTH_MEASURE( 1.000000000000000082E-05 ), #1446, 'distance_accuracy_value', 'NONE');
#590 = CARTESIAN_POINT ( 'NONE',  ( 2.618218846677510481, 2.999900000000000233, -1.967658388452810492 ) ) ;
#591 = B_SPLINE_CURVE_WITH_KNOTS ( 'NONE', 3,
 ( #2582, #2206, #787, #3593 ),
 .UNSPECIFIED., .F., .F.,
 ( 4, 4 ),
 ( 0.000000000000000000, 0.09090909090909091161 ),
 .UNSPECIFIED. ) ;
#592 = FILL_AREA_STYLE ('',( #4591 ) ) ;
#593 = CARTESIAN_POINT ( 'NONE',  ( 2.629826558503598921, 2.999899999999999789, 0.3809373397381750070 ) ) ;
#594 = CARTESIAN_POINT ( 'NONE',  ( 2.564450823292857340, 2.999900000000000233, 0.3683702029011965418 ) ) ;
#595 =( NAMED_UNIT ( * ) SI_UNIT ( $, .STERADIAN. ) SOLID_ANGLE_UNIT ( ) );
#596 = VECTOR ( 'NONE', #1429, 1000.000000000000114 ) ;
#597 = DIRECTION ( 'NONE',  ( -0.8599778663242775290, 0.000000000000000000, 0.5103313329909725526 ) ) ;
#598 = CARTESIAN_POINT ( 'NONE',  ( 1.213298624243933199, 2.999999999999999556, -0.8814998024638358576 ) ) ;
#599 = ORIENTED_EDGE ( 'NONE', *, *, #64, .T. ) ;
#600 = PRESENTATION_STYLE_ASSIGNMENT (( #1430 ) ) ;
#601 = LINE ( 'NONE', #3506, #1757 ) ;
#602 = ORIENTED_EDGE ( 'NONE', *, *, #2792, .F. ) ;
#603 = DIRECTION ( 'NONE',  ( -0.000000000000000000, -1.000000000000000000, -0.000000000000000000 ) ) ;
#604 = VERTEX_POINT ( 'NONE', #349 ) ;
#605 = ORIENTED_EDGE ( 'NONE', *, *, #2339, .F. ) ;
#606 = SURFACE_STYLE_FILL_AREA ( #2018 ) ;
#607 = EDGE_CURVE ( 'NONE', #1059, #3112, #3350, .T. ) ;
#608 = VECTOR ( 'NONE', #2048, 1000.000000000000000 ) ;
#609 = ADVANCED_FACE ( 'NONE', ( #4340 ), #3212, .F. ) ;
#610 = CARTESIAN_POINT ( 'NONE',  ( 2.607189793881092399, 2.999900000000000233, -1.740315458863509468 ) ) ;
#611 = CARTESIAN_POINT ( 'NONE',  ( 0.4081181738661062708, 3.000000000000000000, 4.336808689942017736E-16 ) ) ;
#612 = CARTESIAN_POINT ( 'NONE',  ( 2.642690712998739588, 3.000000000000000000, -0.9458531426870389058 ) ) ;
#613 = CARTESIAN_POINT ( 'NONE',  ( 1.161530783382918042, 3.000000000000000444, -1.079908615883631962 ) ) ;
#614 = PLANE ( 'NONE',  #3894 ) ;
#615 = CARTESIAN_POINT ( 'NONE',  ( 2.602780714937743323, 2.999900000000000677, -1.966912289340083886 ) ) ;
#616 = EDGE_CURVE ( 'NONE', #2363, #2864, #3611, .T. ) ;
#617 = SURFACE_STYLE_USAGE ( .BOTH. , #3896 ) ;
#618 = VECTOR ( 'NONE', #2132, 1000.000000000000000 ) ;
#619 =( LENGTH_UNIT ( ) NAMED_UNIT ( * ) SI_UNIT ( .MILLI., .METRE. ) );
#620 = EDGE_CURVE ( 'NONE', #152, #2058, #4686, .T. ) ;
#621 = B_SPLINE_CURVE_WITH_KNOTS ( 'NONE', 3,
 ( #3118, #157, #212, #1970, #582, #3488, #4587, #3864, #3788, #533, #1633 ),
 .UNSPECIFIED., .F., .F.,
 ( 4, 1, 1, 1, 1, 1, 1, 1, 4 ),
 ( 0.000000000000000000, 0.08269940838263134530, 0.1609352856402981868, 0.2384022412677344882, 0.3252932597831255657, 0.4321161260274609672, 0.5729322032451371616, 0.7592645677637445134, 1.000000000000000000 ),
 .UNSPECIFIED. ) ;
#622 = CARTESIAN_POINT ( 'NONE',  ( 1.143793079353702558, 2.999999999999999556, -0.9076861208459413577 ) ) ;
#623 = ORIENTED_EDGE ( 'NONE', *, *, #266, .T. ) ;
#624 = VECTOR ( 'NONE', #1809, 1000.000000000000000 ) ;
#625 = CARTESIAN_POINT ( 'NONE',  ( 2.624753711275633172, 2.999999999999998224, -1.054265172619019975 ) ) ;
#626 = ORIENTED_EDGE ( 'NONE', *, *, #311, .F. ) ;
#627 = CARTESIAN_POINT ( 'NONE',  ( 1.143897626635291154, 2.999900000000000677, -1.798008220888251518 ) ) ;
#628 = STYLED_ITEM ( 'NONE', ( #1268 ), #1408 ) ;
#629 = ORIENTED_EDGE ( 'NONE', *, *, #908, .T. ) ;
#630 = ORIENTED_EDGE ( 'NONE', *, *, #1624, .T. ) ;
#631 = CARTESIAN_POINT ( 'NONE',  ( -0.6555708025118480720, 2.999900000000000233, -0.6561377952755882426 ) ) ;
#632 = PRESENTATION_LAYER_ASSIGNMENT (  '', '', ( #4368 ) ) ;
#633 = B_SPLINE_CURVE_WITH_KNOTS ( 'NONE', 3,
 ( #162, #1618, #2680, #3073, #2373, #3031, #3049, #3407, #2656, #4568, #4102 ),
 .UNSPECIFIED., .F., .F.,
 ( 4, 1, 1, 1, 1, 1, 1, 1, 4 ),
 ( 0.000000000000000000, 0.1506145446497699492, 0.2596734740599798696, 0.3388177727155972097, 0.4102835628096070941, 0.5019338459622260107, 0.6260648387140314020, 0.7889788725463112717, 1.000000000000000000 ),
 .UNSPECIFIED. ) ;
#634 = EDGE_CURVE ( 'NONE', #365, #1745, #329, .T. ) ;
#635 = SURFACE_STYLE_USAGE ( .BOTH. , #4268 ) ;
#636 = CARTESIAN_POINT ( 'NONE',  ( 2.602775380086246315, 2.999999999999998668, -0.8481828040335757102 ) ) ;
#637 =( LENGTH_UNIT ( ) NAMED_UNIT ( * ) SI_UNIT ( .MILLI., .METRE. ) );
#638 = CARTESIAN_POINT ( 'NONE',  ( 2.629964885561349330, 2.999900000000000233, -1.958995297265973878 ) ) ;
#639 = MECHANICAL_DESIGN_GEOMETRIC_PRESENTATION_REPRESENTATION (  '', ( #3845 ), #3998 ) ;
#640 = CARTESIAN_POINT ( 'NONE',  ( 2.642690712998740032, 2.999900000000000677, 0.6092939161364908651 ) ) ;
#641 = SURFACE_SIDE_STYLE ('',( #2398 ) ) ;
#642 = B_SPLINE_SURFACE_WITH_KNOTS ( 'NONE', 3, 1, ( 
 ( #2293, #552 ),
 ( #2717, #2016 ),
 ( #132, #3397 ),
 ( #3461, #207 ),
 ( #1655, #3111 ),
 ( #181, #3021 ),
 ( #896, #1581 ),
 ( #2338, #1604 ),
 ( #2694, #4504 ),
 ( #1226, #2671 ),
 ( #1967, #3065 ) ),
 .UNSPECIFIED., .F., .F., .F.,
 ( 4, 1, 1, 1, 1, 1, 1, 1, 4 ),
 ( 2, 2 ),
 ( 0.000000000000000000, 0.2475841483258849618, 0.4361234509600940279, 0.5765471439970870637, 0.6891935206218198218, 0.7769127325059281830, 0.8506699786920552953, 0.9203469832125598105, 1.000000000000000000 ),
 ( 0.000000000000000000, 1.000000000000000000 ),
 .UNSPECIFIED. ) ;
#643 = CARTESIAN_POINT ( 'NONE',  ( 1.213334361882071777, 3.000000000000000444, -0.7009175616018576971 ) ) ;
#644 = CARTESIAN_POINT ( 'NONE',  ( 1.161530783382917820, 2.999999999999999556, 1.390679619410485790 ) ) ;
#645 =( NAMED_UNIT ( * ) PLANE_ANGLE_UNIT ( ) SI_UNIT ( $, .RADIAN. ) );
#646 = PRESENTATION_STYLE_ASSIGNMENT (( #3925 ) ) ;
#647 = MECHANICAL_DESIGN_GEOMETRIC_PRESENTATION_REPRESENTATION (  '', ( #879 ), #3310 ) ;
#648 = B_SPLINE_CURVE_WITH_KNOTS ( 'NONE', 3,
 ( #3448, #518, #3868, #217 ),
 .UNSPECIFIED., .F., .F.,
 ( 4, 4 ),
 ( 0.6363636363636364646, 0.7272727272727274039 ),
 .UNSPECIFIED. ) ;
#649 = CARTESIAN_POINT ( 'NONE',  ( 2.629964885561349330, 2.999899999999999789, 0.5115929380281439842 ) ) ;
#650 = CARTESIAN_POINT ( 'NONE',  ( 1.166518503127165873, 2.999899999999999345, -1.949304656196183982 ) ) ;
#651 = CARTESIAN_POINT ( 'NONE',  ( 2.635606768424067603, 3.000000000000000000, -1.033984895653615732 ) ) ;
#652 = ORIENTED_EDGE ( 'NONE', *, *, #3693, .F. ) ;
#653 = ORIENTED_EDGE ( 'NONE', *, *, #1131, .T. ) ;
#654 =( GEOMETRIC_REPRESENTATION_CONTEXT ( 3 ) GLOBAL_UNCERTAINTY_ASSIGNED_CONTEXT ( ( #4609 ) ) GLOBAL_UNIT_ASSIGNED_CONTEXT ( ( #4061, #691, #6 ) ) REPRESENTATION_CONTEXT ( 'NONE', 'WORKASPACE' ) );
#655 =( NAMED_UNIT ( * ) PLANE_ANGLE_UNIT ( ) SI_UNIT ( $, .RADIAN. ) );
#656 = DIRECTION ( 'NONE',  ( -0.000000000000000000, 1.000000000000000000, -0.000000000000000000 ) ) ;
#657 = EDGE_CURVE ( 'NONE', #4165, #1221, #2507, .T. ) ;
#658 = FILL_AREA_STYLE_COLOUR ( '', #3476 ) ;
#659 = COLOUR_RGB ( '',1.000000000000000000, 1.000000000000000000, 1.000000000000000000 ) ;
#660 = CARTESIAN_POINT ( 'NONE',  ( 1.142778724780127986, 2.999999999999999556, -0.5865860912147627948 ) ) ;
#661 = CARTESIAN_POINT ( 'NONE',  ( 1.147672671593930938, 2.999900000000000233, -0.8872635176779756216 ) ) ;
#662 = CARTESIAN_POINT ( 'NONE',  ( 0.1242165990629554018, 3.000000000000000000, -0.7788346456692936126 ) ) ;
#663 = DIRECTION ( 'NONE',  ( -0.000000000000000000, 1.000000000000000000, -0.000000000000000000 ) ) ;
#664 = EDGE_CURVE ( 'NONE', #2143, #3633, #2719, .T. ) ;
#665 = STYLED_ITEM ( 'NONE', ( #3102 ), #161 ) ;
#666 = LINE ( 'NONE', #3895, #3529 ) ;
#667 = CARTESIAN_POINT ( 'NONE',  ( 1.175344842613581742, 3.000000000000000000, 0.1449430713849993169 ) ) ;
#668 = DIRECTION ( 'NONE',  ( -1.000000000000000000, 0.000000000000000000, 0.000000000000000000 ) ) ;
#669 =( NAMED_UNIT ( * ) SI_UNIT ( $, .STERADIAN. ) SOLID_ANGLE_UNIT ( ) );
#670 = FACE_OUTER_BOUND ( 'NONE', #283, .T. ) ;
#671 = CARTESIAN_POINT ( 'NONE',  ( 1.147672671593930938, 2.999999999999999556, 1.583324717616142241 ) ) ;
#672 = STYLED_ITEM ( 'NONE', ( #4282 ), #398 ) ;
#673 = CARTESIAN_POINT ( 'NONE',  ( 2.616279699699928241, 3.000000000000000000, -0.5096733813885260256 ) ) ;
#674 = CARTESIAN_POINT ( 'NONE',  ( -3.354999999999999094, 3.000000000000000000, -3.454999999999999627 ) ) ;
#675 = CARTESIAN_POINT ( 'NONE',  ( 2.642690712998740032, 3.000000000000000444, 0.6092939161364908651 ) ) ;
#676 = EDGE_LOOP ( 'NONE', ( #3725, #1679, #2766, #3667 ) ) ;
#677 = EDGE_CURVE ( 'NONE', #3689, #2167, #1937, .T. ) ;
#678 = ORIENTED_EDGE ( 'NONE', *, *, #4398, .F. ) ;
#679 = EDGE_CURVE ( 'NONE', #1948, #2709, #2287, .T. ) ;
#680 = B_SPLINE_SURFACE_WITH_KNOTS ( 'NONE', 3, 1, ( 
 ( #765, #2075 ),
 ( #3798, #268 ),
 ( #984, #168 ),
 ( #241, #1289 ) ),
 .UNSPECIFIED., .F., .F., .F.,
 ( 4, 4 ),
 ( 2, 2 ),
 ( 0.1818181818181818232, 0.2727272727272727071 ),
 ( 0.000000000000000000, 1.000000000000000000 ),
 .UNSPECIFIED. ) ;
#681 =( NAMED_UNIT ( * ) SI_UNIT ( $, .STERADIAN. ) SOLID_ANGLE_UNIT ( ) );
#682 = SURFACE_STYLE_USAGE ( .BOTH. , #3959 ) ;
#683 = DIRECTION ( 'NONE',  ( 1.255226827769035407E-16, 0.000000000000000000, 1.000000000000000000 ) ) ;
#684 = VECTOR ( 'NONE', #1541, 1000.000000000000000 ) ;
#685 = FILL_AREA_STYLE_COLOUR ( '', #4384 ) ;
#686 = CARTESIAN_POINT ( 'NONE',  ( -3.354999999999999094, 3.000000000000000000, -3.454999999999999627 ) ) ;
#687 = CARTESIAN_POINT ( 'NONE',  ( 2.642636186262780740, 2.999999999999999556, 0.3008206626235513381 ) ) ;
#688 = CARTESIAN_POINT ( 'NONE',  ( 1.734142918881092399, 2.999900000000000233, -0.1806877015105681772 ) ) ;
#689 = SURFACE_STYLE_USAGE ( .BOTH. , #1778 ) ;
#690 = CARTESIAN_POINT ( 'NONE',  ( 1.149120405164141490, 3.000000000000000888, 0.1751744068123526343 ) ) ;
#691 =( NAMED_UNIT ( * ) PLANE_ANGLE_UNIT ( ) SI_UNIT ( $, .RADIAN. ) );
#692 = COLOUR_RGB ( '',1.000000000000000000, 1.000000000000000000, 1.000000000000000000 ) ;
#693 = CARTESIAN_POINT ( 'NONE',  ( 1.144617761972859249, 2.999900000000000233, -0.6714010358648633270 ) ) ;
#694 = CARTESIAN_POINT ( 'NONE',  ( 2.639169935549311674, 2.999900000000000677, 0.2160776474659031610 ) ) ;
#695 = SURFACE_SIDE_STYLE ('',( #4024 ) ) ;
#696 = CARTESIAN_POINT ( 'NONE',  ( 1.154027076143227415, 3.000000000000000000, 1.398620653245037815 ) ) ;
#697 = ORIENTED_EDGE ( 'NONE', *, *, #1611, .T. ) ;
#698 = CARTESIAN_POINT ( 'NONE',  ( 2.636771313881896894, 3.000000000000000000, 0.3670425512312954774 ) ) ;
#699 = MECHANICAL_DESIGN_GEOMETRIC_PRESENTATION_REPRESENTATION (  '', ( #2988 ), #1319 ) ;
#700 = CARTESIAN_POINT ( 'NONE',  ( 2.642690712998740032, 3.000000000000000444, -0.9458531426870390169 ) ) ;
#701 = SURFACE_STYLE_USAGE ( .BOTH. , #4431 ) ;
#702 = SURFACE_STYLE_USAGE ( .BOTH. , #3980 ) ;
#703 = DIRECTION ( 'NONE',  ( -0.8701091694029018386, 0.000000000000000000, 0.4928590400114339354 ) ) ;
#704 = CARTESIAN_POINT ( 'NONE',  ( 1.876491264469327680, 3.000000000000000000, -1.541441377981155991 ) ) ;
#705 = FACE_OUTER_BOUND ( 'NONE', #2043, .T. ) ;
#706 = CARTESIAN_POINT ( 'NONE',  ( 2.642690712998740032, 3.000000000000000444, -0.6260002015105683437 ) ) ;
#707 = PRESENTATION_STYLE_ASSIGNMENT (( #4689 ) ) ;
#708 = CARTESIAN_POINT ( 'NONE',  ( 2.642690712998739588, 2.999900000000000233, -0.9458531426870389058 ) ) ;
#709 = COLOUR_RGB ( '',1.000000000000000000, 1.000000000000000000, 1.000000000000000000 ) ;
#710 = CARTESIAN_POINT ( 'NONE',  ( 1.142825864974269079, 3.000000000000000000, -0.6255366016489226633 ) ) ;
#711 =( GEOMETRIC_REPRESENTATION_CONTEXT ( 3 ) GLOBAL_UNCERTAINTY_ASSIGNED_CONTEXT ( ( #2960 ) ) GLOBAL_UNIT_ASSIGNED_CONTEXT ( ( #2281, #4149, #932 ) ) REPRESENTATION_CONTEXT ( 'NONE', 'WORKASPACE' ) );
#712 = B_SPLINE_SURFACE_WITH_KNOTS ( 'NONE', 3, 1, ( 
 ( #2512, #2697 ),
 ( #3067, #4561 ),
 ( #234, #532 ),
 ( #1705, #4245 ),
 ( #261, #2021 ),
 ( #1282, #1612 ),
 ( #4169, #898 ),
 ( #1332, #4534 ),
 ( #1683, #2391 ),
 ( #2258, #3463 ),
 ( #610, #211 ) ),
 .UNSPECIFIED., .F., .F., .F.,
 ( 4, 1, 1, 1, 1, 1, 1, 1, 4 ),
 ( 2, 2 ),
 ( 0.000000000000000000, 0.2475841483258846565, 0.4361234509600950826, 0.5765471439970862866, 0.6891935206218204879, 0.7769127325059288491, 0.8506699786920546291, 0.9203469832125602546, 1.000000000000000000 ),
 ( 0.000000000000000000, 1.000000000000000000 ),
 .UNSPECIFIED. ) ;
#713 = DIRECTION ( 'NONE',  ( -0.000000000000000000, 1.000000000000000000, -0.000000000000000000 ) ) ;
#714 = SURFACE_STYLE_FILL_AREA ( #3399 ) ;
#715 = EDGE_CURVE ( 'NONE', #3751, #508, #4158, .T. ) ;
#716 = COLOUR_RGB ( '',1.000000000000000000, 1.000000000000000000, 1.000000000000000000 ) ;
#717 = B_SPLINE_CURVE_WITH_KNOTS ( 'NONE', 3,
 ( #442, #799, #2965, #1537, #1090, #1137, #366, #2221, #749, #2246, #1116 ),
 .UNSPECIFIED., .F., .F.,
 ( 4, 1, 1, 1, 1, 1, 1, 1, 4 ),
 ( 0.000000000000000000, 0.2009044012478304053, 0.3599846282170884315, 0.4835952109184648018, 0.5715364693554770836, 0.6460191871590634793, 0.7285858147531646400, 0.8430130251172095468, 1.000000000000000000 ),
 .UNSPECIFIED. ) ;
#718 =( NAMED_UNIT ( * ) SI_UNIT ( $, .STERADIAN. ) SOLID_ANGLE_UNIT ( ) );
#719 = SURFACE_SIDE_STYLE ('',( #2590 ) ) ;
#720 = ORIENTED_EDGE ( 'NONE', *, *, #3540, .T. ) ;
#721 = APPLICATION_PROTOCOL_DEFINITION ( 'draft international standard', 'automotive_design', 1998, #4629 ) ;
#722 =( LENGTH_UNIT ( ) NAMED_UNIT ( * ) SI_UNIT ( .MILLI., .METRE. ) );
#723 = UNCERTAINTY_MEASURE_WITH_UNIT (LENGTH_MEASURE( 1.000000000000000082E-05 ), #2827, 'distance_accuracy_value', 'NONE');
#724 =( LENGTH_UNIT ( ) NAMED_UNIT ( * ) SI_UNIT ( .MILLI., .METRE. ) );
#725 = ORIENTED_EDGE ( 'NONE', *, *, #3687, .T. ) ;
#726 = CARTESIAN_POINT ( 'NONE',  ( -1.193625920622085834, 2.999900000000000233, -0.9661574803149570734 ) ) ;
#727 = CARTESIAN_POINT ( 'NONE',  ( 2.607189793881092399, 3.000000000000000000, -1.066832002981156435 ) ) ;
#728 = FILL_AREA_STYLE ('',( #3656 ) ) ;
#729 = CARTESIAN_POINT ( 'NONE',  ( 0.000000000000000000, -0.1000000000000000056, 0.000000000000000000 ) ) ;
#730 = CARTESIAN_POINT ( 'NONE',  ( 2.642566788542307865, 2.999999999999999112, -1.894438454935804206 ) ) ;
#731 = PRESENTATION_LAYER_ASSIGNMENT (  '', '', ( #2103 ) ) ;
#732 = EDGE_CURVE ( 'NONE', #1725, #84, #1201, .T. ) ;
#733 = SURFACE_SIDE_STYLE ('',( #4010 ) ) ;
#734 =( GEOMETRIC_REPRESENTATION_CONTEXT ( 3 ) GLOBAL_UNCERTAINTY_ASSIGNED_CONTEXT ( ( #3493 ) ) GLOBAL_UNIT_ASSIGNED_CONTEXT ( ( #722, #745, #4333 ) ) REPRESENTATION_CONTEXT ( 'NONE', 'WORKASPACE' ) );
#735 = ORIENTED_EDGE ( 'NONE', *, *, #116, .F. ) ;
#736 = LINE ( 'NONE', #3592, #3752 ) ;
#737 = CARTESIAN_POINT ( 'NONE',  ( 1.220930602704622059, 2.999900000000000677, -0.6970020397458625006 ) ) ;
#738 = FACE_OUTER_BOUND ( 'NONE', #2636, .T. ) ;
#739 = AXIS2_PLACEMENT_3D ( 'NONE', #4003, #1816, #2966 ) ;
#740 = DIRECTION ( 'NONE',  ( -1.000000000000000000, 0.000000000000000000, -0.000000000000000000 ) ) ;
#741 = LINE ( 'NONE', #359, #3982 ) ;
#742 = FILL_AREA_STYLE_COLOUR ( '', #1617 ) ;
#743 = CARTESIAN_POINT ( 'NONE',  ( 1.154027076143227415, 2.999900000000000233, 1.398620653245037815 ) ) ;
#744 = EDGE_LOOP ( 'NONE', ( #834, #895, #1594, #3705 ) ) ;
#745 =( NAMED_UNIT ( * ) PLANE_ANGLE_UNIT ( ) SI_UNIT ( $, .RADIAN. ) );
#746 = LINE ( 'NONE', #2643, #1608 ) ;
#747 = CARTESIAN_POINT ( 'NONE',  ( 2.584843896998424650, 2.999900000000000677, 0.3798333286028665601 ) ) ;
#748 = ORIENTED_EDGE ( 'NONE', *, *, #1247, .T. ) ;
#749 = CARTESIAN_POINT ( 'NONE',  ( 1.200201249945043180, 2.999900000000001565, -0.7076870924827134424 ) ) ;
#750 = ADVANCED_FACE ( 'NONE', ( #4499 ), #3216, .F. ) ;
#751 = FACE_OUTER_BOUND ( 'NONE', #4596, .T. ) ;
#752 = ADVANCED_FACE ( 'NONE', ( #670 ), #4233, .T. ) ;
#753 = CARTESIAN_POINT ( 'NONE',  ( 0.8045827407952444998, 2.999900000000000233, 0.7392322834645667085 ) ) ;
#754 = SURFACE_SIDE_STYLE ('',( #1487 ) ) ;
#755 = ORIENTED_EDGE ( 'NONE', *, *, #965, .T. ) ;
#756 = SURFACE_STYLE_USAGE ( .BOTH. , #784 ) ;
#757 =( NAMED_UNIT ( * ) PLANE_ANGLE_UNIT ( ) SI_UNIT ( $, .RADIAN. ) );
#758 = FILL_AREA_STYLE ('',( #397 ) ) ;
#759 = EDGE_CURVE ( 'NONE', #4045, #1356, #2445, .T. ) ;
#760 = CARTESIAN_POINT ( 'NONE',  ( 2.635606768424067603, 3.000000000000000000, -1.033984895653615732 ) ) ;
#761 = CARTESIAN_POINT ( 'NONE',  ( 2.642690712998740032, 2.999900000000000677, -0.6260002015105683437 ) ) ;
#762 = EDGE_CURVE ( 'NONE', #829, #286, #4618, .T. ) ;
#763 = FILL_AREA_STYLE ('',( #1827 ) ) ;
#764 = ADVANCED_FACE ( 'NONE', ( #3198 ), #3525, .T. ) ;
#765 = CARTESIAN_POINT ( 'NONE',  ( -1.974192849755940671, 2.999900000000000233, -0.4815314960629848984 ) ) ;
#766 = ORIENTED_EDGE ( 'NONE', *, *, #3159, .T. ) ;
#767 = STYLED_ITEM ( 'NONE', ( #4221 ), #2228 ) ;
#768 = CARTESIAN_POINT ( 'NONE',  ( 1.142778724780128208, 2.999900000000000677, -1.821880208861821782 ) ) ;
#769 = VECTOR ( 'NONE', #1579, 1000.000000000000000 ) ;
#770 =( GEOMETRIC_REPRESENTATION_CONTEXT ( 3 ) GLOBAL_UNCERTAINTY_ASSIGNED_CONTEXT ( ( #3538 ) ) GLOBAL_UNIT_ASSIGNED_CONTEXT ( ( #3957, #4315, #4478 ) ) REPRESENTATION_CONTEXT ( 'NONE', 'WORKASPACE' ) );
#771 = UNCERTAINTY_MEASURE_WITH_UNIT (LENGTH_MEASURE( 1.000000000000000082E-05 ), #3170, 'distance_accuracy_value', 'NONE');
#772 = CARTESIAN_POINT ( 'NONE',  ( -2.665451921499553123, 2.999900000000000233, 2.819567424523459209 ) ) ;
#773 = CARTESIAN_POINT ( 'NONE',  ( 2.602775380086247203, 2.999900000000000677, 0.3871113136134829436 ) ) ;
#774 = ORIENTED_EDGE ( 'NONE', *, *, #4624, .F. ) ;
#775 =( NAMED_UNIT ( * ) SI_UNIT ( $, .STERADIAN. ) SOLID_ANGLE_UNIT ( ) );
#776 =( GEOMETRIC_REPRESENTATION_CONTEXT ( 3 ) GLOBAL_UNCERTAINTY_ASSIGNED_CONTEXT ( ( #2351 ) ) GLOBAL_UNIT_ASSIGNED_CONTEXT ( ( #35, #1081, #3675 ) ) REPRESENTATION_CONTEXT ( 'NONE', 'WORKASPACE' ) );
#777 = DIRECTION ( 'NONE',  ( -0.000000000000000000, 1.000000000000000000, -0.000000000000000000 ) ) ;
#778 = DIRECTION ( 'NONE',  ( 1.000000000000000000, -0.000000000000000000, -0.000000000000000000 ) ) ;
#779 = EDGE_CURVE ( 'NONE', #2654, #1955, #1365, .T. ) ;
#780 = CARTESIAN_POINT ( 'NONE',  ( 0.8045827407952444998, 3.000000000000000000, 0.7392322834645667085 ) ) ;
#781 = CARTESIAN_POINT ( 'NONE',  ( 1.220930602704621837, 2.999900000000000233, -0.6970020397458623895 ) ) ;
#782 = CARTESIAN_POINT ( 'NONE',  ( 1.149025747743360526, 3.000000000000000888, 0.7045314611577949693 ) ) ;
#783 = VERTEX_POINT ( 'NONE', #1450 ) ;
#784 = SURFACE_SIDE_STYLE ('',( #3591 ) ) ;
#785 = DIRECTION ( 'NONE',  ( 0.8644584418281030525, 0.000000000000000000, -0.5027042891722013351 ) ) ;
#786 = UNCERTAINTY_MEASURE_WITH_UNIT (LENGTH_MEASURE( 1.000000000000000082E-05 ), #1093, 'distance_accuracy_value', 'NONE');
#787 = CARTESIAN_POINT ( 'NONE',  ( 0.6067008510314587655, 2.999900000000000233, -0.7267047244094460012 ) ) ;
#788 = ORIENTED_EDGE ( 'NONE', *, *, #1395, .F. ) ;
#789 = DIRECTION ( 'NONE',  ( -0.4966835351851230929, 0.000000000000000000, 0.8679317172888709742 ) ) ;
#790 = CARTESIAN_POINT ( 'NONE',  ( 1.220930602704622059, 2.999900000000000677, -0.6970020397458625006 ) ) ;
#791 = MECHANICAL_DESIGN_GEOMETRIC_PRESENTATION_REPRESENTATION (  '', ( #2990 ), #1772 ) ;
#792 = COLOUR_RGB ( '',1.000000000000000000, 1.000000000000000000, 1.000000000000000000 ) ;
#793 = SURFACE_STYLE_FILL_AREA ( #2884 ) ;
#794 = ORIENTED_EDGE ( 'NONE', *, *, #657, .T. ) ;
#795 = B_SPLINE_CURVE_WITH_KNOTS ( 'NONE', 3,
 ( #1027, #4453, #1533, #2180, #825, #2117, #3566, #369, #2268, #3729, #2855 ),
 .UNSPECIFIED., .F., .F.,
 ( 4, 1, 1, 1, 1, 1, 1, 1, 4 ),
 ( 0.000000000000000000, 0.08608748684242689686, 0.1612668260071323245, 0.2388542627190386181, 0.3281828305663082035, 0.4373273942705390160, 0.5807184561777902765, 0.7620511388035712264, 1.000000000000000000 ),
 .UNSPECIFIED. ) ;
#796 = ORIENTED_EDGE ( 'NONE', *, *, #4117, .T. ) ;
#797 =( LENGTH_UNIT ( ) NAMED_UNIT ( * ) SI_UNIT ( .MILLI., .METRE. ) );
#798 = ORIENTED_EDGE ( 'NONE', *, *, #3597, .T. ) ;
#799 = CARTESIAN_POINT ( 'NONE',  ( 1.142825864974269079, 2.999900000000000233, -0.6255366016489226633 ) ) ;
#800 = DIRECTION ( 'NONE',  ( 0.000000000000000000, -1.000000000000000000, 0.000000000000000000 ) ) ;
#801 = PRESENTATION_LAYER_ASSIGNMENT (  '', '', ( #954 ) ) ;
#802 = SURFACE_STYLE_FILL_AREA ( #3812 ) ;
#803 = SURFACE_SIDE_STYLE ('',( #1894 ) ) ;
#804 = CARTESIAN_POINT ( 'NONE',  ( 2.564450823292857340, 2.999900000000000233, -0.7135461573929211543 ) ) ;
#805 = ADVANCED_FACE ( 'NONE', ( #4040 ), #2493, .T. ) ;
#806 = PRODUCT ( 'XGL6030', 'XGL6030', '', ( #3182 ) ) ;
#807 = SURFACE_STYLE_USAGE ( .BOTH. , #733 ) ;
#808 = ORIENTED_EDGE ( 'NONE', *, *, #3340, .T. ) ;
#809 = CARTESIAN_POINT ( 'NONE',  ( 2.571937412355976171, 2.999900000000000677, 1.607872597963731831 ) ) ;
#810 = STYLED_ITEM ( 'NONE', ( #1495 ), #805 ) ;
#811 = CARTESIAN_POINT ( 'NONE',  ( -1.911310959992163383, 3.000000000000000000, -0.7001102362204623120 ) ) ;
#812 = LINE ( 'NONE', #1590, #1759 ) ;
#813 = SURFACE_SIDE_STYLE ('',( #2187 ) ) ;
#814 = ORIENTED_EDGE ( 'NONE', *, *, #1277, .T. ) ;
#815 = CARTESIAN_POINT ( 'NONE',  ( 2.642566788542308309, 2.999999999999999112, -0.6591443372887454411 ) ) ;
#816 = MECHANICAL_DESIGN_GEOMETRIC_PRESENTATION_REPRESENTATION (  '', ( #1196 ), #734 ) ;
#817 = EDGE_CURVE ( 'NONE', #1434, #2333, #591, .T. ) ;
#818 = DIRECTION ( 'NONE',  ( 0.000000000000000000, 0.000000000000000000, -1.000000000000000000 ) ) ;
#819 = CARTESIAN_POINT ( 'NONE',  ( 0.1242165990629554018, 3.000000000000000000, -0.7788346456692936126 ) ) ;
#820 = FACE_OUTER_BOUND ( 'NONE', #857, .T. ) ;
#821 = B_SPLINE_CURVE_WITH_KNOTS ( 'NONE', 3,
 ( #1305, #3866, #237, #1361, #4271, #1067, #1793, #4005, #1046, #2918, #1397 ),
 .UNSPECIFIED., .F., .F.,
 ( 4, 1, 1, 1, 1, 1, 1, 1, 4 ),
 ( 0.000000000000000000, 0.2475841483258846565, 0.4361234509600950826, 0.5765471439970862866, 0.6891935206218204879, 0.7769127325059288491, 0.8506699786920546291, 0.9203469832125602546, 1.000000000000000000 ),
 .UNSPECIFIED. ) ;
#822 = EDGE_LOOP ( 'NONE', ( #2109, #1962, #2009, #441 ) ) ;
#823 =( LENGTH_UNIT ( ) NAMED_UNIT ( * ) SI_UNIT ( .MILLI., .METRE. ) );
#824 = UNCERTAINTY_MEASURE_WITH_UNIT (LENGTH_MEASURE( 1.000000000000000082E-05 ), #1977, 'distance_accuracy_value', 'NONE');
#825 = CARTESIAN_POINT ( 'NONE',  ( 2.631385331497115398, 3.000000000000000444, 1.424968133424845407 ) ) ;
#826 = SURFACE_SIDE_STYLE ('',( #1157 ) ) ;
#827 = ADVANCED_FACE ( 'NONE', ( #2185 ), #712, .T. ) ;
#828 = FILL_AREA_STYLE ('',( #3711 ) ) ;
#829 = VERTEX_POINT ( 'NONE', #2343 ) ;
#830 = DIRECTION ( 'NONE',  ( -0.4928590400114340464, 0.000000000000000000, -0.8701091694029018386 ) ) ;
#831 = COLOUR_RGB ( '',1.000000000000000000, 1.000000000000000000, 1.000000000000000000 ) ;
#832 = CARTESIAN_POINT ( 'NONE',  ( 1.142690712998739588, 2.999900000000000233, -1.849920238275274187 ) ) ;
#833 = LINE ( 'NONE', #856, #3056 ) ;
#834 = ORIENTED_EDGE ( 'NONE', *, *, #2244, .F. ) ;
#835 = CARTESIAN_POINT ( 'NONE',  ( 1.154974464376838039, 3.000000000000000888, -1.941061151260603079 ) ) ;
#836 = CARTESIAN_POINT ( 'NONE',  ( 1.154045461959794405, 2.999900000000000233, -0.8724682229854747728 ) ) ;
#837 = SURFACE_STYLE_USAGE ( .BOTH. , #4103 ) ;
#838 = DIRECTION ( 'NONE',  ( -0.000000000000000000, 1.000000000000000000, -0.000000000000000000 ) ) ;
#839 = ORIENTED_EDGE ( 'NONE', *, *, #53, .F. ) ;
#840 = MECHANICAL_DESIGN_GEOMETRIC_PRESENTATION_REPRESENTATION (  '', ( #3968 ), #3199 ) ;
#841 = DIRECTION ( 'NONE',  ( -0.8660872391925200642, 0.000000000000000000, -0.4998928826337482034 ) ) ;
#842 = CARTESIAN_POINT ( 'NONE',  ( 2.629826558503599365, 2.999999999999999556, 1.616231457385233883 ) ) ;
#843 = ORIENTED_EDGE ( 'NONE', *, *, #915, .T. ) ;
#844 = B_SPLINE_SURFACE_WITH_KNOTS ( 'NONE', 3, 1, ( 
 ( #3330, #4116 ),
 ( #4483, #4559 ),
 ( #531, #1631 ),
 ( #3044, #4140 ),
 ( #2319, #3761 ),
 ( #1206, #1969 ),
 ( #2295, #1281 ),
 ( #3787, #90 ),
 ( #1916, #1254 ),
 ( #4098, #510 ),
 ( #134, #852 ) ),
 .UNSPECIFIED., .F., .F., .F.,
 ( 4, 1, 1, 1, 1, 1, 1, 1, 4 ),
 ( 2, 2 ),
 ( 0.000000000000000000, 0.08608748684242650828, 0.1612668260071322135, 0.2388542627190378964, 0.3281828305663086476, 0.4373273942705386830, 0.5807184561777908316, 0.7620511388035706712, 1.000000000000000000 ),
 ( 0.000000000000000000, 1.000000000000000000 ),
 .UNSPECIFIED. ) ;
#845 = CARTESIAN_POINT ( 'NONE',  ( 1.220930602704622059, 3.000000000000000444, 0.5382920779011968193 ) ) ;
#846 = CARTESIAN_POINT ( 'NONE',  ( 1.169901077095652830, 2.999899999999999789, -1.085893329071908164 ) ) ;
#847 = LINE ( 'NONE', #2336, #4359 ) ;
#848 = EDGE_LOOP ( 'NONE', ( #258, #1374, #1821, #3256 ) ) ;
#849 = FACE_OUTER_BOUND ( 'NONE', #676, .T. ) ;
#850 = CARTESIAN_POINT ( 'NONE',  ( 2.640139079277641354, 3.000000000000000888, 0.5480307067437175661 ) ) ;
#851 = VECTOR ( 'NONE', #3638, 1000.000000000000000 ) ;
#852 = CARTESIAN_POINT ( 'NONE',  ( 2.642690712998739588, 3.000000000000000444, 0.2894409749600200255 ) ) ;
#853 = DIRECTION ( 'NONE',  ( -1.000000000000000000, -0.000000000000000000, -0.000000000000000000 ) ) ;
#854 = VECTOR ( 'NONE', #460, 1000.000000000000000 ) ;
#855 = CARTESIAN_POINT ( 'NONE',  ( 2.607189793881092399, 2.999900000000000233, -1.066832002981156435 ) ) ;
#856 = CARTESIAN_POINT ( 'NONE',  ( 2.564450823292857340, 2.999900000000000233, -0.8669239147458623895 ) ) ;
#857 = EDGE_LOOP ( 'NONE', ( #4475, #4529, #1132, #630 ) ) ;
#858 = CARTESIAN_POINT ( 'NONE',  ( 1.166518503127165873, 2.999999999999999112, -1.949304656196183982 ) ) ;
#859 = CARTESIAN_POINT ( 'NONE',  ( 1.142690712998739588, 2.999900000000000233, -0.9692906426870387948 ) ) ;
#860 = CARTESIAN_POINT ( 'NONE',  ( -1.447834582039406515, 2.999900000000000233, -0.9164999999999924318 ) ) ;
#861 = MECHANICAL_DESIGN_GEOMETRIC_PRESENTATION_REPRESENTATION (  '', ( #1087 ), #1463 ) ;
#862 = CARTESIAN_POINT ( 'NONE',  ( 1.142690712998739588, 2.999900000000000233, 0.6206679970188436757 ) ) ;
#863 =( GEOMETRIC_REPRESENTATION_CONTEXT ( 3 ) GLOBAL_UNCERTAINTY_ASSIGNED_CONTEXT ( ( #3842 ) ) GLOBAL_UNIT_ASSIGNED_CONTEXT ( ( #2851, #3585, #3303 ) ) REPRESENTATION_CONTEXT ( 'NONE', 'WORKASPACE' ) );
#864 = ORIENTED_EDGE ( 'NONE', *, *, #4549, .T. ) ;
#865 = PRESENTATION_STYLE_ASSIGNMENT (( #2661 ) ) ;
#866 = CARTESIAN_POINT ( 'NONE',  ( -2.644999999999999130, 0.000000000000000000, 2.500000000000000000 ) ) ;
#867 = CARTESIAN_POINT ( 'NONE',  ( 0.4118740793779169795, 3.000000000000000000, -0.2717755905511823888 ) ) ;
#868 = ORIENTED_EDGE ( 'NONE', *, *, #3159, .F. ) ;
#869 = EDGE_CURVE ( 'NONE', #226, #1434, #4470, .T. ) ;
#870 = SURFACE_SIDE_STYLE ('',( #504 ) ) ;
#871 = SURFACE_STYLE_FILL_AREA ( #2335 ) ;
#872 = LINE ( 'NONE', #1602, #1989 ) ;
#873 = ORIENTED_EDGE ( 'NONE', *, *, #3084, .F. ) ;
#874 = CARTESIAN_POINT ( 'NONE',  ( 1.143354133692981112, 2.999900000000000233, 0.2994110420057710109 ) ) ;
#875 = VECTOR ( 'NONE', #1403, 1000.000000000000000 ) ;
#876 = SURFACE_STYLE_USAGE ( .BOTH. , #3043 ) ;
#877 = LINE ( 'NONE', #832, #1033 ) ;
#878 = CARTESIAN_POINT ( 'NONE',  ( -2.644999999999999130, 0.000000000000000000, -2.500000000000000000 ) ) ;
#879 = STYLED_ITEM ( 'NONE', ( #506 ), #1174 ) ;
#880 = EDGE_LOOP ( 'NONE', ( #4120, #526, #2758, #2660 ) ) ;
#881 = LINE ( 'NONE', #4080, #2683 ) ;
#882 = CARTESIAN_POINT ( 'NONE',  ( 1.148772520324219615, 2.999900000000001121, 0.5441857298222008144 ) ) ;
#883 = FILL_AREA_STYLE ('',( #264 ) ) ;
#884 =( NAMED_UNIT ( * ) SI_UNIT ( $, .STERADIAN. ) SOLID_ANGLE_UNIT ( ) );
#885 = FILL_AREA_STYLE ('',( #1954 ) ) ;
#886 = CARTESIAN_POINT ( 'NONE',  ( 1.178191632116386556, 2.999900000000000233, -0.5015746500399800301 ) ) ;
#887 = CARTESIAN_POINT ( 'NONE',  ( 1.142690712998739588, 2.999900000000000233, -0.6146261206282154221 ) ) ;
#888 = VERTEX_POINT ( 'NONE', #4586 ) ;
#889 = VECTOR ( 'NONE', #4331, 1000.000000000000227 ) ;
#890 = CARTESIAN_POINT ( 'NONE',  ( 2.644999999999999130, 0.000000000000000000, 2.500000000000000444 ) ) ;
#891 = ORIENTED_EDGE ( 'NONE', *, *, #2118, .F. ) ;
#892 = CARTESIAN_POINT ( 'NONE',  ( 1.200201249945043180, 3.000000000000001332, 0.5276070251643458775 ) ) ;
#893 = COLOUR_RGB ( '',1.000000000000000000, 1.000000000000000000, 1.000000000000000000 ) ;
#894 = DIRECTION ( 'NONE',  ( 0.8679317172888709742, 0.000000000000000000, 0.4966835351851230929 ) ) ;
#895 = ORIENTED_EDGE ( 'NONE', *, *, #1496, .F. ) ;
#896 = CARTESIAN_POINT ( 'NONE',  ( 2.630254047037110965, 2.999899999999999789, 0.7109544711102691039 ) ) ;
#897 =( NAMED_UNIT ( * ) PLANE_ANGLE_UNIT ( ) SI_UNIT ( $, .RADIAN. ) );
#898 = CARTESIAN_POINT ( 'NONE',  ( 2.630254047037111409, 3.000000000000000000, -1.759633764183848870 ) ) ;
#899 = EDGE_CURVE ( 'NONE', #604, #4652, #1302, .T. ) ;
#900 = SURFACE_STYLE_FILL_AREA ( #4486 ) ;
#901 = EDGE_CURVE ( 'NONE', #2106, #2010, #2611, .T. ) ;
#902 = VERTEX_POINT ( 'NONE', #3888 ) ;
#903 = CARTESIAN_POINT ( 'NONE',  ( 1.148772520324219615, 3.000000000000000444, -1.926402505471917603 ) ) ;
#904 = CARTESIAN_POINT ( 'NONE',  ( 2.631385331497115398, 2.999900000000000233, 1.424968133424845407 ) ) ;
#905 = CARTESIAN_POINT ( 'NONE',  ( 1.734142918881092399, 2.999900000000000233, -1.415981819157627219 ) ) ;
#906 = CARTESIAN_POINT ( 'NONE',  ( 2.584854964514851083, 2.999900000000000677, -1.960035897604229804 ) ) ;
#907 =( NAMED_UNIT ( * ) SI_UNIT ( $, .STERADIAN. ) SOLID_ANGLE_UNIT ( ) );
#908 = EDGE_CURVE ( 'NONE', #2995, #3110, #137, .T. ) ;
#909 = CARTESIAN_POINT ( 'NONE',  ( 1.154538716452736091, 2.999900000000000233, -1.755906955505793121 ) ) ;
#910 = CARTESIAN_POINT ( 'NONE',  ( 1.146505634764222181, 3.000000000000000444, 1.426189584154387235 ) ) ;
#911 = ORIENTED_EDGE ( 'NONE', *, *, #57, .F. ) ;
#912 = CARTESIAN_POINT ( 'NONE',  ( 2.642690712998740032, 2.999900000000000233, 1.524735092607079290 ) ) ;
#913 = EDGE_LOOP ( 'NONE', ( #3370, #4155, #1183, #3356 ) ) ;
#914 =( GEOMETRIC_REPRESENTATION_CONTEXT ( 3 ) GLOBAL_UNCERTAINTY_ASSIGNED_CONTEXT ( ( #3887 ) ) GLOBAL_UNIT_ASSIGNED_CONTEXT ( ( #1212, #588, #537 ) ) REPRESENTATION_CONTEXT ( 'NONE', 'WORKASPACE' ) );
#915 = EDGE_CURVE ( 'NONE', #2791, #3651, #3117, .T. ) ;
#916 = CARTESIAN_POINT ( 'NONE',  ( 2.616279699699928241, 2.999999999999999556, -0.5096733813885260256 ) ) ;
#917 = ORIENTED_EDGE ( 'NONE', *, *, #869, .F. ) ;
#918 = SURFACE_SIDE_STYLE ('',( #4138 ) ) ;
#919 = SURFACE_STYLE_USAGE ( .BOTH. , #4192 ) ;
#920 = UNCERTAINTY_MEASURE_WITH_UNIT (LENGTH_MEASURE( 1.000000000000000082E-05 ), #3574, 'distance_accuracy_value', 'NONE');
#921 =( LENGTH_UNIT ( ) NAMED_UNIT ( * ) SI_UNIT ( .MILLI., .METRE. ) );
#922 = COLOUR_RGB ( '',1.000000000000000000, 1.000000000000000000, 1.000000000000000000 ) ;
#923 = CARTESIAN_POINT ( 'NONE',  ( 2.630254047037111409, 2.999999999999999556, -1.759633764183848870 ) ) ;
#924 = DIRECTION ( 'NONE',  ( 0.6128916609699309737, -0.000000000000000000, -0.7901669519244139961 ) ) ;
#925 = CARTESIAN_POINT ( 'NONE',  ( 1.213298624243933199, 2.999999999999999556, -0.8814998024638358576 ) ) ;
#926 = CARTESIAN_POINT ( 'NONE',  ( 2.642690712998739588, 3.000000000000000000, 1.524735092607079068 ) ) ;
#927 = FACE_OUTER_BOUND ( 'NONE', #1440, .T. ) ;
#928 = UNCERTAINTY_MEASURE_WITH_UNIT (LENGTH_MEASURE( 1.000000000000000082E-05 ), #3432, 'distance_accuracy_value', 'NONE');
#929 = AXIS2_PLACEMENT_3D ( 'NONE', #4508, #4195, #4142 ) ;
#930 = VECTOR ( 'NONE', #2289, 1000.000000000000000 ) ;
#931 = FILL_AREA_STYLE ('',( #2215 ) ) ;
#932 =( NAMED_UNIT ( * ) SI_UNIT ( $, .STERADIAN. ) SOLID_ANGLE_UNIT ( ) );
#933 =( NAMED_UNIT ( * ) SI_UNIT ( $, .STERADIAN. ) SOLID_ANGLE_UNIT ( ) );
#934 = CARTESIAN_POINT ( 'NONE',  ( 1.200042968348131067, 2.999899999999999789, 0.3608046952921286632 ) ) ;
#935 = LINE ( 'NONE', #1269, #2038 ) ;
#936 = AXIS2_PLACEMENT_3D ( 'NONE', #3196, #3551, #2879 ) ;
#937 = VERTEX_POINT ( 'NONE', #3724 ) ;
#938 = CARTESIAN_POINT ( 'NONE',  ( 2.564450823292857340, 2.999900000000000233, 0.3683702029011965418 ) ) ;
#939 = ORIENTED_EDGE ( 'NONE', *, *, #3710, .T. ) ;
#940 = CARTESIAN_POINT ( 'NONE',  ( 1.143068033057007771, 2.999900000000000233, 0.5902078922491580393 ) ) ;
#941 = ADVANCED_FACE ( 'NONE', ( #4441 ), #156, .T. ) ;
#942 = DIRECTION ( 'NONE',  ( -0.8599778663242776400, 0.000000000000000000, 0.5103313329909725526 ) ) ;
#943 = VERTEX_POINT ( 'NONE', #2433 ) ;
#944 = CARTESIAN_POINT ( 'NONE',  ( 1.142690712998739588, 2.999900000000000233, 0.2660034749600200255 ) ) ;
#945 = EDGE_LOOP ( 'NONE', ( #546, #2666, #3806, #1815 ) ) ;
#946 = PLANE ( 'NONE',  #1488 ) ;
#947 = FILL_AREA_STYLE ('',( #1255 ) ) ;
#948 =( GEOMETRIC_REPRESENTATION_CONTEXT ( 3 ) GLOBAL_UNCERTAINTY_ASSIGNED_CONTEXT ( ( #538 ) ) GLOBAL_UNIT_ASSIGNED_CONTEXT ( ( #1168, #3281, #2226 ) ) REPRESENTATION_CONTEXT ( 'NONE', 'WORKASPACE' ) );
#949 = LINE ( 'NONE', #1303, #3057 ) ;
#950 = STYLED_ITEM ( 'NONE', ( #1798 ), #2063 ) ;
#951 = CARTESIAN_POINT ( 'NONE',  ( 1.142690712998739588, 3.000000000000000000, -0.9692906426870387948 ) ) ;
#952 = FACE_OUTER_BOUND ( 'NONE', #3179, .T. ) ;
#953 = CARTESIAN_POINT ( 'NONE',  ( 2.642690712998740032, 3.000000000000000444, -1.861294319157627442 ) ) ;
#954 = STYLED_ITEM ( 'NONE', ( #3381 ), #4645 ) ;
#955 = STYLED_ITEM ( 'NONE', ( #3951 ), #1256 ) ;
#956 = FACE_BOUND ( 'NONE', #2597, .T. ) ;
#957 = COLOUR_RGB ( '',1.000000000000000000, 1.000000000000000000, 1.000000000000000000 ) ;
#958 = DIRECTION ( 'NONE',  ( 0.8644584418281031635, 0.000000000000000000, -0.5027042891722010021 ) ) ;
#959 = CARTESIAN_POINT ( 'NONE',  ( 1.143793079353702780, 2.999900000000000677, 0.3276079968011174626 ) ) ;
#960 = SURFACE_STYLE_FILL_AREA ( #4521 ) ;
#961 = SURFACE_STYLE_FILL_AREA ( #4669 ) ;
#962 = FACE_OUTER_BOUND ( 'NONE', #482, .T. ) ;
#963 = EDGE_CURVE ( 'NONE', #4460, #2015, #2169, .T. ) ;
#964 = ORIENTED_EDGE ( 'NONE', *, *, #4474, .F. ) ;
#965 = EDGE_CURVE ( 'NONE', #2570, #2143, #3977, .T. ) ;
#966 = STYLED_ITEM ( 'NONE', ( #4269 ), #2415 ) ;
#967 = CARTESIAN_POINT ( 'NONE',  ( -1.763090487551214780, 2.999900000000000233, -0.04034645669290454206 ) ) ;
#968 = SURFACE_SIDE_STYLE ('',( #3219 ) ) ;
#969 = ORIENTED_EDGE ( 'NONE', *, *, #2914, .T. ) ;
#970 = CARTESIAN_POINT ( 'NONE',  ( 1.142778724780128208, 2.999900000000000677, -1.821880208861821782 ) ) ;
#971 = VECTOR ( 'NONE', #3629, 1000.000000000000000 ) ;
#972 = EDGE_LOOP ( 'NONE', ( #3774, #3134, #1259, #3266 ) ) ;
#973 = ORIENTED_EDGE ( 'NONE', *, *, #2491, .F. ) ;
#974 = CARTESIAN_POINT ( 'NONE',  ( 0.4081181738661062708, 2.999900000000000233, 4.336808689942017736E-16 ) ) ;
#975 = UNCERTAINTY_MEASURE_WITH_UNIT (LENGTH_MEASURE( 1.000000000000000082E-05 ), #724, 'distance_accuracy_value', 'NONE');
#976 = DIRECTION ( 'NONE',  ( 1.000000000000000000, 0.000000000000000000, 0.000000000000000000 ) ) ;
#977 = CARTESIAN_POINT ( 'NONE',  ( 2.642539632016172924, 2.999900000000000677, -0.9143226583606161029 ) ) ;
#978 = CARTESIAN_POINT ( 'NONE',  ( 1.142722440240110604, 3.000000000000000444, -0.6045180104728291592 ) ) ;
#979 = CARTESIAN_POINT ( 'NONE',  ( 1.166537727726018714, 2.999999999999999556, -0.8654582055442724409 ) ) ;
#980 = STYLED_ITEM ( 'NONE', ( #2434 ), #2402 ) ;
#981 =( LENGTH_UNIT ( ) NAMED_UNIT ( * ) SI_UNIT ( .MILLI., .METRE. ) );
#982 = EDGE_CURVE ( 'NONE', #1172, #4165, #3934, .T. ) ;
#983 = CARTESIAN_POINT ( 'NONE',  ( 3.355000000000000870, 3.000000000000000000, -3.454999999999999627 ) ) ;
#984 = CARTESIAN_POINT ( 'NONE',  ( -1.399055054480345284, 2.999900000000000233, 0.9207283464566988762 ) ) ;
#985 = CARTESIAN_POINT ( 'NONE',  ( 2.564450823292857340, 2.999900000000000233, 0.3683702029011965418 ) ) ;
#986 = SURFACE_STYLE_FILL_AREA ( #4254 ) ;
#987 = CARTESIAN_POINT ( 'NONE',  ( 1.166537727726018936, 2.999899999999999789, 0.3698359121027862684 ) ) ;
#988 = CARTESIAN_POINT ( 'NONE',  ( 2.642673057520803503, 2.999899999999998901, -0.5955304372566720961 ) ) ;
#989 = DIRECTION ( 'NONE',  ( -0.000000000000000000, 1.000000000000000000, -0.000000000000000000 ) ) ;
#990 = EDGE_LOOP ( 'NONE', ( #2940, #3628, #3509, #1987 ) ) ;
#991 = CARTESIAN_POINT ( 'NONE',  ( 1.148772520324219615, 2.999900000000000677, -1.926402505471917603 ) ) ;
#992 = CARTESIAN_POINT ( 'NONE',  ( 1.881316632116386556, 2.999900000000000233, -0.04213071621645054360 ) ) ;
#993 = ORIENTED_EDGE ( 'NONE', *, *, #2638, .F. ) ;
#994 = DIRECTION ( 'NONE',  ( -0.000000000000000000, 1.000000000000000000, -0.000000000000000000 ) ) ;
#995 = VERTEX_POINT ( 'NONE', #2870 ) ;
#996 = ORIENTED_EDGE ( 'NONE', *, *, #1539, .T. ) ;
#997 = CARTESIAN_POINT ( 'NONE',  ( 2.642646007643794981, 3.000000000000000000, 0.5973372741872973180 ) ) ;
#998 = CARTESIAN_POINT ( 'NONE',  ( 2.617887197584241044, 3.000000000000000444, -0.8472348019865251212 ) ) ;
#999 = B_SPLINE_CURVE_WITH_KNOTS ( 'NONE', 3,
 ( #2862, #3528, #4328, #1056, #3991, #2838, #694, #3595, #4309, #2469, #10 ),
 .UNSPECIFIED., .F., .F.,
 ( 4, 1, 1, 1, 1, 1, 1, 1, 4 ),
 ( 0.000000000000000000, 0.08608748684242650828, 0.1612668260071322135, 0.2388542627190378964, 0.3281828305663086476, 0.4373273942705386830, 0.5807184561777908316, 0.7620511388035706712, 1.000000000000000000 ),
 .UNSPECIFIED. ) ;
#1000 = DIRECTION ( 'NONE',  ( -0.000000000000000000, 1.000000000000000000, -0.000000000000000000 ) ) ;
#1001 = CARTESIAN_POINT ( 'NONE',  ( 1.143354133692980668, 2.999999999999999556, -0.9358830756412876983 ) ) ;
#1002 =( NAMED_UNIT ( * ) PLANE_ANGLE_UNIT ( ) SI_UNIT ( $, .RADIAN. ) );
#1003 = CARTESIAN_POINT ( 'NONE',  ( 2.642690712998740032, 2.999900000000000677, -1.861294319157627442 ) ) ;
#1004 = PLANE ( 'NONE',  #2846 ) ;
#1005 = VECTOR ( 'NONE', #3780, 1000.000000000000000 ) ;
#1006 = VECTOR ( 'NONE', #2677, 1000.000000000000000 ) ;
#1007 = VECTOR ( 'NONE', #39, 1000.000000000000114 ) ;
#1008 = SURFACE_STYLE_FILL_AREA ( #1623 ) ;
#1009 = FACE_OUTER_BOUND ( 'NONE', #4519, .T. ) ;
#1010 = CARTESIAN_POINT ( 'NONE',  ( 2.641323004694411392, 2.999900000000002009, -0.5698892122843346453 ) ) ;
#1011 = CARTESIAN_POINT ( 'NONE',  ( -3.354999999999999094, 0.000000000000000000, -3.454999999999999627 ) ) ;
#1012 = PRESENTATION_LAYER_ASSIGNMENT (  '', '', ( #2365 ) ) ;
#1013 = FILL_AREA_STYLE ('',( #1366 ) ) ;
#1014 = COLOUR_RGB ( '',0.1921568627450980227, 0.2039215686274509776, 0.2039215686274509776 ) ;
#1015 = EDGE_CURVE ( 'NONE', #2106, #4086, #251, .T. ) ;
#1016 = ADVANCED_FACE ( 'NONE', ( #364 ), #321, .T. ) ;
#1017 = CARTESIAN_POINT ( 'NONE',  ( 2.636813255159033975, 2.999900000000000233, 0.5267886985446531556 ) ) ;
#1018 = CARTESIAN_POINT ( 'NONE',  ( 2.610351767915529031, 3.000000000000000444, 0.7286545385165502653 ) ) ;
#1019 = VERTEX_POINT ( 'NONE', #3582 ) ;
#1020 = FILL_AREA_STYLE ('',( #3221 ) ) ;
#1021 = VERTEX_POINT ( 'NONE', #2112 ) ;
#1022 = SURFACE_STYLE_USAGE ( .BOTH. , #1681 ) ;
#1023 = EDGE_CURVE ( 'NONE', #2972, #2308, #1787, .T. ) ;
#1024 = DIRECTION ( 'NONE',  ( -0.000000000000000000, 1.000000000000000000, -0.000000000000000000 ) ) ;
#1025 = B_SPLINE_CURVE_WITH_KNOTS ( 'NONE', 3,
 ( #855, #4536, #512, #1614, #2045, #186, #1232, #235, #3068, #1661, #1257 ),
 .UNSPECIFIED., .F., .F.,
 ( 4, 1, 1, 1, 1, 1, 1, 1, 4 ),
 ( 0.000000000000000000, 0.08608748684242605032, 0.1612668260071325466, 0.2388542627190375356, 0.3281828305663086476, 0.4373273942705394601, 0.5807184561777908316, 0.7620511388035702272, 0.9999999999999998890 ),
 .UNSPECIFIED. ) ;
#1026 = COLOUR_RGB ( '',1.000000000000000000, 1.000000000000000000, 1.000000000000000000 ) ;
#1027 = CARTESIAN_POINT ( 'NONE',  ( 2.607189793881092399, 3.000000000000000000, 1.403756232312961316 ) ) ;
#1028 = CARTESIAN_POINT ( 'NONE',  ( 2.564450823292857340, 3.000000000000000000, 0.3683702029011965418 ) ) ;
#1029 =( NAMED_UNIT ( * ) PLANE_ANGLE_UNIT ( ) SI_UNIT ( $, .RADIAN. ) );
#1030 = CARTESIAN_POINT ( 'NONE',  ( -1.974192849755940671, 2.999900000000000233, -0.4815314960629848984 ) ) ;
#1031 =( NAMED_UNIT ( * ) PLANE_ANGLE_UNIT ( ) SI_UNIT ( $, .RADIAN. ) );
#1032 = SURFACE_SIDE_STYLE ('',( #2448 ) ) ;
#1033 = VECTOR ( 'NONE', #2673, 1000.000000000000000 ) ;
#1034 = COLOUR_RGB ( '',0.1921568627450980227, 0.2039215686274509776, 0.2039215686274509776 ) ;
#1035 = CARTESIAN_POINT ( 'NONE',  ( 2.630254047037110965, 3.000000000000000000, -0.5243396465367895498 ) ) ;
#1036 = FILL_AREA_STYLE ('',( #281 ) ) ;
#1037 = LINE ( 'NONE', #2473, #3434 ) ;
#1038 = ORIENTED_EDGE ( 'NONE', *, *, #1120, .F. ) ;
#1039 =( NAMED_UNIT ( * ) PLANE_ANGLE_UNIT ( ) SI_UNIT ( $, .RADIAN. ) );
#1040 = EDGE_LOOP ( 'NONE', ( #2080, #3204, #467, #571 ) ) ;
#1041 = COLOUR_RGB ( '',1.000000000000000000, 1.000000000000000000, 1.000000000000000000 ) ;
#1042 = CARTESIAN_POINT ( 'NONE',  ( -0.1988070229842903158, 2.999900000000000233, -1.102125984251967505 ) ) ;
#1043 = CARTESIAN_POINT ( 'NONE',  ( 0.3034685675668905014, 3.000000000000000000, -1.102125984251969282 ) ) ;
#1044 =( NAMED_UNIT ( * ) PLANE_ANGLE_UNIT ( ) SI_UNIT ( $, .RADIAN. ) );
#1045 =( GEOMETRIC_REPRESENTATION_CONTEXT ( 3 ) GLOBAL_UNCERTAINTY_ASSIGNED_CONTEXT ( ( #3744 ) ) GLOBAL_UNIT_ASSIGNED_CONTEXT ( ( #288, #4584, #2767 ) ) REPRESENTATION_CONTEXT ( 'NONE', 'WORKASPACE' ) );
#1046 = CARTESIAN_POINT ( 'NONE',  ( 2.616279699699928685, 2.999899999999999789, -1.744967499035585012 ) ) ;
#1047 =( LENGTH_UNIT ( ) NAMED_UNIT ( * ) SI_UNIT ( .MILLI., .METRE. ) );
#1048 = LINE ( 'NONE', #3545, #1518 ) ;
#1049 = DIRECTION ( 'NONE',  ( 1.000000000000000000, 0.000000000000000000, -1.255226827769035407E-16 ) ) ;
#1050 = ADVANCED_FACE ( 'NONE', ( #3246 ), #1748, .F. ) ;
#1051 = CARTESIAN_POINT ( 'NONE',  ( 2.642690712998739588, 3.000000000000000000, 0.2894409749600200255 ) ) ;
#1052 = PRESENTATION_LAYER_ASSIGNMENT (  '', '', ( #3877 ) ) ;
#1053 = CARTESIAN_POINT ( 'NONE',  ( 1.154027076143226971, 2.999899999999999789, 0.1633265355979788003 ) ) ;
#1054 = LINE ( 'NONE', #761, #3451 ) ;
#1055 = MECHANICAL_DESIGN_GEOMETRIC_PRESENTATION_REPRESENTATION (  '', ( #445 ), #1285 ) ;
#1056 = CARTESIAN_POINT ( 'NONE',  ( 2.624753711275634060, 2.999900000000001121, 0.1810289450280383738 ) ) ;
#1057 =( LENGTH_UNIT ( ) NAMED_UNIT ( * ) SI_UNIT ( .MILLI., .METRE. ) );
#1058 = CARTESIAN_POINT ( 'NONE',  ( 2.610467510789358236, 3.000000000000000444, -1.064853181661812309 ) ) ;
#1059 = VERTEX_POINT ( 'NONE', #2243 ) ;
#1060 =( LENGTH_UNIT ( ) NAMED_UNIT ( * ) SI_UNIT ( .MILLI., .METRE. ) );
#1061 = EDGE_CURVE ( 'NONE', #3306, #2689, #2801, .T. ) ;
#1062 = ORIENTED_EDGE ( 'NONE', *, *, #2837, .T. ) ;
#1063 = UNCERTAINTY_MEASURE_WITH_UNIT (LENGTH_MEASURE( 1.000000000000000082E-05 ), #540, 'distance_accuracy_value', 'NONE');
#1064 = CARTESIAN_POINT ( 'NONE',  ( 0.6067008510314587655, 3.000000000000000000, -0.7267047244094460012 ) ) ;
#1065 = B_SPLINE_SURFACE_WITH_KNOTS ( 'NONE', 3, 1, ( 
 ( #3808, #3039 ),
 ( #3436, #4527 ),
 ( #940, #3085 ),
 ( #4238, #3414 ),
 ( #178, #227 ),
 ( #1249, #2385 ),
 ( #2669, #1276 ),
 ( #2713, #3394 ),
 ( #3857, #3107 ),
 ( #129, #3135 ),
 ( #2361, #4600 ) ),
 .UNSPECIFIED., .F., .F., .F.,
 ( 4, 1, 1, 1, 1, 1, 1, 1, 4 ),
 ( 2, 2 ),
 ( 0.000000000000000000, 0.2009044012478304053, 0.3599846282170884315, 0.4835952109184648018, 0.5715364693554770836, 0.6460191871590634793, 0.7285858147531646400, 0.8430130251172095468, 1.000000000000000000 ),
 ( 0.000000000000000000, 1.000000000000000000 ),
 .UNSPECIFIED. ) ;
#1066 = SURFACE_STYLE_FILL_AREA ( #4633 ) ;
#1067 = CARTESIAN_POINT ( 'NONE',  ( 2.635047234864875687, 2.999900000000001121, -1.770913513954881502 ) ) ;
#1068 = AXIS2_PLACEMENT_3D ( 'NONE', #729, #3228, #3254 ) ;
#1069 = FILL_AREA_STYLE ('',( #65 ) ) ;
#1070 = CARTESIAN_POINT ( 'NONE',  ( 2.642690712998739588, 3.000000000000000000, 0.2894409749600200255 ) ) ;
#1071 =( NAMED_UNIT ( * ) PLANE_ANGLE_UNIT ( ) SI_UNIT ( $, .RADIAN. ) );
#1072 = CARTESIAN_POINT ( 'NONE',  ( 1.169738862666132251, 2.999999999999999556, 0.7279673688980394797 ) ) ;
#1073 = CARTESIAN_POINT ( 'NONE',  ( 1.175322422394288857, 2.999999999999999556, -1.738821261202396995 ) ) ;
#1074 = LINE ( 'NONE', #3988, #4442 ) ;
#1075 = EDGE_CURVE ( 'NONE', #4652, #2864, #3709, .T. ) ;
#1076 = CARTESIAN_POINT ( 'NONE',  ( 2.642690712998739588, 3.000000000000000000, -0.9458531426870389058 ) ) ;
#1077 = STYLED_ITEM ( 'NONE', ( #4409 ), #2286 ) ;
#1078 = CARTESIAN_POINT ( 'NONE',  ( 2.564450823292857340, 2.999900000000000233, 0.5217479602541378325 ) ) ;
#1079 = VECTOR ( 'NONE', #4502, 1000.000000000000000 ) ;
#1080 = CARTESIAN_POINT ( 'NONE',  ( 1.881316632116386556, 2.999900000000000233, 1.193163401430608506 ) ) ;
#1081 =( NAMED_UNIT ( * ) PLANE_ANGLE_UNIT ( ) SI_UNIT ( $, .RADIAN. ) );
#1082 = CARTESIAN_POINT ( 'NONE',  ( 2.607189793881092399, 2.999900000000000233, -0.5050213412164505922 ) ) ;
#1083 = EDGE_LOOP ( 'NONE', ( #3181, #911, #3758, #14 ) ) ;
#1084 = PRESENTATION_STYLE_ASSIGNMENT (( #919 ) ) ;
#1085 = EDGE_CURVE ( 'NONE', #4090, #2497, #2915, .T. ) ;
#1086 = DIRECTION ( 'NONE',  ( 0.4998928826337482589, 0.000000000000000000, -0.8660872391925201752 ) ) ;
#1087 = STYLED_ITEM ( 'NONE', ( #1692 ), #1428 ) ;
#1088 = FACE_OUTER_BOUND ( 'NONE', #4243, .T. ) ;
#1089 = ORIENTED_EDGE ( 'NONE', *, *, #2457, .T. ) ;
#1090 = CARTESIAN_POINT ( 'NONE',  ( 1.148772520324219615, 2.999900000000001121, -0.6911083878248586165 ) ) ;
#1091 = VECTOR ( 'NONE', #3209, 1000.000000000000000 ) ;
#1092 = DIRECTION ( 'NONE',  ( -1.000000000000000000, 0.000000000000000000, 1.255226827769035407E-16 ) ) ;
#1093 =( LENGTH_UNIT ( ) NAMED_UNIT ( * ) SI_UNIT ( .MILLI., .METRE. ) );
#1094 =( NAMED_UNIT ( * ) PLANE_ANGLE_UNIT ( ) SI_UNIT ( $, .RADIAN. ) );
#1095 = CARTESIAN_POINT ( 'NONE',  ( 2.629964885561349330, 3.000000000000000000, -1.958995297265973878 ) ) ;
#1096 = CARTESIAN_POINT ( 'NONE',  ( 0.6067008510314587655, 3.000000000000000000, -0.7267047244094460012 ) ) ;
#1097 = ORIENTED_EDGE ( 'NONE', *, *, #901, .T. ) ;
#1098 = SURFACE_SIDE_STYLE ('',( #3615 ) ) ;
#1099 = CARTESIAN_POINT ( 'NONE',  ( 2.642690712998739588, 2.999900000000000233, 1.524735092607079068 ) ) ;
#1100 = CARTESIAN_POINT ( 'NONE',  ( 0.7799370715039031232, 2.999900000000000233, -0.02874015748031673659 ) ) ;
#1101 = CARTESIAN_POINT ( 'NONE',  ( 2.624753711275633172, 2.999999999999998224, -1.054265172619019975 ) ) ;
#1102 = CARTESIAN_POINT ( 'NONE',  ( 2.642690712998740032, 2.999900000000000677, -0.6260002015105683437 ) ) ;
#1103 = MECHANICAL_DESIGN_GEOMETRIC_PRESENTATION_REPRESENTATION (  '', ( #3603 ), #4378 ) ;
#1104 = B_SPLINE_SURFACE_WITH_KNOTS ( 'NONE', 3, 1, ( 
 ( #4613, #1051 ),
 ( #4687, #687 ),
 ( #1381, #2095 ),
 ( #310, #3213 ),
 ( #3963, #3872 ),
 ( #593, #4227 ),
 ( #3548, #1733 ),
 ( #2133, #2076 ),
 ( #3522, #3232 ),
 ( #4709, #2832 ),
 ( #985, #1028 ) ),
 .UNSPECIFIED., .F., .F., .F.,
 ( 4, 1, 1, 1, 1, 1, 1, 1, 4 ),
 ( 2, 2 ),
 ( 0.000000000000000000, 0.2090174448045497568, 0.3701215845098707047, 0.4868884033316095428, 0.5748632755078623147, 0.6458207185090945046, 0.7281441267704360509, 0.8423061535616729323, 1.000000000000000000 ),
 ( 0.000000000000000000, 1.000000000000000000 ),
 .UNSPECIFIED. ) ;
#1105 = CARTESIAN_POINT ( 'NONE',  ( 1.220930602704621837, 3.000000000000000000, -0.8855360470988036248 ) ) ;
#1106 = EDGE_CURVE ( 'NONE', #3748, #1392, #4405, .T. ) ;
#1107 = VECTOR ( 'NONE', #1583, 1000.000000000000000 ) ;
#1108 = FILL_AREA_STYLE ('',( #742 ) ) ;
#1109 = CARTESIAN_POINT ( 'NONE',  ( 1.142720842757629640, 2.999900000000001121, 1.490727634935819168 ) ) ;
#1110 = EDGE_CURVE ( 'NONE', #3347, #1466, #1889, .T. ) ;
#1111 = ORIENTED_EDGE ( 'NONE', *, *, #1023, .T. ) ;
#1112 = UNCERTAINTY_MEASURE_WITH_UNIT (LENGTH_MEASURE( 1.000000000000000082E-05 ), #1284, 'distance_accuracy_value', 'NONE');
#1113 = CARTESIAN_POINT ( 'NONE',  ( 1.734142918881092399, 2.999900000000000233, -0.1806877015105681772 ) ) ;
#1114 = DIRECTION ( 'NONE',  ( -0.4928590400114339354, 0.000000000000000000, -0.8701091694029019497 ) ) ;
#1115 = VERTEX_POINT ( 'NONE', #439 ) ;
#1116 = CARTESIAN_POINT ( 'NONE',  ( 1.220930602704622059, 2.999900000000000677, -0.6970020397458625006 ) ) ;
#1117 = FACE_OUTER_BOUND ( 'NONE', #1083, .T. ) ;
#1118 =( NAMED_UNIT ( * ) SI_UNIT ( $, .STERADIAN. ) SOLID_ANGLE_UNIT ( ) );
#1119 = CARTESIAN_POINT ( 'NONE',  ( 1.220930602704622059, 2.999900000000000677, 0.5382920779011968193 ) ) ;
#1120 = EDGE_CURVE ( 'NONE', #249, #152, #2548, .T. ) ;
#1121 = COLOUR_RGB ( '',1.000000000000000000, 1.000000000000000000, 1.000000000000000000 ) ;
#1122 = EDGE_LOOP ( 'NONE', ( #788, #1151, #3433, #1140 ) ) ;
#1123 = EDGE_CURVE ( 'NONE', #2086, #902, #746, .T. ) ;
#1124 = CARTESIAN_POINT ( 'NONE',  ( 1.178191632116386556, 2.999900000000000233, 0.1426119308423729748 ) ) ;
#1125 = CARTESIAN_POINT ( 'NONE',  ( 1.166537727726018936, 2.999999999999999556, 0.3698359121027862684 ) ) ;
#1126 = CARTESIAN_POINT ( 'NONE',  ( 2.641316205600277911, 3.000000000000000888, -1.000017597477753206 ) ) ;
#1127 = DIRECTION ( 'NONE',  ( 0.8644584418281030525, 0.000000000000000000, -0.5027042891722013351 ) ) ;
#1128 = PRESENTATION_STYLE_ASSIGNMENT (( #1476 ) ) ;
#1129 = FILL_AREA_STYLE ('',( #2986 ) ) ;
#1130 = CARTESIAN_POINT ( 'NONE',  ( 1.220930602704621837, 3.000000000000000000, 1.585052188195314349 ) ) ;
#1131 = EDGE_CURVE ( 'NONE', #4523, #4090, #3756, .T. ) ;
#1132 = ORIENTED_EDGE ( 'NONE', *, *, #1806, .T. ) ;
#1133 = SURFACE_STYLE_USAGE ( .BOTH. , #1834 ) ;
#1134 = CARTESIAN_POINT ( 'NONE',  ( 2.602775380086246315, 2.999999999999998668, -0.8481828040335757102 ) ) ;
#1135 = CARTESIAN_POINT ( 'NONE',  ( 2.642690712998739588, 2.999900000000000233, 0.2894409749600200255 ) ) ;
#1136 = ORIENTED_EDGE ( 'NONE', *, *, #1075, .F. ) ;
#1137 = CARTESIAN_POINT ( 'NONE',  ( 1.154974464376837373, 2.999900000000000233, -0.7057670336135434264 ) ) ;
#1138 = PLANE ( 'NONE',  #739 ) ;
#1139 = CARTESIAN_POINT ( 'NONE',  ( 1.142722440240110604, 2.999900000000000677, 0.6307761071742298276 ) ) ;
#1140 = ORIENTED_EDGE ( 'NONE', *, *, #3587, .T. ) ;
#1141 = CARTESIAN_POINT ( 'NONE',  ( 1.178191632116386556, 3.000000000000000000, -1.736868767687038906 ) ) ;
#1142 = CARTESIAN_POINT ( 'NONE',  ( 0.7799370715039031232, 3.000000000000000000, -0.02874015748031673659 ) ) ;
#1143 = DIRECTION ( 'NONE',  ( -0.000000000000000000, 1.000000000000000000, -0.000000000000000000 ) ) ;
#1144 = FILL_AREA_STYLE_COLOUR ( '', #3318 ) ;
#1145 = SURFACE_SIDE_STYLE ('',( #2186 ) ) ;
#1146 = DIRECTION ( 'NONE',  ( -0.4966835351851230929, 0.000000000000000000, 0.8679317172888709742 ) ) ;
#1147 = ORIENTED_EDGE ( 'NONE', *, *, #4507, .F. ) ;
#1148 = SURFACE_SIDE_STYLE ('',( #4494 ) ) ;
#1149 =( LENGTH_UNIT ( ) NAMED_UNIT ( * ) SI_UNIT ( .MILLI., .METRE. ) );
#1150 = CARTESIAN_POINT ( 'NONE',  ( 2.639295963283396329, 2.999899999999998901, -0.5502564976880873759 ) ) ;
#1151 = ORIENTED_EDGE ( 'NONE', *, *, #328, .F. ) ;
#1152 = EDGE_CURVE ( 'NONE', #3831, #2799, #2179, .T. ) ;
#1153 = CARTESIAN_POINT ( 'NONE',  ( 1.881316632116386556, 3.000000000000000000, 1.193163401430608506 ) ) ;
#1154 = COLOUR_RGB ( '',1.000000000000000000, 1.000000000000000000, 1.000000000000000000 ) ;
#1155 = UNCERTAINTY_MEASURE_WITH_UNIT (LENGTH_MEASURE( 1.000000000000000082E-05 ), #3541, 'distance_accuracy_value', 'NONE');
#1156 = ORIENTED_EDGE ( 'NONE', *, *, #620, .F. ) ;
#1157 = SURFACE_STYLE_FILL_AREA ( #3730 ) ;
#1158 = PLANE ( 'NONE',  #4283 ) ;
#1159 = ORIENTED_EDGE ( 'NONE', *, *, #2101, .T. ) ;
#1160 = STYLED_ITEM ( 'NONE', ( #377 ), #3286 ) ;
#1161 =( NAMED_UNIT ( * ) SI_UNIT ( $, .STERADIAN. ) SOLID_ANGLE_UNIT ( ) );
#1162 = ADVANCED_FACE ( 'NONE', ( #4093 ), #3376, .F. ) ;
#1163 = CARTESIAN_POINT ( 'NONE',  ( 2.607189793881092399, 2.999900000000000233, -1.740315458863509468 ) ) ;
#1164 = CARTESIAN_POINT ( 'NONE',  ( 0.7799370715039031232, 3.000000000000000000, -0.02874015748031673659 ) ) ;
#1165 = CARTESIAN_POINT ( 'NONE',  ( -3.354999999999999094, 3.000000000000000000, -3.454999999999999627 ) ) ;
#1166 = CARTESIAN_POINT ( 'NONE',  ( 1.178191632116386556, 3.000000000000000000, 0.7337194676070789567 ) ) ;
#1167 = VERTEX_POINT ( 'NONE', #3781 ) ;
#1168 =( LENGTH_UNIT ( ) NAMED_UNIT ( * ) SI_UNIT ( .MILLI., .METRE. ) );
#1169 = CARTESIAN_POINT ( 'NONE',  ( 2.624753711275633616, 2.999900000000000233, 1.416323062675097111 ) ) ;
#1170 = CARTESIAN_POINT ( 'NONE',  ( 1.220930602704621837, 2.999900000000000233, 1.585052188195314349 ) ) ;
#1171 = SURFACE_STYLE_USAGE ( .BOTH. , #3698 ) ;
#1172 = VERTEX_POINT ( 'NONE', #4579 ) ;
#1173 = PLANE ( 'NONE',  #3775 ) ;
#1174 = ADVANCED_FACE ( 'NONE', ( #1985 ), #1065, .T. ) ;
#1175 = CARTESIAN_POINT ( 'NONE',  ( 1.169738862666132251, 3.000000000000000000, -0.5073267487490195071 ) ) ;
#1176 = MECHANICAL_DESIGN_GEOMETRIC_PRESENTATION_REPRESENTATION (  '', ( #3223 ), #1706 ) ;
#1177 = EDGE_CURVE ( 'NONE', #303, #3183, #3832, .T. ) ;
#1178 = CARTESIAN_POINT ( 'NONE',  ( 2.636771313881897338, 2.999900000000000677, 1.602336668878354686 ) ) ;
#1179 = ORIENTED_EDGE ( 'NONE', *, *, #4260, .T. ) ;
#1180 = CARTESIAN_POINT ( 'NONE',  ( 2.571937412355975727, 3.000000000000000444, 0.3725784803166725667 ) ) ;
#1181 = FILL_AREA_STYLE ('',( #2991 ) ) ;
#1182 = DIRECTION ( 'NONE',  ( -0.000000000000000000, 1.000000000000000000, -0.000000000000000000 ) ) ;
#1183 = ORIENTED_EDGE ( 'NONE', *, *, #4624, .T. ) ;
#1184 =( GEOMETRIC_REPRESENTATION_CONTEXT ( 3 ) GLOBAL_UNCERTAINTY_ASSIGNED_CONTEXT ( ( #3309 ) ) GLOBAL_UNIT_ASSIGNED_CONTEXT ( ( #1047, #2115, #4298 ) ) REPRESENTATION_CONTEXT ( 'NONE', 'WORKASPACE' ) );
#1185 = COLOUR_RGB ( '',1.000000000000000000, 1.000000000000000000, 1.000000000000000000 ) ;
#1186 = VERTEX_POINT ( 'NONE', #4500 ) ;
#1187 = CARTESIAN_POINT ( 'NONE',  ( 2.584854964514850639, 2.999900000000000677, 0.5105523376898889465 ) ) ;
#1188 = DIRECTION ( 'NONE',  ( 1.255226827769035407E-16, 0.000000000000000000, 1.000000000000000000 ) ) ;
#1189 = EDGE_LOOP ( 'NONE', ( #2958, #4214, #548, #1471 ) ) ;
#1190 = CARTESIAN_POINT ( 'NONE',  ( 1.220930602704621837, 3.000000000000000000, -1.932296157392921154 ) ) ;
#1191 = CARTESIAN_POINT ( 'NONE',  ( 1.144617761972859249, 2.999900000000000233, 0.5638930817821957708 ) ) ;
#1192 = AXIS2_PLACEMENT_3D ( 'NONE', #376, #1146, #2561 ) ;
#1193 = CARTESIAN_POINT ( 'NONE',  ( 2.640139079277641354, 3.000000000000000888, -0.6872634109033418648 ) ) ;
#1194 = EDGE_LOOP ( 'NONE', ( #3220, #2423, #969, #3885 ) ) ;
#1195 = CARTESIAN_POINT ( 'NONE',  ( 2.629964885561349330, 2.999999999999999556, -0.7237011796189150026 ) ) ;
#1196 = STYLED_ITEM ( 'NONE', ( #1084 ), #4135 ) ;
#1197 = SURFACE_STYLE_USAGE ( .BOTH. , #477 ) ;
#1198 = CARTESIAN_POINT ( 'NONE',  ( 2.636771313881897338, 3.000000000000000888, 1.602336668878354686 ) ) ;
#1199 = ORIENTED_EDGE ( 'NONE', *, *, #4671, .T. ) ;
#1200 =( GEOMETRIC_REPRESENTATION_CONTEXT ( 3 ) GLOBAL_UNCERTAINTY_ASSIGNED_CONTEXT ( ( #2913 ) ) GLOBAL_UNIT_ASSIGNED_CONTEXT ( ( #1475, #9, #4041 ) ) REPRESENTATION_CONTEXT ( 'NONE', 'WORKASPACE' ) );
#1201 = LINE ( 'NONE', #3038, #4512 ) ;
#1202 = CARTESIAN_POINT ( 'NONE',  ( 2.607189793881092399, 2.999900000000000233, 1.403756232312961316 ) ) ;
#1203 = CARTESIAN_POINT ( 'NONE',  ( 2.607189793881092399, 2.999900000000000233, -1.066832002981156435 ) ) ;
#1204 = ORIENTED_EDGE ( 'NONE', *, *, #1883, .T. ) ;
#1205 = CARTESIAN_POINT ( 'NONE',  ( 2.636813255159033975, 2.999900000000000233, 0.5267886985446531556 ) ) ;
#1206 = CARTESIAN_POINT ( 'NONE',  ( 2.635606768424067603, 2.999899999999999789, 0.2013092219934430882 ) ) ;
#1207 = CARTESIAN_POINT ( 'NONE',  ( 1.142690712998739588, 2.999900000000000233, 0.6206679970188436757 ) ) ;
#1208 = DIRECTION ( 'NONE',  ( -0.000000000000000000, -0.000000000000000000, 1.000000000000000000 ) ) ;
#1209 = ORIENTED_EDGE ( 'NONE', *, *, #31, .F. ) ;
#1210 = CARTESIAN_POINT ( 'NONE',  ( 1.166518503127165873, 2.999999999999999112, -1.949304656196183982 ) ) ;
#1211 = CARTESIAN_POINT ( 'NONE',  ( 2.642682354305278647, 3.000000000000000000, 1.514161919570959913 ) ) ;
#1212 =( LENGTH_UNIT ( ) NAMED_UNIT ( * ) SI_UNIT ( .MILLI., .METRE. ) );
#1213 = UNCERTAINTY_MEASURE_WITH_UNIT (LENGTH_MEASURE( 1.000000000000000082E-05 ), #637, 'distance_accuracy_value', 'NONE');
#1214 = CARTESIAN_POINT ( 'NONE',  ( 1.200042968348131511, 3.000000000000000444, 1.596098812939187983 ) ) ;
#1215 = CARTESIAN_POINT ( 'NONE',  ( 1.175322422394289079, 3.000000000000000000, 0.7317669740917206456 ) ) ;
#1216 = EDGE_CURVE ( 'NONE', #3810, #3751, #2349, .T. ) ;
#1217 = ORIENTED_EDGE ( 'NONE', *, *, #1325, .F. ) ;
#1218 = CARTESIAN_POINT ( 'NONE',  ( 2.640139079277641354, 3.000000000000000888, -0.6872634109033418648 ) ) ;
#1219 =( LENGTH_UNIT ( ) NAMED_UNIT ( * ) SI_UNIT ( .MILLI., .METRE. ) );
#1220 = CARTESIAN_POINT ( 'NONE',  ( 1.178191632116386556, 2.999900000000000233, -1.736868767687038906 ) ) ;
#1221 = VERTEX_POINT ( 'NONE', #2013 ) ;
#1222 = FILL_AREA_STYLE ('',( #3755 ) ) ;
#1223 = FILL_AREA_STYLE_COLOUR ( '', #2236 ) ;
#1224 = DIRECTION ( 'NONE',  ( 0.8679317172888709742, 0.000000000000000000, 0.4966835351851230929 ) ) ;
#1225 = VERTEX_POINT ( 'NONE', #3178 ) ;
#1226 = CARTESIAN_POINT ( 'NONE',  ( 2.610351767915529031, 2.999900000000000677, 0.7286545385165502653 ) ) ;
#1227 = VECTOR ( 'NONE', #2876, 1000.000000000000114 ) ;
#1228 = AXIS2_PLACEMENT_3D ( 'NONE', #290, #1360, #2802 ) ;
#1229 =( LENGTH_UNIT ( ) NAMED_UNIT ( * ) SI_UNIT ( .MILLI., .METRE. ) );
#1230 = PRESENTATION_LAYER_ASSIGNMENT (  '', '', ( #3278 ) ) ;
#1231 = PRESENTATION_LAYER_ASSIGNMENT (  '', '', ( #2073 ) ) ;
#1232 = CARTESIAN_POINT ( 'NONE',  ( 2.639169935549310786, 2.999899999999999345, -1.019216470181155465 ) ) ;
#1233 = FILL_AREA_STYLE_COLOUR ( '', #3975 ) ;
#1234 = ORIENTED_EDGE ( 'NONE', *, *, #4463, .T. ) ;
#1235 = CARTESIAN_POINT ( 'NONE',  ( 2.629826558503599365, 2.999899999999999789, 1.616231457385233883 ) ) ;
#1236 = SURFACE_SIDE_STYLE ('',( #1589 ) ) ;
#1237 = SURFACE_SIDE_STYLE ('',( #4515 ) ) ;
#1238 = COLOUR_RGB ( '',0.8274509803921568096, 0.8392156862745098200, 0.8274509803921568096 ) ;
#1239 = VECTOR ( 'NONE', #1024, 1000.000000000000000 ) ;
#1240 = ORIENTED_EDGE ( 'NONE', *, *, #3547, .T. ) ;
#1241 = CARTESIAN_POINT ( 'NONE',  ( -3.354999999999999094, 0.000000000000000000, -3.454999999999999627 ) ) ;
#1242 = CARTESIAN_POINT ( 'NONE',  ( 1.142778724780127986, 3.000000000000000000, -0.5865860912147627948 ) ) ;
#1243 = ORIENTED_EDGE ( 'NONE', *, *, #138, .F. ) ;
#1244 = EDGE_LOOP ( 'NONE', ( #1460, #254, #2430, #1784 ) ) ;
#1245 = B_SPLINE_CURVE_WITH_KNOTS ( 'NONE', 3,
 ( #3401, #3091, #2675, #2344, #2746, #4220, #923, #3815, #4119, #3443, #2369 ),
 .UNSPECIFIED., .F., .F.,
 ( 4, 1, 1, 1, 1, 1, 1, 1, 4 ),
 ( 0.000000000000000000, 0.2475841483258846565, 0.4361234509600950826, 0.5765471439970862866, 0.6891935206218204879, 0.7769127325059288491, 0.8506699786920546291, 0.9203469832125602546, 1.000000000000000000 ),
 .UNSPECIFIED. ) ;
#1246 =( GEOMETRIC_REPRESENTATION_CONTEXT ( 3 ) GLOBAL_UNCERTAINTY_ASSIGNED_CONTEXT ( ( #1213 ) ) GLOBAL_UNIT_ASSIGNED_CONTEXT ( ( #637, #2748, #2773 ) ) REPRESENTATION_CONTEXT ( 'NONE', 'WORKASPACE' ) );
#1247 = EDGE_CURVE ( 'NONE', #2654, #2017, #2495, .T. ) ;
#1248 = DIRECTION ( 'NONE',  ( -0.000000000000000000, 1.000000000000000000, -0.000000000000000000 ) ) ;
#1249 = CARTESIAN_POINT ( 'NONE',  ( 1.154974464376837373, 2.999900000000000233, 0.5295270840335154494 ) ) ;
#1250 = ADVANCED_FACE ( 'NONE', ( #3970 ), #252, .F. ) ;
#1251 = CARTESIAN_POINT ( 'NONE',  ( -1.702027495425233905, 2.999900000000000233, -0.8668464566929088289 ) ) ;
#1252 = ORIENTED_EDGE ( 'NONE', *, *, #2588, .F. ) ;
#1253 = CARTESIAN_POINT ( 'NONE',  ( 1.143793079353702558, 2.999900000000000677, 1.562902114448176283 ) ) ;
#1254 = CARTESIAN_POINT ( 'NONE',  ( 2.642667625737632253, 3.000000000000000444, 0.2602371756145618331 ) ) ;
#1255 = FILL_AREA_STYLE_COLOUR ( '', #4250 ) ;
#1256 = ADVANCED_FACE ( 'NONE', ( #1697 ), #1390, .T. ) ;
#1257 = CARTESIAN_POINT ( 'NONE',  ( 2.642690712998739588, 2.999900000000000233, -0.9458531426870389058 ) ) ;
#1258 = MECHANICAL_DESIGN_GEOMETRIC_PRESENTATION_REPRESENTATION (  '', ( #3537 ), #2465 ) ;
#1259 = ORIENTED_EDGE ( 'NONE', *, *, #1106, .T. ) ;
#1260 = CARTESIAN_POINT ( 'NONE',  ( 1.178191632116386556, 2.999900000000000233, 1.377906048489432100 ) ) ;
#1261 = CARTESIAN_POINT ( 'NONE',  ( 1.166518503127166762, 2.999900000000000233, 0.5212835790979341022 ) ) ;
#1262 = CARTESIAN_POINT ( 'NONE',  ( 1.143354133692981112, 2.999900000000000677, 1.534705159652830053 ) ) ;
#1263 = FACE_BOUND ( 'NONE', #1040, .T. ) ;
#1264 = CARTESIAN_POINT ( 'NONE',  ( 1.142778724780127986, 2.999999999999999556, 0.6487080264322963030 ) ) ;
#1265 = EDGE_CURVE ( 'NONE', #4604, #4261, #2450, .T. ) ;
#1266 = STYLED_ITEM ( 'NONE', ( #3338 ), #827 ) ;
#1267 = CARTESIAN_POINT ( 'NONE',  ( 1.146497715025989406, 2.999900000000000677, -1.779998525557666689 ) ) ;
#1268 = PRESENTATION_STYLE_ASSIGNMENT (( #2733 ) ) ;
#1269 = CARTESIAN_POINT ( 'NONE',  ( 2.015737587998739588, 3.000000000000000000, -1.405297076510568344 ) ) ;
#1270 = ORIENTED_EDGE ( 'NONE', *, *, #4150, .F. ) ;
#1271 = CARTESIAN_POINT ( 'NONE',  ( 2.624753711275634060, 3.000000000000000888, 0.1810289450280383738 ) ) ;
#1272 = AXIS2_PLACEMENT_3D ( 'NONE', #631, #3484, #3184 ) ;
#1273 = EDGE_LOOP ( 'NONE', ( #4108, #4651, #2239, #3909 ) ) ;
#1274 = VECTOR ( 'NONE', #3777, 1000.000000000000000 ) ;
#1275 = PRESENTATION_LAYER_ASSIGNMENT (  '', '', ( #128 ) ) ;
#1276 = CARTESIAN_POINT ( 'NONE',  ( 1.166518503127166762, 3.000000000000000000, 0.5212835790979341022 ) ) ;
#1277 = EDGE_CURVE ( 'NONE', #1186, #249, #3661, .T. ) ;
#1278 = CARTESIAN_POINT ( 'NONE',  ( 2.624191191930992595, 3.000000000000001332, -0.5158613100889147818 ) ) ;
#1279 = ORIENTED_EDGE ( 'NONE', *, *, #466, .T. ) ;
#1280 =( GEOMETRIC_REPRESENTATION_CONTEXT ( 3 ) GLOBAL_UNCERTAINTY_ASSIGNED_CONTEXT ( ( #4068 ) ) GLOBAL_UNIT_ASSIGNED_CONTEXT ( ( #3655, #21, #2272 ) ) REPRESENTATION_CONTEXT ( 'NONE', 'WORKASPACE' ) );
#1281 = CARTESIAN_POINT ( 'NONE',  ( 2.639169935549311674, 3.000000000000000888, 0.2160776474659031610 ) ) ;
#1282 = CARTESIAN_POINT ( 'NONE',  ( 2.635047234864875687, 2.999900000000001121, -1.770913513954881502 ) ) ;
#1283 = CARTESIAN_POINT ( 'NONE',  ( 2.636771313881896450, 2.999900000000000233, -0.8682515664157633983 ) ) ;
#1284 =( LENGTH_UNIT ( ) NAMED_UNIT ( * ) SI_UNIT ( .MILLI., .METRE. ) );
#1285 =( GEOMETRIC_REPRESENTATION_CONTEXT ( 3 ) GLOBAL_UNCERTAINTY_ASSIGNED_CONTEXT ( ( #3211 ) ) GLOBAL_UNIT_ASSIGNED_CONTEXT ( ( #619, #1031, #669 ) ) REPRESENTATION_CONTEXT ( 'NONE', 'WORKASPACE' ) );
#1286 = EDGE_LOOP ( 'NONE', ( #808, #4464, #4209, #1799 ) ) ;
#1287 = CARTESIAN_POINT ( 'NONE',  ( 2.644999999999999130, -0.1000000000000000056, -2.500000000000000444 ) ) ;
#1288 = CARTESIAN_POINT ( 'NONE',  ( 1.166537727726018714, 2.999899999999999789, -0.8654582055442724409 ) ) ;
#1289 = CARTESIAN_POINT ( 'NONE',  ( -0.8275196214094782121, 3.000000000000000000, 1.076720472440948484 ) ) ;
#1290 = CARTESIAN_POINT ( 'NONE',  ( 1.154538716452735647, 2.999899999999999345, 0.7146812797883247415 ) ) ;
#1291 = FACE_OUTER_BOUND ( 'NONE', #913, .T. ) ;
#1292 = DIRECTION ( 'NONE',  ( 0.000000000000000000, 0.000000000000000000, -1.000000000000000000 ) ) ;
#1293 = FACE_OUTER_BOUND ( 'NONE', #1394, .T. ) ;
#1294 = ORIENTED_EDGE ( 'NONE', *, *, #266, .F. ) ;
#1295 = CARTESIAN_POINT ( 'NONE',  ( 2.602775380086245871, 2.999999999999999112, 1.622405431260541597 ) ) ;
#1296 = VERTEX_POINT ( 'NONE', #2517 ) ;
#1297 = CARTESIAN_POINT ( 'NONE',  ( -3.354999999999998206, 0.000000000000000000, 3.455000000000000515 ) ) ;
#1298 = DIRECTION ( 'NONE',  ( -1.000000000000000000, 0.000000000000000000, 0.000000000000000000 ) ) ;
#1299 = ORIENTED_EDGE ( 'NONE', *, *, #4463, .F. ) ;
#1300 = CARTESIAN_POINT ( 'NONE',  ( 1.881316632116386556, 2.999900000000000233, -1.277424833863509690 ) ) ;
#1301 = ORIENTED_EDGE ( 'NONE', *, *, #1015, .T. ) ;
#1302 = LINE ( 'NONE', #1992, #566 ) ;
#1303 = CARTESIAN_POINT ( 'NONE',  ( 1.876491264469327680, 3.000000000000000000, 0.9291468573129614272 ) ) ;
#1304 = SURFACE_STYLE_FILL_AREA ( #465 ) ;
#1305 = CARTESIAN_POINT ( 'NONE',  ( 2.642690712998740032, 2.999900000000000677, -1.861294319157627442 ) ) ;
#1306 = CARTESIAN_POINT ( 'NONE',  ( 0.1242165990629554018, 2.999900000000000233, -0.7788346456692936126 ) ) ;
#1307 = FACE_OUTER_BOUND ( 'NONE', #1286, .T. ) ;
#1308 = UNCERTAINTY_MEASURE_WITH_UNIT (LENGTH_MEASURE( 1.000000000000000082E-05 ), #2342, 'distance_accuracy_value', 'NONE');
#1309 = VECTOR ( 'NONE', #1994, 1000.000000000000000 ) ;
#1310 = CARTESIAN_POINT ( 'NONE',  ( 2.642566788542307865, 2.999999999999999112, -1.894438454935804206 ) ) ;
#1311 = ADVANCED_FACE ( 'NONE', ( #3992 ), #1173, .T. ) ;
#1312 = SURFACE_SIDE_STYLE ('',( #3823 ) ) ;
#1313 = FACE_OUTER_BOUND ( 'NONE', #2087, .T. ) ;
#1314 = MECHANICAL_DESIGN_GEOMETRIC_PRESENTATION_REPRESENTATION (  '', ( #3372 ), #4599 ) ;
#1315 = SURFACE_SIDE_STYLE ('',( #4067 ) ) ;
#1316 = CARTESIAN_POINT ( 'NONE',  ( 1.142690712998739588, 3.000000000000000000, 0.2660034749600200255 ) ) ;
#1317 = CARTESIAN_POINT ( 'NONE',  ( 1.142778724780127986, 2.999899999999999789, -0.5865860912147627948 ) ) ;
#1318 =( NAMED_UNIT ( * ) PLANE_ANGLE_UNIT ( ) SI_UNIT ( $, .RADIAN. ) );
#1319 =( GEOMETRIC_REPRESENTATION_CONTEXT ( 3 ) GLOBAL_UNCERTAINTY_ASSIGNED_CONTEXT ( ( #3116 ) ) GLOBAL_UNIT_ASSIGNED_CONTEXT ( ( #4015, #373, #295 ) ) REPRESENTATION_CONTEXT ( 'NONE', 'WORKASPACE' ) );
#1320 = ORIENTED_EDGE ( 'NONE', *, *, #616, .T. ) ;
#1321 = CARTESIAN_POINT ( 'NONE',  ( 1.166537727726019158, 3.000000000000000444, 1.605130029749845644 ) ) ;
#1322 = COLOUR_RGB ( '',1.000000000000000000, 1.000000000000000000, 1.000000000000000000 ) ;
#1323 = ORIENTED_EDGE ( 'NONE', *, *, #2378, .F. ) ;
#1324 = EDGE_CURVE ( 'NONE', #414, #3086, #2955, .T. ) ;
#1325 = EDGE_CURVE ( 'NONE', #1221, #1466, #1573, .T. ) ;
#1326 = PLANE ( 'NONE',  #4211 ) ;
#1327 = ORIENTED_EDGE ( 'NONE', *, *, #869, .T. ) ;
#1328 = PLANE ( 'NONE',  #49 ) ;
#1329 = EDGE_CURVE ( 'NONE', #249, #2954, #3672, .T. ) ;
#1330 = ORIENTED_EDGE ( 'NONE', *, *, #1329, .F. ) ;
#1331 = EDGE_LOOP ( 'NONE', ( #629, #1506, #2983, #1524 ) ) ;
#1332 = CARTESIAN_POINT ( 'NONE',  ( 2.624191191930991707, 2.999900000000001121, -1.751155427735973547 ) ) ;
#1333 = VECTOR ( 'NONE', #1127, 1000.000000000000114 ) ;
#1334 = CARTESIAN_POINT ( 'NONE',  ( 2.617887197584241044, 2.999900000000000233, -0.8472348019865251212 ) ) ;
#1335 = COLOUR_RGB ( '',1.000000000000000000, 1.000000000000000000, 1.000000000000000000 ) ;
#1336 = FILL_AREA_STYLE ('',( #2482 ) ) ;
#1337 = PRESENTATION_STYLE_ASSIGNMENT (( #1997 ) ) ;
#1338 = DIRECTION ( 'NONE',  ( 0.000000000000000000, -0.000000000000000000, -1.000000000000000000 ) ) ;
#1339 = LINE ( 'NONE', #2777, #2436 ) ;
#1340 = STYLED_ITEM ( 'NONE', ( #2853 ), #4571 ) ;
#1341 = VECTOR ( 'NONE', #3749, 1000.000000000000000 ) ;
#1342 = SURFACE_STYLE_FILL_AREA ( #4612 ) ;
#1343 = SURFACE_STYLE_USAGE ( .BOTH. , #641 ) ;
#1344 = CARTESIAN_POINT ( 'NONE',  ( -0.8321574166850701504, 2.999900000000000233, 0.6509448818897678457 ) ) ;
#1345 = LINE ( 'NONE', #866, #1274 ) ;
#1346 = SURFACE_SIDE_STYLE ('',( #961 ) ) ;
#1347 = CARTESIAN_POINT ( 'NONE',  ( 2.571937412355976171, 2.999900000000000233, 1.607872597963731831 ) ) ;
#1348 = ORIENTED_EDGE ( 'NONE', *, *, #2307, .T. ) ;
#1349 = PRESENTATION_LAYER_ASSIGNMENT (  '', '', ( #3784 ) ) ;
#1350 = CARTESIAN_POINT ( 'NONE',  ( 1.144617761972858805, 2.999899999999999789, -1.906695153511921870 ) ) ;
#1351 = CARTESIAN_POINT ( 'NONE',  ( -1.394999999999999352, 0.000000000000000000, 2.500000000000000000 ) ) ;
#1352 = VERTEX_POINT ( 'NONE', #428 ) ;
#1353 = CARTESIAN_POINT ( 'NONE',  ( 2.564450823292857784, 2.999900000000000677, -1.948840275039980474 ) ) ;
#1354 = VECTOR ( 'NONE', #2912, 1000.000000000000000 ) ;
#1355 = AXIS2_PLACEMENT_3D ( 'NONE', #4655, #304, #2847 ) ;
#1356 = VERTEX_POINT ( 'NONE', #1241 ) ;
#1357 = VERTEX_POINT ( 'NONE', #2261 ) ;
#1358 = COLOUR_RGB ( '',1.000000000000000000, 1.000000000000000000, 1.000000000000000000 ) ;
#1359 = SURFACE_STYLE_USAGE ( .BOTH. , #3606 ) ;
#1360 = DIRECTION ( 'NONE',  ( -1.000000000000000000, 0.000000000000000000, 0.000000000000000000 ) ) ;
#1361 = CARTESIAN_POINT ( 'NONE',  ( 2.641323004694410059, 2.999900000000000677, -1.805183329931393077 ) ) ;
#1362 = SURFACE_STYLE_USAGE ( .BOTH. , #3518 ) ;
#1363 = CARTESIAN_POINT ( 'NONE',  ( 2.584854964514851083, 2.999900000000000677, -1.960035897604229804 ) ) ;
#1364 = CARTESIAN_POINT ( 'NONE',  ( 2.642690712998739588, 3.000000000000000444, -0.6260002015105682327 ) ) ;
#1365 = LINE ( 'NONE', #1803, #45 ) ;
#1366 = FILL_AREA_STYLE_COLOUR ( '', #4072 ) ;
#1367 = EDGE_CURVE ( 'NONE', #2389, #1576, #3903, .T. ) ;
#1368 = CARTESIAN_POINT ( 'NONE',  ( 2.635047234864875687, 2.999900000000001121, -0.5356193963078226261 ) ) ;
#1369 =( NAMED_UNIT ( * ) SI_UNIT ( $, .STERADIAN. ) SOLID_ANGLE_UNIT ( ) );
#1370 =( NAMED_UNIT ( * ) PLANE_ANGLE_UNIT ( ) SI_UNIT ( $, .RADIAN. ) );
#1371 = ORIENTED_EDGE ( 'NONE', *, *, #4520, .F. ) ;
#1372 = DIRECTION ( 'NONE',  ( -1.000000000000000000, -0.000000000000000000, -0.000000000000000000 ) ) ;
#1373 = ORIENTED_EDGE ( 'NONE', *, *, #4495, .F. ) ;
#1374 = ORIENTED_EDGE ( 'NONE', *, *, #715, .F. ) ;
#1375 = PRESENTATION_STYLE_ASSIGNMENT (( #1022 ) ) ;
#1376 =( NAMED_UNIT ( * ) PLANE_ANGLE_UNIT ( ) SI_UNIT ( $, .RADIAN. ) );
#1377 = CARTESIAN_POINT ( 'NONE',  ( 2.564450823292857340, 2.999899999999999789, -0.8669239147458623895 ) ) ;
#1378 = CARTESIAN_POINT ( 'NONE',  ( 1.175322422394289079, 3.000000000000000000, -0.5035271435553383412 ) ) ;
#1379 = CARTESIAN_POINT ( 'NONE',  ( 2.564450823292857340, 2.999900000000000233, 0.3683702029011965418 ) ) ;
#1380 = FILL_AREA_STYLE ('',( #685 ) ) ;
#1381 = CARTESIAN_POINT ( 'NONE',  ( 2.642539632016172035, 2.999900000000000233, 0.3209714592864429394 ) ) ;
#1382 = MECHANICAL_DESIGN_GEOMETRIC_PRESENTATION_REPRESENTATION (  '', ( #4122 ), #3055 ) ;
#1383 = MECHANICAL_DESIGN_GEOMETRIC_PRESENTATION_REPRESENTATION (  '', ( #2365 ), #1753 ) ;
#1384 = CARTESIAN_POINT ( 'NONE',  ( 1.146505634764221959, 2.999999999999998668, 0.1908954665073277213 ) ) ;
#1385 = SURFACE_SIDE_STYLE ('',( #4641 ) ) ;
#1386 = SURFACE_SIDE_STYLE ('',( #4257 ) ) ;
#1387 = COLOUR_RGB ( '',1.000000000000000000, 1.000000000000000000, 1.000000000000000000 ) ;
#1388 = CARTESIAN_POINT ( 'NONE',  ( 1.143354133692980668, 2.999999999999999556, -0.9358830756412876983 ) ) ;
#1389 = CARTESIAN_POINT ( 'NONE',  ( 1.734142918881092399, 3.000000000000000000, 1.054606416136490754 ) ) ;
#1390 = PLANE ( 'NONE',  #1936 ) ;
#1391 = CARTESIAN_POINT ( 'NONE',  ( 2.641316205600277911, 3.000000000000000888, -1.000017597477753206 ) ) ;
#1392 = VERTEX_POINT ( 'NONE', #886 ) ;
#1393 =( LENGTH_UNIT ( ) NAMED_UNIT ( * ) SI_UNIT ( .MILLI., .METRE. ) );
#1394 = EDGE_LOOP ( 'NONE', ( #3161, #1270, #3320, #798 ) ) ;
#1395 = EDGE_CURVE ( 'NONE', #1910, #4456, #3487, .T. ) ;
#1396 = CARTESIAN_POINT ( 'NONE',  ( 2.584843896998425539, 3.000000000000000444, -0.8554607890441922047 ) ) ;
#1397 = CARTESIAN_POINT ( 'NONE',  ( 2.607189793881092399, 2.999900000000000233, -1.740315458863509468 ) ) ;
#1398 =( LENGTH_UNIT ( ) NAMED_UNIT ( * ) SI_UNIT ( .MILLI., .METRE. ) );
#1399 = VECTOR ( 'NONE', #4619, 1000.000000000000000 ) ;
#1400 = ADVANCED_FACE ( 'NONE', ( #3343 ), #4418, .F. ) ;
#1401 = CARTESIAN_POINT ( 'NONE',  ( 1.734142918881092399, 2.999900000000000233, 1.054606416136490754 ) ) ;
#1402 = AXIS2_PLACEMENT_3D ( 'NONE', #2682, #2328, #4180 ) ;
#1403 = DIRECTION ( 'NONE',  ( -0.000000000000000000, 1.000000000000000000, -0.000000000000000000 ) ) ;
#1404 = B_SPLINE_SURFACE_WITH_KNOTS ( 'NONE', 3, 1, ( 
 ( #1980, #5 ),
 ( #2834, #3283 ),
 ( #3569, #3215 ),
 ( #1030, #2467 ) ),
 .UNSPECIFIED., .F., .F., .F.,
 ( 4, 4 ),
 ( 2, 2 ),
 ( 0.2727272727272727071, 0.3636363636363636465 ),
 ( 0.000000000000000000, 1.000000000000000000 ),
 .UNSPECIFIED. ) ;
#1405 = CARTESIAN_POINT ( 'NONE',  ( 1.178191632116386556, 2.999900000000000233, 0.1426119308423729748 ) ) ;
#1406 = CARTESIAN_POINT ( 'NONE',  ( 1.144617761972859249, 3.000000000000000000, -0.6714010358648633270 ) ) ;
#1407 = CARTESIAN_POINT ( 'NONE',  ( 0.6514744730787042082, 2.999900000000000233, -0.5474094488188978591 ) ) ;
#1408 = ADVANCED_FACE ( 'NONE', ( #522 ), #4308, .T. ) ;
#1409 = B_SPLINE_CURVE_WITH_KNOTS ( 'NONE', 3,
 ( #3019, #1986, #4188, #179, #3833, #1628, #4112, #1278, #916, #2014, #3459 ),
 .UNSPECIFIED., .F., .F.,
 ( 4, 1, 1, 1, 1, 1, 1, 1, 4 ),
 ( 0.000000000000000000, 0.2475841483258849618, 0.4361234509600940279, 0.5765471439970870637, 0.6891935206218198218, 0.7769127325059281830, 0.8506699786920552953, 0.9203469832125598105, 1.000000000000000000 ),
 .UNSPECIFIED. ) ;
#1410 = CARTESIAN_POINT ( 'NONE',  ( 2.642646007643794981, 2.999900000000000233, 0.5973372741872973180 ) ) ;
#1411 = ORIENTED_EDGE ( 'NONE', *, *, #315, .T. ) ;
#1412 = CARTESIAN_POINT ( 'NONE',  ( -2.665451921499553123, 2.999900000000000233, -2.819567424523458321 ) ) ;
#1413 = B_SPLINE_CURVE_WITH_KNOTS ( 'NONE', 3,
 ( #275, #598, #2036, #1673, #1717, #3878, #3502, #622, #1388, #4577, #4208 ),
 .UNSPECIFIED., .F., .F.,
 ( 4, 1, 1, 1, 1, 1, 1, 1, 4 ),
 ( 0.000000000000000000, 0.1528910399261251551, 0.2655498866055909790, 0.3469726293230769865, 0.4171409348174466292, 0.5027291515886447293, 0.6212628926146344099, 0.7862933040589770162, 1.000000000000000000 ),
 .UNSPECIFIED. ) ;
#1414 = ORIENTED_EDGE ( 'NONE', *, *, #4549, .F. ) ;
#1415 =( NAMED_UNIT ( * ) SI_UNIT ( $, .STERADIAN. ) SOLID_ANGLE_UNIT ( ) );
#1416 = SURFACE_STYLE_USAGE ( .BOTH. , #2552 ) ;
#1417 = VECTOR ( 'NONE', #3427, 1000.000000000000114 ) ;
#1418 = CARTESIAN_POINT ( 'NONE',  ( 1.161530783382918042, 2.999900000000000677, 0.1553855017634269697 ) ) ;
#1419 = FILL_AREA_STYLE ('',( #2116 ) ) ;
#1420 = CARTESIAN_POINT ( 'NONE',  ( 1.220930602704621837, 3.000000000000000000, -1.932296157392921154 ) ) ;
#1421 =( NAMED_UNIT ( * ) SI_UNIT ( $, .STERADIAN. ) SOLID_ANGLE_UNIT ( ) );
#1422 = AXIS2_PLACEMENT_3D ( 'NONE', #388, #1512, #1483 ) ;
#1423 = CARTESIAN_POINT ( 'NONE',  ( 1.161416586822689556, 2.999999999999999556, -1.748260057134093604 ) ) ;
#1424 = SURFACE_SIDE_STYLE ('',( #3258 ) ) ;
#1425 = CARTESIAN_POINT ( 'NONE',  ( 2.610467510789358236, 3.000000000000000444, -1.064853181661812309 ) ) ;
#1426 = CARTESIAN_POINT ( 'NONE',  ( 1.166518503127166762, 2.999900000000000233, -0.7140105385491253287 ) ) ;
#1427 = PRESENTATION_LAYER_ASSIGNMENT (  '', '', ( #3479 ) ) ;
#1428 = ADVANCED_FACE ( 'NONE', ( #2420 ), #1404, .F. ) ;
#1429 = DIRECTION ( 'NONE',  ( -0.8599778663242775290, 0.000000000000000000, 0.5103313329909725526 ) ) ;
#1430 = SURFACE_STYLE_USAGE ( .BOTH. , #2793 ) ;
#1431 = DIRECTION ( 'NONE',  ( 0.000000000000000000, -8.964652375095414489E-13, 1.000000000000000000 ) ) ;
#1432 = CARTESIAN_POINT ( 'NONE',  ( 0.4081181738661062708, 2.999900000000000233, 4.336808689942017736E-16 ) ) ;
#1433 = CARTESIAN_POINT ( 'NONE',  ( 2.630254047037110965, 2.999899999999999789, -0.5243396465367895498 ) ) ;
#1434 = VERTEX_POINT ( 'NONE', #1100 ) ;
#1435 = CARTESIAN_POINT ( 'NONE',  ( 0.000000000000000000, 0.000000000000000000, 0.000000000000000000 ) ) ;
#1436 = CARTESIAN_POINT ( 'NONE',  ( 2.602775380086247203, 3.000000000000000444, 0.3871113136134829436 ) ) ;
#1437 = UNCERTAINTY_MEASURE_WITH_UNIT (LENGTH_MEASURE( 1.000000000000000082E-05 ), #797, 'distance_accuracy_value', 'NONE');
#1438 = PRESENTATION_STYLE_ASSIGNMENT (( #1766 ) ) ;
#1439 = CARTESIAN_POINT ( 'NONE',  ( 2.564450823292857340, 2.999900000000000233, 0.3683702029011965418 ) ) ;
#1440 = EDGE_LOOP ( 'NONE', ( #1217, #4649, #1411, #3103 ) ) ;
#1441 = PRESENTATION_LAYER_ASSIGNMENT (  '', '', ( #1898 ) ) ;
#1442 = SURFACE_STYLE_USAGE ( .BOTH. , #1818 ) ;
#1443 = CARTESIAN_POINT ( 'NONE',  ( 2.584854964514851083, 3.000000000000000444, -1.960035897604229804 ) ) ;
#1444 = DIRECTION ( 'NONE',  ( 0.8589240550050705192, 0.000000000000000000, 0.5121029854762093603 ) ) ;
#1445 = ORIENTED_EDGE ( 'NONE', *, *, #2644, .T. ) ;
#1446 =( LENGTH_UNIT ( ) NAMED_UNIT ( * ) SI_UNIT ( .MILLI., .METRE. ) );
#1447 = CARTESIAN_POINT ( 'NONE',  ( 2.607189793881092399, 2.999900000000000233, 1.403756232312961316 ) ) ;
#1448 = FILL_AREA_STYLE_COLOUR ( '', #1238 ) ;
#1449 = ADVANCED_FACE ( 'NONE', ( #1009 ), #2159, .F. ) ;
#1450 = CARTESIAN_POINT ( 'NONE',  ( 1.178191632116386556, 3.000000000000000000, -0.5015746500399800301 ) ) ;
#1451 = EDGE_CURVE ( 'NONE', #4090, #1352, #736, .T. ) ;
#1452 = DIRECTION ( 'NONE',  ( -0.000000000000000000, 1.000000000000000000, -0.000000000000000000 ) ) ;
#1453 = FILL_AREA_STYLE_COLOUR ( '', #2113 ) ;
#1454 = VECTOR ( 'NONE', #1887, 1000.000000000000000 ) ;
#1455 = FILL_AREA_STYLE_COLOUR ( '', #4334 ) ;
#1456 = STYLED_ITEM ( 'NONE', ( #3149 ), #2761 ) ;
#1457 = CARTESIAN_POINT ( 'NONE',  ( -1.110830645031533503, 3.000000000000000000, -0.5935826771653525125 ) ) ;
#1458 = FACE_OUTER_BOUND ( 'NONE', #2292, .T. ) ;
#1459 = DIRECTION ( 'NONE',  ( 1.000000000000000000, 0.000000000000000000, 0.000000000000000000 ) ) ;
#1460 = ORIENTED_EDGE ( 'NONE', *, *, #4374, .F. ) ;
#1461 = PRODUCT_RELATED_PRODUCT_CATEGORY ( 'part', '', ( #806 ) ) ;
#1462 = DIRECTION ( 'NONE',  ( -1.000000000000000000, 0.000000000000000000, -0.000000000000000000 ) ) ;
#1463 =( GEOMETRIC_REPRESENTATION_CONTEXT ( 3 ) GLOBAL_UNCERTAINTY_ASSIGNED_CONTEXT ( ( #3837 ) ) GLOBAL_UNIT_ASSIGNED_CONTEXT ( ( #4616, #272, #2329 ) ) REPRESENTATION_CONTEXT ( 'NONE', 'WORKASPACE' ) );
#1464 = DIRECTION ( 'NONE',  ( -0.8701091694029019497, 0.000000000000000000, 0.4928590400114339354 ) ) ;
#1465 = EDGE_CURVE ( 'NONE', #4538, #2911, #3042, .T. ) ;
#1466 = VERTEX_POINT ( 'NONE', #2902 ) ;
#1467 = LINE ( 'NONE', #3607, #435 ) ;
#1468 = PRESENTATION_STYLE_ASSIGNMENT (( #1842 ) ) ;
#1469 = CARTESIAN_POINT ( 'NONE',  ( 1.143897626635291154, 2.999900000000000677, 0.6725800144058668995 ) ) ;
#1470 = DIRECTION ( 'NONE',  ( 0.8604455470465083300, 0.000000000000000000, -0.5095424031107078644 ) ) ;
#1471 = ORIENTED_EDGE ( 'NONE', *, *, #3940, .T. ) ;
#1472 = DIRECTION ( 'NONE',  ( -0.000000000000000000, 1.000000000000000000, -0.000000000000000000 ) ) ;
#1473 = CARTESIAN_POINT ( 'NONE',  ( 1.142690712998739588, 3.000000000000000000, 0.2660034749600200255 ) ) ;
#1474 = EDGE_CURVE ( 'NONE', #3651, #20, #1959, .T. ) ;
#1475 =( LENGTH_UNIT ( ) NAMED_UNIT ( * ) SI_UNIT ( .MILLI., .METRE. ) );
#1476 = SURFACE_STYLE_USAGE ( .BOTH. , #430 ) ;
#1477 = VECTOR ( 'NONE', #3398, 1000.000000000000000 ) ;
#1478 = STYLED_ITEM ( 'NONE', ( #865 ), #1400 ) ;
#1479 = SURFACE_STYLE_USAGE ( .BOTH. , #695 ) ;
#1480 = CARTESIAN_POINT ( 'NONE',  ( 2.642673057520803503, 2.999899999999998901, -0.5955304372566720961 ) ) ;
#1481 = ORIENTED_EDGE ( 'NONE', *, *, #2378, .T. ) ;
#1482 = ORIENTED_EDGE ( 'NONE', *, *, #3587, .F. ) ;
#1483 = DIRECTION ( 'NONE',  ( 0.8644584418281031635, 0.000000000000000000, -0.5027042891722012241 ) ) ;
#1484 = PRESENTATION_STYLE_ASSIGNMENT (( #701 ) ) ;
#1485 = CARTESIAN_POINT ( 'NONE',  ( 1.881316632116386556, 3.000000000000000000, -1.277424833863509690 ) ) ;
#1486 =( GEOMETRIC_REPRESENTATION_CONTEXT ( 3 ) GLOBAL_UNCERTAINTY_ASSIGNED_CONTEXT ( ( #3349 ) ) GLOBAL_UNIT_ASSIGNED_CONTEXT ( ( #1393, #1039, #3577 ) ) REPRESENTATION_CONTEXT ( 'NONE', 'WORKASPACE' ) );
#1487 = SURFACE_STYLE_FILL_AREA ( #4388 ) ;
#1488 = AXIS2_PLACEMENT_3D ( 'NONE', #2367, #3512, #209 ) ;
#1489 = ORIENTED_EDGE ( 'NONE', *, *, #3996, .F. ) ;
#1490 = FACE_OUTER_BOUND ( 'NONE', #3707, .T. ) ;
#1491 = CARTESIAN_POINT ( 'NONE',  ( 2.610467510789359125, 2.999900000000000677, 1.405735053632306109 ) ) ;
#1492 = CARTESIAN_POINT ( 'NONE',  ( 1.220930602704621837, 3.000000000000000000, 0.3497580705482553065 ) ) ;
#1493 = UNCERTAINTY_MEASURE_WITH_UNIT (LENGTH_MEASURE( 1.000000000000000082E-05 ), #4035, 'distance_accuracy_value', 'NONE');
#1494 = MECHANICAL_DESIGN_GEOMETRIC_PRESENTATION_REPRESENTATION (  '', ( #128 ), #2789 ) ;
#1495 = PRESENTATION_STYLE_ASSIGNMENT (( #2537 ) ) ;
#1496 = EDGE_CURVE ( 'NONE', #1392, #783, #1074, .T. ) ;
#1497 = B_SPLINE_CURVE_WITH_KNOTS ( 'NONE', 3,
 ( #1492, #2657, #1849, #97, #1125, #3691, #2205, #4490, #120, #470, #1873 ),
 .UNSPECIFIED., .F., .F.,
 ( 4, 1, 1, 1, 1, 1, 1, 1, 4 ),
 ( 0.000000000000000000, 0.1528910399261251274, 0.2655498866055909235, 0.3469726293230768754, 0.4171409348174465181, 0.5027291515886446183, 0.6212628926146345210, 0.7862933040589767941, 1.000000000000000000 ),
 .UNSPECIFIED. ) ;
#1498 =( GEOMETRIC_REPRESENTATION_CONTEXT ( 3 ) GLOBAL_UNCERTAINTY_ASSIGNED_CONTEXT ( ( #1155 ) ) GLOBAL_UNIT_ASSIGNED_CONTEXT ( ( #3541, #3561, #775 ) ) REPRESENTATION_CONTEXT ( 'NONE', 'WORKASPACE' ) );
#1499 = CARTESIAN_POINT ( 'NONE',  ( 1.178191632116386556, 2.999900000000000233, -1.092682186804686095 ) ) ;
#1500 = EDGE_LOOP ( 'NONE', ( #3783, #4480, #1603, #755 ) ) ;
#1501 = CARTESIAN_POINT ( 'NONE',  ( 2.636813255159033975, 3.000000000000000000, -0.7085054191024058312 ) ) ;
#1502 = CARTESIAN_POINT ( 'NONE',  ( 1.175322422394289079, 2.999900000000000233, -0.5035271435553383412 ) ) ;
#1503 = EDGE_CURVE ( 'NONE', #508, #902, #198, .T. ) ;
#1504 = CARTESIAN_POINT ( 'NONE',  ( 1.142690712998739588, 2.999900000000000233, -0.9692906426870387948 ) ) ;
#1505 = CARTESIAN_POINT ( 'NONE',  ( 2.642684319598296749, 2.999899999999999789, -0.6149664925970361740 ) ) ;
#1506 = ORIENTED_EDGE ( 'NONE', *, *, #406, .F. ) ;
#1507 = DIRECTION ( 'NONE',  ( 0.000000000000000000, 0.000000000000000000, 1.000000000000000000 ) ) ;
#1508 = ORIENTED_EDGE ( 'NONE', *, *, #1324, .F. ) ;
#1509 = CARTESIAN_POINT ( 'NONE',  ( 1.143951580070068808, 2.999900000000000677, -1.024394971984033509 ) ) ;
#1510 = CARTESIAN_POINT ( 'NONE',  ( 1.178191632116386556, 3.000000000000000000, 1.377906048489432100 ) ) ;
#1511 = VERTEX_POINT ( 'NONE', #354 ) ;
#1512 = DIRECTION ( 'NONE',  ( 0.5027042891722012241, 0.000000000000000000, 0.8644584418281031635 ) ) ;
#1513 = FILL_AREA_STYLE_COLOUR ( '', #2664 ) ;
#1514 = FACE_OUTER_BOUND ( 'NONE', #880, .T. ) ;
#1515 = CARTESIAN_POINT ( 'NONE',  ( 2.640139079277641798, 2.999900000000001121, -1.922557528550401074 ) ) ;
#1516 = CARTESIAN_POINT ( 'NONE',  ( 1.146497715025989406, 3.000000000000000888, 0.6905897097364515069 ) ) ;
#1517 = EDGE_CURVE ( 'NONE', #2922, #1672, #3669, .T. ) ;
#1518 = VECTOR ( 'NONE', #3610, 1000.000000000000000 ) ;
#1519 = ORIENTED_EDGE ( 'NONE', *, *, #3485, .T. ) ;
#1520 =( LENGTH_UNIT ( ) NAMED_UNIT ( * ) SI_UNIT ( .MILLI., .METRE. ) );
#1521 = CARTESIAN_POINT ( 'NONE',  ( 1.881316632116386556, 3.000000000000000000, 1.193163401430608506 ) ) ;
#1522 = LINE ( 'NONE', #2979, #3004 ) ;
#1523 = CARTESIAN_POINT ( 'NONE',  ( 2.571941074772255753, 2.999900000000000677, -0.7176560107585832071 ) ) ;
#1524 = ORIENTED_EDGE ( 'NONE', *, *, #1738, .T. ) ;
#1525 = CARTESIAN_POINT ( 'NONE',  ( 2.642646007643794981, 3.000000000000000000, -0.6379568434597616688 ) ) ;
#1526 = FILL_AREA_STYLE_COLOUR ( '', #1014 ) ;
#1527 = PRESENTATION_LAYER_ASSIGNMENT (  '', '', ( #767 ) ) ;
#1528 =( LENGTH_UNIT ( ) NAMED_UNIT ( * ) SI_UNIT ( .MILLI., .METRE. ) );
#1529 = CARTESIAN_POINT ( 'NONE',  ( 1.149120405164141490, 2.999900000000000677, 1.410468524459412176 ) ) ;
#1530 = ORIENTED_EDGE ( 'NONE', *, *, #779, .T. ) ;
#1531 = COLOUR_RGB ( '',0.8274509803921568096, 0.8392156862745098200, 0.8274509803921568096 ) ;
#1532 = UNCERTAINTY_MEASURE_WITH_UNIT (LENGTH_MEASURE( 1.000000000000000082E-05 ), #4518, 'distance_accuracy_value', 'NONE');
#1533 = CARTESIAN_POINT ( 'NONE',  ( 2.616607625011922789, 3.000000000000000444, 1.409441959770592945 ) ) ;
#1534 = ORIENTED_EDGE ( 'NONE', *, *, #57, .T. ) ;
#1535 = CARTESIAN_POINT ( 'NONE',  ( 2.571937412355976615, 2.999900000000001121, -0.8627156373303865866 ) ) ;
#1536 = ORIENTED_EDGE ( 'NONE', *, *, #4657, .T. ) ;
#1537 = CARTESIAN_POINT ( 'NONE',  ( 1.144617761972859249, 2.999900000000000233, -0.6714010358648633270 ) ) ;
#1538 = COLOUR_RGB ( '',1.000000000000000000, 1.000000000000000000, 1.000000000000000000 ) ;
#1539 = EDGE_CURVE ( 'NONE', #1021, #427, #812, .T. ) ;
#1540 = PRESENTATION_STYLE_ASSIGNMENT (( #876 ) ) ;
#1541 = DIRECTION ( 'NONE',  ( 0.8589240550050705192, 0.000000000000000000, 0.5121029854762093603 ) ) ;
#1542 = AXIS2_PLACEMENT_3D ( 'NONE', #3743, #2304, #3769 ) ;
#1543 = VERTEX_POINT ( 'NONE', #1521 ) ;
#1544 = CARTESIAN_POINT ( 'NONE',  ( 1.213334361882071555, 3.000000000000000444, -1.936211679248916573 ) ) ;
#1545 = CARTESIAN_POINT ( 'NONE',  ( 1.181887395167976917, 2.999899999999999789, 0.5215738858509758602 ) ) ;
#1546 = PLANE ( 'NONE',  #1542 ) ;
#1547 = UNCERTAINTY_MEASURE_WITH_UNIT (LENGTH_MEASURE( 1.000000000000000082E-05 ), #4239, 'distance_accuracy_value', 'NONE');
#1548 = CARTESIAN_POINT ( 'NONE',  ( 2.564450823292857340, 3.000000000000000000, -0.7135461573929211543 ) ) ;
#1549 = VERTEX_POINT ( 'NONE', #4082 ) ;
#1550 = CARTESIAN_POINT ( 'NONE',  ( 2.602780714937743323, 2.999999999999999556, -0.7316181716930250101 ) ) ;
#1551 = PRESENTATION_LAYER_ASSIGNMENT (  '', '', ( #3601 ) ) ;
#1552 = DIRECTION ( 'NONE',  ( -0.000000000000000000, 1.000000000000000000, -0.000000000000000000 ) ) ;
#1553 = ORIENTED_EDGE ( 'NONE', *, *, #4191, .F. ) ;
#1554 = COLOUR_RGB ( '',1.000000000000000000, 1.000000000000000000, 1.000000000000000000 ) ;
#1555 =( NAMED_UNIT ( * ) SI_UNIT ( $, .STERADIAN. ) SOLID_ANGLE_UNIT ( ) );
#1556 = LINE ( 'NONE', #282, #3510 ) ;
#1557 = EDGE_LOOP ( 'NONE', ( #491, #4450, #4353, #180 ) ) ;
#1558 = CARTESIAN_POINT ( 'NONE',  ( 1.181946779667099046, 2.999900000000000677, 1.603721534218398137 ) ) ;
#1559 =( NAMED_UNIT ( * ) PLANE_ANGLE_UNIT ( ) SI_UNIT ( $, .RADIAN. ) );
#1560 = CARTESIAN_POINT ( 'NONE',  ( 1.881316632116386556, 2.999900000000000233, -0.04213071621645054360 ) ) ;
#1561 = CARTESIAN_POINT ( 'NONE',  ( 1.146505634764222181, 3.000000000000000444, -1.044398651139731404 ) ) ;
#1562 = B_SPLINE_SURFACE_WITH_KNOTS ( 'NONE', 3, 1, ( 
 ( #3005, #3166 ),
 ( #3918, #4248 ),
 ( #3892, #4662 ),
 ( #4637, #2484 ),
 ( #3466, #2804 ),
 ( #1731, #215 ),
 ( #3867, #3189 ),
 ( #4272, #613 ),
 ( #2417, #2090 ),
 ( #2749, #238 ),
 ( #2071, #4222 ) ),
 .UNSPECIFIED., .F., .F., .F.,
 ( 4, 1, 1, 1, 1, 1, 1, 1, 4 ),
 ( 2, 2 ),
 ( 0.000000000000000000, 0.2339648385054103330, 0.4198783559695589696, 0.5659151998979450315, 0.6801214999993741017, 0.7723010949812562087, 0.8443163158709252603, 0.9185860088431476722, 1.000000000000000000 ),
 ( 0.000000000000000000, 1.000000000000000000 ),
 .UNSPECIFIED. ) ;
#1563 = ADVANCED_FACE ( 'NONE', ( #4039 ), #1546, .T. ) ;
#1564 = DIRECTION ( 'NONE',  ( -0.000000000000000000, 1.000000000000000000, -0.000000000000000000 ) ) ;
#1565 = ORIENTED_EDGE ( 'NONE', *, *, #2723, .F. ) ;
#1566 = CARTESIAN_POINT ( 'NONE',  ( 1.143951580070068585, 2.999900000000000677, 1.446193263310085131 ) ) ;
#1567 = CARTESIAN_POINT ( 'NONE',  ( 1.147672671593930938, 2.999900000000000233, -0.8872635176779756216 ) ) ;
#1568 = CARTESIAN_POINT ( 'NONE',  ( 1.220930602704621837, 3.000000000000000000, 1.585052188195314349 ) ) ;
#1569 = MECHANICAL_DESIGN_GEOMETRIC_PRESENTATION_REPRESENTATION (  '', ( #429 ), #3028 ) ;
#1570 = STYLED_ITEM ( 'NONE', ( #1632 ), #941 ) ;
#1571 =( NAMED_UNIT ( * ) PLANE_ANGLE_UNIT ( ) SI_UNIT ( $, .RADIAN. ) );
#1572 = ORIENTED_EDGE ( 'NONE', *, *, #3862, .F. ) ;
#1573 = LINE ( 'NONE', #2984, #3162 ) ;
#1574 = DIRECTION ( 'NONE',  ( -1.000000000000000000, -0.000000000000000000, -0.000000000000000000 ) ) ;
#1575 = EDGE_CURVE ( 'NONE', #2387, #2452, #3722, .T. ) ;
#1576 = VERTEX_POINT ( 'NONE', #46 ) ;
#1577 = MECHANICAL_DESIGN_GEOMETRIC_PRESENTATION_REPRESENTATION (  '', ( #4099 ), #4484 ) ;
#1578 = CARTESIAN_POINT ( 'NONE',  ( 1.154974464376837373, 3.000000000000000000, 0.5295270840335154494 ) ) ;
#1579 = DIRECTION ( 'NONE',  ( -0.000000000000000000, 1.000000000000000000, -0.000000000000000000 ) ) ;
#1580 = ORIENTED_EDGE ( 'NONE', *, *, #3130, .T. ) ;
#1581 = CARTESIAN_POINT ( 'NONE',  ( 2.630254047037110965, 3.000000000000000444, 0.7109544711102691039 ) ) ;
#1582 = CARTESIAN_POINT ( 'NONE',  ( 2.618218846677510037, 3.000000000000000000, 0.5029298468413077039 ) ) ;
#1583 = DIRECTION ( 'NONE',  ( -0.000000000000000000, -0.000000000000000000, -1.000000000000000000 ) ) ;
#1584 = FILL_AREA_STYLE_COLOUR ( '', #792 ) ;
#1585 = CARTESIAN_POINT ( 'NONE',  ( 1.220930602704622059, 3.000000000000000444, -0.6970020397458625006 ) ) ;
#1586 = CARTESIAN_POINT ( 'NONE',  ( -2.644999999999999130, -0.1000000000000000056, -2.500000000000000000 ) ) ;
#1587 = ORIENTED_EDGE ( 'NONE', *, *, #3862, .T. ) ;
#1588 = CARTESIAN_POINT ( 'NONE',  ( 1.220930602704621837, 2.999900000000000233, -0.8855360470988036248 ) ) ;
#1589 = SURFACE_STYLE_FILL_AREA ( #2303 ) ;
#1590 = CARTESIAN_POINT ( 'NONE',  ( 1.178191632116386556, 2.999900000000000233, 1.377906048489432100 ) ) ;
#1591 = FACE_OUTER_BOUND ( 'NONE', #3728, .T. ) ;
#1592 = PRESENTATION_STYLE_ASSIGNMENT (( #565 ) ) ;
#1593 = EDGE_CURVE ( 'NONE', #2911, #286, #452, .T. ) ;
#1594 = ORIENTED_EDGE ( 'NONE', *, *, #2806, .T. ) ;
#1595 = EDGE_CURVE ( 'NONE', #3086, #3651, #1497, .T. ) ;
#1596 =( NAMED_UNIT ( * ) PLANE_ANGLE_UNIT ( ) SI_UNIT ( $, .RADIAN. ) );
#1597 =( NAMED_UNIT ( * ) PLANE_ANGLE_UNIT ( ) SI_UNIT ( $, .RADIAN. ) );
#1598 = ORIENTED_EDGE ( 'NONE', *, *, #3946, .F. ) ;
#1599 = ADVANCED_FACE ( 'NONE', ( #3336 ), #72, .T. ) ;
#1600 = CARTESIAN_POINT ( 'NONE',  ( 2.642646007643794537, 2.999999999999999112, -1.873250961106820212 ) ) ;
#1601 =( NAMED_UNIT ( * ) PLANE_ANGLE_UNIT ( ) SI_UNIT ( $, .RADIAN. ) );
#1602 = CARTESIAN_POINT ( 'NONE',  ( -0.6555708025118480720, 3.000000000000000000, -0.6561377952755882426 ) ) ;
#1603 = ORIENTED_EDGE ( 'NONE', *, *, #2092, .T. ) ;
#1604 = CARTESIAN_POINT ( 'NONE',  ( 2.624191191930992595, 3.000000000000002220, 0.7194328075581447601 ) ) ;
#1605 = COLOUR_RGB ( '',1.000000000000000000, 1.000000000000000000, 1.000000000000000000 ) ;
#1606 = VECTOR ( 'NONE', #924, 1000.000000000000114 ) ;
#1607 =( GEOMETRIC_REPRESENTATION_CONTEXT ( 3 ) GLOBAL_UNCERTAINTY_ASSIGNED_CONTEXT ( ( #342 ) ) GLOBAL_UNIT_ASSIGNED_CONTEXT ( ( #3355, #4426, #3248 ) ) REPRESENTATION_CONTEXT ( 'NONE', 'WORKASPACE' ) );
#1608 = VECTOR ( 'NONE', #1913, 1000.000000000000000 ) ;
#1609 = STYLED_ITEM ( 'NONE', ( #4570 ), #474 ) ;
#1610 =( NAMED_UNIT ( * ) SI_UNIT ( $, .STERADIAN. ) SOLID_ANGLE_UNIT ( ) );
#1611 = EDGE_CURVE ( 'NONE', #2058, #2143, #4223, .T. ) ;
#1612 = CARTESIAN_POINT ( 'NONE',  ( 2.635047234864875687, 3.000000000000001332, -1.770913513954881502 ) ) ;
#1613 = AXIS2_PLACEMENT_3D ( 'NONE', #501, #2711, #3105 ) ;
#1614 = CARTESIAN_POINT ( 'NONE',  ( 2.624753711275633172, 2.999899999999998457, -1.054265172619019975 ) ) ;
#1615 = ORIENTED_EDGE ( 'NONE', *, *, #2933, .F. ) ;
#1616 = CARTESIAN_POINT ( 'NONE',  ( 1.143068033057008215, 2.999900000000000233, -1.880380343044960378 ) ) ;
#1617 = COLOUR_RGB ( '',1.000000000000000000, 1.000000000000000000, 1.000000000000000000 ) ;
#1618 = CARTESIAN_POINT ( 'NONE',  ( 2.571941074772255753, 2.999900000000000677, -0.7176560107585832071 ) ) ;
#1619 = CARTESIAN_POINT ( 'NONE',  ( -2.943241815541270956, 3.000000000000000000, -2.819567424523458321 ) ) ;
#1620 = FILL_AREA_STYLE ('',( #2610 ) ) ;
#1621 = CARTESIAN_POINT ( 'NONE',  ( 1.154538716452735647, 2.999999999999999112, 0.7146812797883247415 ) ) ;
#1622 = PRESENTATION_LAYER_ASSIGNMENT (  '', '', ( #3674 ) ) ;
#1623 = FILL_AREA_STYLE ('',( #173 ) ) ;
#1624 = EDGE_CURVE ( 'NONE', #534, #2322, #3821, .T. ) ;
#1625 = LINE ( 'NONE', #4546, #54 ) ;
#1626 = ORIENTED_EDGE ( 'NONE', *, *, #4704, .T. ) ;
#1627 = ORIENTED_EDGE ( 'NONE', *, *, #634, .T. ) ;
#1628 = CARTESIAN_POINT ( 'NONE',  ( 2.635047234864875687, 3.000000000000000888, -0.5356193963078226261 ) ) ;
#1629 = VERTEX_POINT ( 'NONE', #2325 ) ;
#1630 = CARTESIAN_POINT ( 'NONE',  ( 2.642690712998740032, 2.999900000000000677, 0.6092939161364908651 ) ) ;
#1631 = CARTESIAN_POINT ( 'NONE',  ( 2.616607625011923233, 3.000000000000000444, 0.1741478421235338192 ) ) ;
#1632 = PRESENTATION_STYLE_ASSIGNMENT (( #4194 ) ) ;
#1633 = CARTESIAN_POINT ( 'NONE',  ( 1.142690712998739588, 2.999900000000000233, -0.6146261206282154221 ) ) ;
#1634 = VECTOR ( 'NONE', #3418, 1000.000000000000000 ) ;
#1635 =( NAMED_UNIT ( * ) SI_UNIT ( $, .STERADIAN. ) SOLID_ANGLE_UNIT ( ) );
#1636 = ORIENTED_EDGE ( 'NONE', *, *, #664, .T. ) ;
#1637 = CARTESIAN_POINT ( 'NONE',  ( 2.617887197584241488, 2.999900000000000677, 1.623353433307592963 ) ) ;
#1638 = CARTESIAN_POINT ( 'NONE',  ( 1.142690712998739588, 2.999900000000000233, 0.6206679970188436757 ) ) ;
#1639 = SURFACE_STYLE_USAGE ( .BOTH. , #1665 ) ;
#1640 = SURFACE_SIDE_STYLE ('',( #2440 ) ) ;
#1641 = SURFACE_STYLE_USAGE ( .BOTH. , #2004 ) ;
#1642 = CARTESIAN_POINT ( 'NONE',  ( 1.178191632116386556, 3.000000000000000000, 0.7337194676070789567 ) ) ;
#1643 = B_SPLINE_CURVE_WITH_KNOTS ( 'NONE', 3,
 ( #4263, #1058, #3906, #625, #3575, #651, #3881, #1391, #2083, #4675, #2840 ),
 .UNSPECIFIED., .F., .F.,
 ( 4, 1, 1, 1, 1, 1, 1, 1, 4 ),
 ( 0.000000000000000000, 0.08608748684242605032, 0.1612668260071325466, 0.2388542627190375356, 0.3281828305663086476, 0.4373273942705394601, 0.5807184561777908316, 0.7620511388035702272, 0.9999999999999998890 ),
 .UNSPECIFIED. ) ;
#1644 = AXIS2_PLACEMENT_3D ( 'NONE', #1407, #3850, #274 ) ;
#1645 = CARTESIAN_POINT ( 'NONE',  ( 1.154045461959793961, 3.000000000000000000, 0.3628258946615842695 ) ) ;
#1646 = SURFACE_STYLE_USAGE ( .BOTH. , #2734 ) ;
#1647 = EDGE_CURVE ( 'NONE', #3112, #1672, #2026, .T. ) ;
#1648 = VERTEX_POINT ( 'NONE', #905 ) ;
#1649 = CARTESIAN_POINT ( 'NONE',  ( 2.640243940541738610, 2.999899999999999789, 1.582704212329940630 ) ) ;
#1650 = PRESENTATION_LAYER_ASSIGNMENT (  '', '', ( #581 ) ) ;
#1651 = ORIENTED_EDGE ( 'NONE', *, *, #732, .F. ) ;
#1652 = COLOUR_RGB ( '',1.000000000000000000, 1.000000000000000000, 1.000000000000000000 ) ;
#1653 = LINE ( 'NONE', #4580, #4055 ) ;
#1654 = VERTEX_POINT ( 'NONE', #4249 ) ;
#1655 = CARTESIAN_POINT ( 'NONE',  ( 2.639295963283396329, 2.999899999999998901, 0.6850376199589710557 ) ) ;
#1656 = VECTOR ( 'NONE', #3958, 1000.000000000000114 ) ;
#1657 = ORIENTED_EDGE ( 'NONE', *, *, #2198, .F. ) ;
#1658 = SURFACE_SIDE_STYLE ('',( #2062 ) ) ;
#1659 = EDGE_CURVE ( 'NONE', #1576, #508, #648, .T. ) ;
#1660 = CARTESIAN_POINT ( 'NONE',  ( 0.1937126620550882472, 2.999900000000000233, 1.355472440944882617 ) ) ;
#1661 = CARTESIAN_POINT ( 'NONE',  ( 2.642682354305278203, 2.999900000000000233, -0.9564263157231580603 ) ) ;
#1662 = CARTESIAN_POINT ( 'NONE',  ( 1.178191632116386556, 2.999900000000000233, 0.7337194676070789567 ) ) ;
#1663 = VECTOR ( 'NONE', #713, 1000.000000000000000 ) ;
#1664 = DIRECTION ( 'NONE',  ( -0.8701091694029018386, 0.000000000000000000, 0.4928590400114339354 ) ) ;
#1665 = SURFACE_SIDE_STYLE ('',( #3492 ) ) ;
#1666 = CARTESIAN_POINT ( 'NONE',  ( 2.629964885561349330, 3.000000000000000000, -1.958995297265973878 ) ) ;
#1667 = ADVANCED_FACE ( 'NONE', ( #927 ), #614, .T. ) ;
#1668 = FACE_BOUND ( 'NONE', #2613, .T. ) ;
#1669 = CARTESIAN_POINT ( 'NONE',  ( 1.142722440240110604, 3.000000000000000444, 0.6307761071742298276 ) ) ;
#1670 = CARTESIAN_POINT ( 'NONE',  ( 1.142690712998739588, 2.999900000000000233, 0.2660034749600200255 ) ) ;
#1671 = CARTESIAN_POINT ( 'NONE',  ( 1.143354133692981112, 2.999900000000000233, 0.2994110420057710109 ) ) ;
#1672 = VERTEX_POINT ( 'NONE', #4541 ) ;
#1673 = CARTESIAN_POINT ( 'NONE',  ( 1.181946779667098824, 2.999999999999999556, -0.8668667010757199476 ) ) ;
#1674 = ORIENTED_EDGE ( 'NONE', *, *, #2574, .F. ) ;
#1675 = VECTOR ( 'NONE', #2829, 1000.000000000000114 ) ;
#1676 = SURFACE_SIDE_STYLE ('',( #3531 ) ) ;
#1677 = CARTESIAN_POINT ( 'NONE',  ( 2.607189793881092399, 2.999900000000000233, 0.1684621146659023849 ) ) ;
#1678 = CARTESIAN_POINT ( 'NONE',  ( 1.146497715025989406, 2.999900000000000677, -1.779998525557666689 ) ) ;
#1679 = ORIENTED_EDGE ( 'NONE', *, *, #285, .F. ) ;
#1680 = ORIENTED_EDGE ( 'NONE', *, *, #2235, .F. ) ;
#1681 = SURFACE_SIDE_STYLE ('',( #606 ) ) ;
#1682 = UNCERTAINTY_MEASURE_WITH_UNIT (LENGTH_MEASURE( 1.000000000000000082E-05 ), #4545, 'distance_accuracy_value', 'NONE');
#1683 = CARTESIAN_POINT ( 'NONE',  ( 2.616279699699928685, 2.999899999999999789, -1.744967499035585012 ) ) ;
#1684 = AXIS2_PLACEMENT_3D ( 'NONE', #2628, #3070, #4143 ) ;
#1685 = CARTESIAN_POINT ( 'NONE',  ( 1.200042968348131067, 2.999999999999999556, -0.8744894223549298795 ) ) ;
#1686 = FILL_AREA_STYLE ('',( #192 ) ) ;
#1687 = VECTOR ( 'NONE', #894, 1000.000000000000227 ) ;
#1688 = CARTESIAN_POINT ( 'NONE',  ( 2.584854964514851083, 3.000000000000000444, -1.960035897604229804 ) ) ;
#1689 = FACE_OUTER_BOUND ( 'NONE', #1244, .T. ) ;
#1690 = SURFACE_STYLE_FILL_AREA ( #3497 ) ;
#1691 = CARTESIAN_POINT ( 'NONE',  ( 1.178191632116386556, 3.000000000000000000, -1.092682186804686095 ) ) ;
#1692 = PRESENTATION_STYLE_ASSIGNMENT (( #3874 ) ) ;
#1693 = CARTESIAN_POINT ( 'NONE',  ( 1.142690712998739588, 3.000000000000000444, -0.6146261206282154221 ) ) ;
#1694 = CARTESIAN_POINT ( 'NONE',  ( 2.617887197584241488, 2.999900000000000233, 1.623353433307592963 ) ) ;
#1695 = PRESENTATION_LAYER_ASSIGNMENT (  '', '', ( #1841 ) ) ;
#1696 = VERTEX_POINT ( 'NONE', #3467 ) ;
#1697 = FACE_OUTER_BOUND ( 'NONE', #3828, .T. ) ;
#1698 = DIRECTION ( 'NONE',  ( -0.8701091694029018386, 0.000000000000000000, 0.4928590400114340464 ) ) ;
#1699 = ORIENTED_EDGE ( 'NONE', *, *, #657, .F. ) ;
#1700 = CARTESIAN_POINT ( 'NONE',  ( 1.142722440240110604, 2.999900000000000677, -1.839812128119887813 ) ) ;
#1701 = B_SPLINE_CURVE_WITH_KNOTS ( 'NONE', 3,
 ( #4265, #2041, #2865, #230 ),
 .UNSPECIFIED., .F., .F.,
 ( 4, 4 ),
 ( 0.1818181818181818232, 0.2727272727272727071 ),
 .UNSPECIFIED. ) ;
#1702 = ORIENTED_EDGE ( 'NONE', *, *, #2957, .T. ) ;
#1703 = ORIENTED_EDGE ( 'NONE', *, *, #1247, .F. ) ;
#1704 = CARTESIAN_POINT ( 'NONE',  ( 2.642646007643794981, 2.999900000000000233, 0.5973372741872973180 ) ) ;
#1705 = CARTESIAN_POINT ( 'NONE',  ( 2.641323004694410059, 2.999900000000000677, -1.805183329931393077 ) ) ;
#1706 =( GEOMETRIC_REPRESENTATION_CONTEXT ( 3 ) GLOBAL_UNCERTAINTY_ASSIGNED_CONTEXT ( ( #1926 ) ) GLOBAL_UNIT_ASSIGNED_CONTEXT ( ( #375, #4371, #3697 ) ) REPRESENTATION_CONTEXT ( 'NONE', 'WORKASPACE' ) );
#1707 = CARTESIAN_POINT ( 'NONE',  ( 2.640243940541739054, 3.000000000000000444, -0.8878840229641778992 ) ) ;
#1708 = CARTESIAN_POINT ( 'NONE',  ( -0.8275196214094782121, 3.000000000000000000, 1.076720472440948484 ) ) ;
#1709 =( NAMED_UNIT ( * ) SI_UNIT ( $, .STERADIAN. ) SOLID_ANGLE_UNIT ( ) );
#1710 = CARTESIAN_POINT ( 'NONE',  ( 2.630254047037110965, 2.999899999999999789, 0.7109544711102691039 ) ) ;
#1711 = ADVANCED_FACE ( 'NONE', ( #1307 ), #3519, .F. ) ;
#1712 = FILL_AREA_STYLE_COLOUR ( '', #2311 ) ;
#1713 = PRESENTATION_STYLE_ASSIGNMENT (( #689 ) ) ;
#1714 = CARTESIAN_POINT ( 'NONE',  ( 1.181946779667099268, 2.999900000000001121, 0.3684274165713390947 ) ) ;
#1715 = FACE_OUTER_BOUND ( 'NONE', #3600, .T. ) ;
#1716 =( NAMED_UNIT ( * ) SI_UNIT ( $, .STERADIAN. ) SOLID_ANGLE_UNIT ( ) );
#1717 = CARTESIAN_POINT ( 'NONE',  ( 1.166537727726018714, 2.999999999999999556, -0.8654582055442724409 ) ) ;
#1718 = VERTEX_POINT ( 'NONE', #1070 ) ;
#1719 = SURFACE_STYLE_FILL_AREA ( #280 ) ;
#1720 = DIRECTION ( 'NONE',  ( -0.000000000000000000, 1.000000000000000000, -0.000000000000000000 ) ) ;
#1721 = ORIENTED_EDGE ( 'NONE', *, *, #963, .F. ) ;
#1722 = LINE ( 'NONE', #3180, #889 ) ;
#1723 = PRESENTATION_LAYER_ASSIGNMENT (  '', '', ( #429 ) ) ;
#1724 = ORIENTED_EDGE ( 'NONE', *, *, #3435, .T. ) ;
#1725 = VERTEX_POINT ( 'NONE', #327 ) ;
#1726 = CARTESIAN_POINT ( 'NONE',  ( 2.642566788542308309, 2.999999999999999112, 0.5761497803583132127 ) ) ;
#1727 = UNCERTAINTY_MEASURE_WITH_UNIT (LENGTH_MEASURE( 1.000000000000000082E-05 ), #1057, 'distance_accuracy_value', 'NONE');
#1728 =( GEOMETRIC_REPRESENTATION_CONTEXT ( 3 ) GLOBAL_UNCERTAINTY_ASSIGNED_CONTEXT ( ( #3123 ) ) GLOBAL_UNIT_ASSIGNED_CONTEXT ( ( #4014, #757, #2923 ) ) REPRESENTATION_CONTEXT ( 'NONE', 'WORKASPACE' ) );
#1729 = B_SPLINE_CURVE_WITH_KNOTS ( 'NONE', 3,
 ( #1830, #3293, #2165, #36, #3994, #4375, #2885, #2543, #12, #3626, #2190 ),
 .UNSPECIFIED., .F., .F.,
 ( 4, 1, 1, 1, 1, 1, 1, 1, 4 ),
 ( 0.000000000000000000, 0.2090174448045498123, 0.3701215845098708157, 0.4868884033316097093, 0.5748632755078622036, 0.6458207185090942826, 0.7281441267704359399, 0.8423061535616725992, 1.000000000000000000 ),
 .UNSPECIFIED. ) ;
#1730 = PLANE ( 'NONE',  #16 ) ;
#1731 = CARTESIAN_POINT ( 'NONE',  ( 1.149120405164141268, 2.999899999999999789, -1.060119710834706241 ) ) ;
#1732 = UNCERTAINTY_MEASURE_WITH_UNIT (LENGTH_MEASURE( 1.000000000000000082E-05 ), #296, 'distance_accuracy_value', 'NONE');
#1733 = CARTESIAN_POINT ( 'NONE',  ( 2.617887197584240599, 2.999999999999999556, 0.3880593156605338656 ) ) ;
#1734 = DIRECTION ( 'NONE',  ( -0.8571493051170774313, 0.000000000000000000, -0.5150680234078904851 ) ) ;
#1735 = SURFACE_SIDE_STYLE ('',( #3943 ) ) ;
#1736 = FILL_AREA_STYLE_COLOUR ( '', #3947 ) ;
#1737 = CARTESIAN_POINT ( 'NONE',  ( 1.154045461959794405, 3.000000000000000000, 1.598120012308643201 ) ) ;
#1738 = EDGE_CURVE ( 'NONE', #4678, #2995, #3565, .T. ) ;
#1739 = EDGE_CURVE ( 'NONE', #2123, #3831, #1048, .T. ) ;
#1740 = CARTESIAN_POINT ( 'NONE',  ( 2.640139079277641354, 2.999900000000001121, 0.5480307067437175661 ) ) ;
#1741 = CARTESIAN_POINT ( 'NONE',  ( 1.220930602704621837, 2.999900000000000233, -1.932296157392921154 ) ) ;
#1742 = ORIENTED_EDGE ( 'NONE', *, *, #293, .F. ) ;
#1743 = SURFACE_STYLE_FILL_AREA ( #1020 ) ;
#1744 =( GEOMETRIC_REPRESENTATION_CONTEXT ( 3 ) GLOBAL_UNCERTAINTY_ASSIGNED_CONTEXT ( ( #2064 ) ) GLOBAL_UNIT_ASSIGNED_CONTEXT ( ( #981, #2418, #4147 ) ) REPRESENTATION_CONTEXT ( 'NONE', 'WORKASPACE' ) );
#1745 = VERTEX_POINT ( 'NONE', #1796 ) ;
#1746 = EDGE_CURVE ( 'NONE', #4427, #783, #4007, .T. ) ;
#1747 = CARTESIAN_POINT ( 'NONE',  ( -2.943241815541270956, 2.999900000000000233, 2.819567424523459209 ) ) ;
#1748 = PLANE ( 'NONE',  #1990 ) ;
#1749 = DIRECTION ( 'NONE',  ( -0.000000000000000000, 1.000000000000000000, -0.000000000000000000 ) ) ;
#1750 = CARTESIAN_POINT ( 'NONE',  ( 0.4081181738661062708, 3.000000000000000000, 4.336808689942017736E-16 ) ) ;
#1751 = CARTESIAN_POINT ( 'NONE',  ( -0.6555708025118480720, 3.000000000000000000, -0.6561377952755882426 ) ) ;
#1752 = EDGE_CURVE ( 'NONE', #2216, #409, #309, .T. ) ;
#1753 =( GEOMETRIC_REPRESENTATION_CONTEXT ( 3 ) GLOBAL_UNCERTAINTY_ASSIGNED_CONTEXT ( ( #1063 ) ) GLOBAL_UNIT_ASSIGNED_CONTEXT ( ( #540, #4275, #2808 ) ) REPRESENTATION_CONTEXT ( 'NONE', 'WORKASPACE' ) );
#1754 = PRESENTATION_LAYER_ASSIGNMENT (  '', '', ( #3829 ) ) ;
#1755 = CARTESIAN_POINT ( 'NONE',  ( 1.146505634764221959, 2.999899999999998901, 0.1908954665073277213 ) ) ;
#1756 = CARTESIAN_POINT ( 'NONE',  ( 1.143068033057007771, 3.000000000000000000, -0.6450862253979010585 ) ) ;
#1757 = VECTOR ( 'NONE', #1698, 1000.000000000000114 ) ;
#1758 = LINE ( 'NONE', #297, #185 ) ;
#1759 = VECTOR ( 'NONE', #785, 1000.000000000000114 ) ;
#1760 = DIRECTION ( 'NONE',  ( -0.000000000000000000, 1.000000000000000000, -0.000000000000000000 ) ) ;
#1761 = CARTESIAN_POINT ( 'NONE',  ( 2.564450823292857340, 2.999900000000000233, -0.8669239147458623895 ) ) ;
#1762 = FILL_AREA_STYLE ('',( #2762 ) ) ;
#1763 = ORIENTED_EDGE ( 'NONE', *, *, #1265, .F. ) ;
#1764 = VERTEX_POINT ( 'NONE', #4728 ) ;
#1765 = SURFACE_STYLE_FILL_AREA ( #3652 ) ;
#1766 = SURFACE_STYLE_USAGE ( .BOTH. , #4722 ) ;
#1767 = CARTESIAN_POINT ( 'NONE',  ( 2.602775380086246315, 2.999899999999998457, -0.8481828040335757102 ) ) ;
#1768 =( LENGTH_UNIT ( ) NAMED_UNIT ( * ) SI_UNIT ( .MILLI., .METRE. ) );
#1769 = PLANE ( 'NONE',  #3069 ) ;
#1770 = FACE_OUTER_BOUND ( 'NONE', #1331, .T. ) ;
#1771 = UNCERTAINTY_MEASURE_WITH_UNIT (LENGTH_MEASURE( 1.000000000000000082E-05 ), #1219, 'distance_accuracy_value', 'NONE');
#1772 =( GEOMETRIC_REPRESENTATION_CONTEXT ( 3 ) GLOBAL_UNCERTAINTY_ASSIGNED_CONTEXT ( ( #164 ) ) GLOBAL_UNIT_ASSIGNED_CONTEXT ( ( #3945, #314, #8 ) ) REPRESENTATION_CONTEXT ( 'NONE', 'WORKASPACE' ) );
#1773 = CARTESIAN_POINT ( 'NONE',  ( 1.734142918881092399, 3.000000000000000000, 1.054606416136490754 ) ) ;
#1774 = PRESENTATION_LAYER_ASSIGNMENT (  '', '', ( #407 ) ) ;
#1775 = EDGE_CURVE ( 'NONE', #3183, #4045, #2130, .T. ) ;
#1776 = B_SPLINE_SURFACE_WITH_KNOTS ( 'NONE', 3, 1, ( 
 ( #4042, #3317 ),
 ( #1502, #3344 ),
 ( #4419, #1175 ),
 ( #2615, #2262 ),
 ( #1981, #2008 ),
 ( #3054, #2380 ),
 ( #3803, #2685 ),
 ( #4575, #523 ),
 ( #1317, #1242 ),
 ( #3827, #3454 ),
 ( #887, #1693 ) ),
 .UNSPECIFIED., .F., .F., .F.,
 ( 4, 1, 1, 1, 1, 1, 1, 1, 4 ),
 ( 2, 2 ),
 ( 0.000000000000000000, 0.08269940838263134530, 0.1609352856402981868, 0.2384022412677344882, 0.3252932597831255657, 0.4321161260274609672, 0.5729322032451371616, 0.7592645677637445134, 1.000000000000000000 ),
 ( 0.000000000000000000, 1.000000000000000000 ),
 .UNSPECIFIED. ) ;
#1777 = CARTESIAN_POINT ( 'NONE',  ( 1.146497715025989406, 3.000000000000000444, -1.779998525557666689 ) ) ;
#1778 = SURFACE_SIDE_STYLE ('',( #1008 ) ) ;
#1779 = CARTESIAN_POINT ( 'NONE',  ( 1.169901077095653052, 2.999999999999999112, 0.1494007885751505449 ) ) ;
#1780 = CARTESIAN_POINT ( 'NONE',  ( 1.148772520324219615, 2.999900000000001121, -0.6911083878248586165 ) ) ;
#1781 = STYLED_ITEM ( 'NONE', ( #1484 ), #4611 ) ;
#1782 = CARTESIAN_POINT ( 'NONE',  ( 2.616279699699928241, 2.999899999999999789, -0.5096733813885260256 ) ) ;
#1783 = FILL_AREA_STYLE_COLOUR ( '', #659 ) ;
#1784 = ORIENTED_EDGE ( 'NONE', *, *, #4653, .T. ) ;
#1785 = LINE ( 'NONE', #1747, #4020 ) ;
#1786 = COLOUR_RGB ( '',1.000000000000000000, 1.000000000000000000, 1.000000000000000000 ) ;
#1787 = LINE ( 'NONE', #3560, #165 ) ;
#1788 = PRESENTATION_LAYER_ASSIGNMENT (  '', '', ( #3856 ) ) ;
#1789 = SURFACE_SIDE_STYLE ('',( #2890 ) ) ;
#1790 = DIRECTION ( 'NONE',  ( 0.8604455470465083300, 0.000000000000000000, -0.5095424031107078644 ) ) ;
#1791 = ADVANCED_FACE ( 'NONE', ( #1770 ), #3194, .F. ) ;
#1792 = VECTOR ( 'NONE', #410, 1000.000000000000000 ) ;
#1793 = CARTESIAN_POINT ( 'NONE',  ( 2.630254047037111409, 2.999899999999999789, -1.759633764183848870 ) ) ;
#1794 = EDGE_CURVE ( 'NONE', #2570, #3064, #3272, .T. ) ;
#1795 = CARTESIAN_POINT ( 'NONE',  ( 1.175344842613581742, 2.999900000000000233, 0.1449430713849993169 ) ) ;
#1796 = CARTESIAN_POINT ( 'NONE',  ( 1.178191632116386556, 3.000000000000000000, 0.7337194676070789567 ) ) ;
#1797 = CARTESIAN_POINT ( 'NONE',  ( 2.564450823292857784, 3.000000000000000444, -1.948840275039980474 ) ) ;
#1798 = PRESENTATION_STYLE_ASSIGNMENT (( #807 ) ) ;
#1799 = ORIENTED_EDGE ( 'NONE', *, *, #2813, .T. ) ;
#1800 = PRESENTATION_LAYER_ASSIGNMENT (  '', '', ( #966 ) ) ;
#1801 = FILL_AREA_STYLE_COLOUR ( '', #3767 ) ;
#1802 = CARTESIAN_POINT ( 'NONE',  ( 2.642667625737632253, 2.999900000000000233, 1.495531293261620709 ) ) ;
#1803 = CARTESIAN_POINT ( 'NONE',  ( 1.876491264469327680, 2.999900000000000233, 0.9291468573129614272 ) ) ;
#1804 = CARTESIAN_POINT ( 'NONE',  ( 1.200201249945043180, 3.000000000000001332, -0.7076870924827134424 ) ) ;
#1805 = CARTESIAN_POINT ( 'NONE',  ( 2.642646007643794981, 3.000000000000000000, -0.6379568434597616688 ) ) ;
#1806 = EDGE_CURVE ( 'NONE', #3081, #534, #2576, .T. ) ;
#1807 = CARTESIAN_POINT ( 'NONE',  ( 2.564450823292857340, 2.999900000000000233, -0.7135461573929211543 ) ) ;
#1808 = SURFACE_STYLE_FILL_AREA ( #1129 ) ;
#1809 = DIRECTION ( 'NONE',  ( -0.000000000000000000, -1.000000000000000000, -0.000000000000000000 ) ) ;
#1810 = CARTESIAN_POINT ( 'NONE',  ( 1.143951580070068585, 3.000000000000000444, 1.446193263310085131 ) ) ;
#1811 = ORIENTED_EDGE ( 'NONE', *, *, #3284, .F. ) ;
#1812 = DIRECTION ( 'NONE',  ( 0.000000000000000000, 0.000000000000000000, -1.000000000000000000 ) ) ;
#1813 = UNCERTAINTY_MEASURE_WITH_UNIT (LENGTH_MEASURE( 1.000000000000000082E-05 ), #4253, 'distance_accuracy_value', 'NONE');
#1814 = CARTESIAN_POINT ( 'NONE',  ( -2.943241815541270956, 2.999900000000000233, 2.819567424523459209 ) ) ;
#1815 = ORIENTED_EDGE ( 'NONE', *, *, #3013, .T. ) ;
#1816 = DIRECTION ( 'NONE',  ( -3.453728408488213655E-15, 0.000000000000000000, -1.000000000000000000 ) ) ;
#1817 = CARTESIAN_POINT ( 'NONE',  ( 2.015737587998739588, 2.999900000000000233, -1.405297076510568344 ) ) ;
#1818 = SURFACE_SIDE_STYLE ('',( #2894 ) ) ;
#1819 = CARTESIAN_POINT ( 'NONE',  ( 1.169901077095652830, 2.999999999999999556, -1.085893329071908164 ) ) ;
#1820 = CARTESIAN_POINT ( 'NONE',  ( 0.3034685675668905014, 2.999900000000000233, -1.102125984251969282 ) ) ;
#1821 = ORIENTED_EDGE ( 'NONE', *, *, #1216, .F. ) ;
#1822 = CARTESIAN_POINT ( 'NONE',  ( -1.974192849755940671, 3.000000000000000000, -0.4815314960629848984 ) ) ;
#1823 = DIRECTION ( 'NONE',  ( 0.8604455470465084410, 0.000000000000000000, -0.5095424031107078644 ) ) ;
#1824 = VECTOR ( 'NONE', #703, 999.9999999999998863 ) ;
#1825 = STYLED_ITEM ( 'NONE', ( #1865 ), #2290 ) ;
#1826 = LINE ( 'NONE', #2880, #2152 ) ;
#1827 = FILL_AREA_STYLE_COLOUR ( '', #1786 ) ;
#1828 =( GEOMETRIC_REPRESENTATION_CONTEXT ( 3 ) GLOBAL_UNCERTAINTY_ASSIGNED_CONTEXT ( ( #448 ) ) GLOBAL_UNIT_ASSIGNED_CONTEXT ( ( #4516, #2681, #3008 ) ) REPRESENTATION_CONTEXT ( 'NONE', 'WORKASPACE' ) );
#1829 =( NAMED_UNIT ( * ) SI_UNIT ( $, .STERADIAN. ) SOLID_ANGLE_UNIT ( ) );
#1830 = CARTESIAN_POINT ( 'NONE',  ( 2.642690712998739588, 3.000000000000000000, 1.524735092607079068 ) ) ;
#1831 = CARTESIAN_POINT ( 'NONE',  ( 1.178191632116386556, 2.999900000000000233, 1.377906048489432100 ) ) ;
#1832 = ORIENTED_EDGE ( 'NONE', *, *, #3362, .T. ) ;
#1833 = VECTOR ( 'NONE', #841, 1000.000000000000114 ) ;
#1834 = SURFACE_SIDE_STYLE ('',( #1765 ) ) ;
#1835 = CARTESIAN_POINT ( 'NONE',  ( 2.617887197584241044, 3.000000000000000444, -0.8472348019865251212 ) ) ;
#1836 = MECHANICAL_DESIGN_GEOMETRIC_PRESENTATION_REPRESENTATION (  '', ( #256 ), #914 ) ;
#1837 = CARTESIAN_POINT ( 'NONE',  ( 2.642566788542308309, 2.999999999999999112, 0.5761497803583132127 ) ) ;
#1838 = ORIENTED_EDGE ( 'NONE', *, *, #4663, .T. ) ;
#1839 = FILL_AREA_STYLE_COLOUR ( '', #4569 ) ;
#1840 = PLANE ( 'NONE',  #2710 ) ;
#1841 = STYLED_ITEM ( 'NONE', ( #2527 ), #4008 ) ;
#1842 = SURFACE_STYLE_USAGE ( .BOTH. , #4683 ) ;
#1843 = CARTESIAN_POINT ( 'NONE',  ( 1.169901077095653052, 2.999899999999999345, 0.1494007885751505449 ) ) ;
#1844 = DIRECTION ( 'NONE',  ( -0.5121029854762092492, 0.000000000000000000, 0.8589240550050706302 ) ) ;
#1845 = EDGE_CURVE ( 'NONE', #2242, #4069, #2472, .T. ) ;
#1846 =( LENGTH_UNIT ( ) NAMED_UNIT ( * ) SI_UNIT ( .MILLI., .METRE. ) );
#1847 = ORIENTED_EDGE ( 'NONE', *, *, #2638, .T. ) ;
#1848 = CARTESIAN_POINT ( 'NONE',  ( -1.283948755267751096, 2.999900000000000233, 0.4673622047244164190 ) ) ;
#1849 = CARTESIAN_POINT ( 'NONE',  ( 1.200042968348131067, 2.999999999999999556, 0.3608046952921286632 ) ) ;
#1850 = EDGE_CURVE ( 'NONE', #3818, #829, #4462, .T. ) ;
#1851 = CARTESIAN_POINT ( 'NONE',  ( 2.635606768424067603, 2.999900000000000233, -1.033984895653615732 ) ) ;
#1852 = CARTESIAN_POINT ( 'NONE',  ( 1.166518503127166762, 3.000000000000000000, -0.7140105385491253287 ) ) ;
#1853 = CARTESIAN_POINT ( 'NONE',  ( 2.584854964514850639, 2.999900000000000677, -0.7247417799571702623 ) ) ;
#1854 = CARTESIAN_POINT ( 'NONE',  ( 2.584854964514850639, 3.000000000000000444, -0.7247417799571702623 ) ) ;
#1855 = AXIS2_PLACEMENT_3D ( 'NONE', #674, #2082, #3530 ) ;
#1856 = CARTESIAN_POINT ( 'NONE',  ( -1.110830645031533503, 2.999900000000000233, -0.5935826771653525125 ) ) ;
#1857 = VERTEX_POINT ( 'NONE', #4432 ) ;
#1858 = CARTESIAN_POINT ( 'NONE',  ( 1.142722440240110604, 3.000000000000000444, -1.839812128119887813 ) ) ;
#1859 = CARTESIAN_POINT ( 'NONE',  ( 1.149120405164141268, 2.999900000000000233, -1.060119710834706241 ) ) ;
#1860 = CARTESIAN_POINT ( 'NONE',  ( 2.571937412355975727, 2.999900000000000677, 0.3725784803166725667 ) ) ;
#1861 = ORIENTED_EDGE ( 'NONE', *, *, #679, .T. ) ;
#1862 = B_SPLINE_CURVE_WITH_KNOTS ( 'NONE', 3,
 ( #3805, #3082, #2332, #1271, #4088, #1909, #1961, #3036, #4496, #1983, #4550 ),
 .UNSPECIFIED., .F., .F.,
 ( 4, 1, 1, 1, 1, 1, 1, 1, 4 ),
 ( 0.000000000000000000, 0.08608748684242650828, 0.1612668260071322135, 0.2388542627190378964, 0.3281828305663086476, 0.4373273942705386830, 0.5807184561777908316, 0.7620511388035706712, 1.000000000000000000 ),
 .UNSPECIFIED. ) ;
#1863 = B_SPLINE_CURVE_WITH_KNOTS ( 'NONE', 3,
 ( #2498, #1505, #1480, #2910, #1150, #3319, #1433, #56, #4044, #3294, #1082 ),
 .UNSPECIFIED., .F., .F.,
 ( 4, 1, 1, 1, 1, 1, 1, 1, 4 ),
 ( 0.000000000000000000, 0.2475841483258849618, 0.4361234509600940279, 0.5765471439970870637, 0.6891935206218198218, 0.7769127325059281830, 0.8506699786920552953, 0.9203469832125598105, 1.000000000000000000 ),
 .UNSPECIFIED. ) ;
#1864 = STYLED_ITEM ( 'NONE', ( #4304 ), #764 ) ;
#1865 = PRESENTATION_STYLE_ASSIGNMENT (( #2502 ) ) ;
#1866 = SURFACE_STYLE_FILL_AREA ( #728 ) ;
#1867 = CARTESIAN_POINT ( 'NONE',  ( 1.149120405164141490, 2.999900000000001121, 0.1751744068123526343 ) ) ;
#1868 = PRESENTATION_LAYER_ASSIGNMENT (  '', '', ( #3322 ) ) ;
#1869 = CARTESIAN_POINT ( 'NONE',  ( 1.143897626635291154, 3.000000000000000444, 0.6725800144058668995 ) ) ;
#1870 = EDGE_LOOP ( 'NONE', ( #1972, #873, #996, #3712 ) ) ;
#1871 = SURFACE_STYLE_USAGE ( .BOTH. , #1098 ) ;
#1872 = CARTESIAN_POINT ( 'NONE',  ( -1.283948755267751096, 3.000000000000000000, 0.4673622047244164190 ) ) ;
#1873 = CARTESIAN_POINT ( 'NONE',  ( 1.142690712998739588, 3.000000000000000000, 0.2660034749600200255 ) ) ;
#1874 =( GEOMETRIC_REPRESENTATION_CONTEXT ( 3 ) GLOBAL_UNCERTAINTY_ASSIGNED_CONTEXT ( ( #3686 ) ) GLOBAL_UNIT_ASSIGNED_CONTEXT ( ( #2662, #2188, #1829 ) ) REPRESENTATION_CONTEXT ( 'NONE', 'WORKASPACE' ) );
#1875 = CARTESIAN_POINT ( 'NONE',  ( 1.220930602704621837, 2.999900000000000233, 0.3497580705482553065 ) ) ;
#1876 = MECHANICAL_DESIGN_GEOMETRIC_PRESENTATION_REPRESENTATION (  '', ( #3791 ), #1728 ) ;
#1877 = SURFACE_STYLE_USAGE ( .BOTH. , #426 ) ;
#1878 = CARTESIAN_POINT ( 'NONE',  ( 2.564450823292857340, 2.999900000000000233, 1.603664320548255473 ) ) ;
#1879 = FACE_OUTER_BOUND ( 'NONE', #1122, .T. ) ;
#1880 = VERTEX_POINT ( 'NONE', #1119 ) ;
#1881 = CARTESIAN_POINT ( 'NONE',  ( 2.564450823292857340, 3.000000000000000000, -0.7135461573929211543 ) ) ;
#1882 = FILL_AREA_STYLE ('',( #2234 ) ) ;
#1883 = EDGE_CURVE ( 'NONE', #286, #1910, #4387, .T. ) ;
#1884 = SURFACE_STYLE_USAGE ( .BOTH. , #3704 ) ;
#1885 = ORIENTED_EDGE ( 'NONE', *, *, #3993, .T. ) ;
#1886 = CARTESIAN_POINT ( 'NONE',  ( 1.146497715025989406, 3.000000000000000444, -1.779998525557666689 ) ) ;
#1887 = DIRECTION ( 'NONE',  ( -0.000000000000000000, 1.000000000000000000, -0.000000000000000000 ) ) ;
#1888 = ORIENTED_EDGE ( 'NONE', *, *, #4393, .F. ) ;
#1889 = LINE ( 'NONE', #1202, #3664 ) ;
#1890 = ORIENTED_EDGE ( 'NONE', *, *, #1367, .F. ) ;
#1891 = SURFACE_SIDE_STYLE ('',( #3713 ) ) ;
#1892 = CARTESIAN_POINT ( 'NONE',  ( 3.355000000000001759, 3.000000000000000000, 3.455000000000000515 ) ) ;
#1893 = CARTESIAN_POINT ( 'NONE',  ( 2.571941074772255753, 2.999900000000000677, 0.5176381068884758907 ) ) ;
#1894 = SURFACE_STYLE_FILL_AREA ( #3088 ) ;
#1895 = CARTESIAN_POINT ( 'NONE',  ( 1.143951580070068808, 3.000000000000000444, -1.024394971984033509 ) ) ;
#1896 = B_SPLINE_CURVE_WITH_KNOTS ( 'NONE', 3,
 ( #3165, #2803, #3840, #1708 ),
 .UNSPECIFIED., .F., .F.,
 ( 4, 4 ),
 ( 0.1818181818181818232, 0.2727272727272727071 ),
 .UNSPECIFIED. ) ;
#1897 = CARTESIAN_POINT ( 'NONE',  ( 1.161416586822690222, 3.000000000000000444, 0.7223281781600243701 ) ) ;
#1898 = STYLED_ITEM ( 'NONE', ( #3122 ), #1667 ) ;
#1899 = VERTEX_POINT ( 'NONE', #804 ) ;
#1900 = EDGE_CURVE ( 'NONE', #4548, #3081, #4118, .T. ) ;
#1901 = CARTESIAN_POINT ( 'NONE',  ( 1.213334361882071555, 2.999900000000000233, -1.936211679248916573 ) ) ;
#1902 = CARTESIAN_POINT ( 'NONE',  ( -1.763090487551214780, 2.999900000000000233, -0.04034645669290454206 ) ) ;
#1903 = CARTESIAN_POINT ( 'NONE',  ( 1.142690712998739588, 3.000000000000000000, 1.501297592607079068 ) ) ;
#1904 = CARTESIAN_POINT ( 'NONE',  ( 2.618218846677510037, 2.999900000000000233, -0.7323642708057511719 ) ) ;
#1905 = B_SPLINE_SURFACE_WITH_KNOTS ( 'NONE', 3, 1, ( 
 ( #2461, #3121 ),
 ( #1306, #662 ),
 ( #308, #586 ),
 ( #3144, #1750 ) ),
 .UNSPECIFIED., .F., .F., .F.,
 ( 4, 4 ),
 ( 2, 2 ),
 ( 0.8181818181818183433, 0.9090909090909092827 ),
 ( 0.000000000000000000, 1.000000000000000000 ),
 .UNSPECIFIED. ) ;
#1906 = VERTEX_POINT ( 'NONE', #1485 ) ;
#1907 = SURFACE_STYLE_USAGE ( .BOTH. , #2334 ) ;
#1908 = PLANE ( 'NONE',  #3514 ) ;
#1909 = CARTESIAN_POINT ( 'NONE',  ( 2.635606768424067603, 2.999999999999999556, 0.2013092219934430882 ) ) ;
#1910 = VERTEX_POINT ( 'NONE', #2296 ) ;
#1911 = MECHANICAL_DESIGN_GEOMETRIC_PRESENTATION_REPRESENTATION (  '', ( #1456 ), #389 ) ;
#1912 = ADVANCED_FACE ( 'NONE', ( #2554 ), #2602, .T. ) ;
#1913 = DIRECTION ( 'NONE',  ( -0.000000000000000000, 1.000000000000000000, -0.000000000000000000 ) ) ;
#1914 = EDGE_LOOP ( 'NONE', ( #4364, #1703, #1530, #4137 ) ) ;
#1915 = CARTESIAN_POINT ( 'NONE',  ( 1.142690712998739588, 2.999900000000000233, 0.6206679970188436757 ) ) ;
#1916 = CARTESIAN_POINT ( 'NONE',  ( 2.642667625737632253, 2.999900000000000233, 0.2602371756145618331 ) ) ;
#1917 = CARTESIAN_POINT ( 'NONE',  ( 1.175322422394289079, 2.999900000000000233, 0.7317669740917206456 ) ) ;
#1918 = UNCERTAINTY_MEASURE_WITH_UNIT (LENGTH_MEASURE( 1.000000000000000082E-05 ), #2151, 'distance_accuracy_value', 'NONE');
#1919 = STYLED_ITEM ( 'NONE', ( #424 ), #1563 ) ;
#1920 = VECTOR ( 'NONE', #561, 1000.000000000000000 ) ;
#1921 =( NAMED_UNIT ( * ) PLANE_ANGLE_UNIT ( ) SI_UNIT ( $, .RADIAN. ) );
#1922 = ORIENTED_EDGE ( 'NONE', *, *, #4305, .T. ) ;
#1923 = CARTESIAN_POINT ( 'NONE',  ( 1.142690712998739588, 2.999900000000000233, 1.501297592607079068 ) ) ;
#1924 = CARTESIAN_POINT ( 'NONE',  ( 2.624753711275633616, 3.000000000000000000, 1.416323062675097111 ) ) ;
#1925 = PRESENTATION_STYLE_ASSIGNMENT (( #837 ) ) ;
#1926 = UNCERTAINTY_MEASURE_WITH_UNIT (LENGTH_MEASURE( 1.000000000000000082E-05 ), #375, 'distance_accuracy_value', 'NONE');
#1927 = SURFACE_SIDE_STYLE ('',( #3050 ) ) ;
#1928 = EDGE_CURVE ( 'NONE', #279, #3280, #3114, .T. ) ;
#1929 = CARTESIAN_POINT ( 'NONE',  ( 1.149025747743360526, 3.000000000000000888, 0.7045314611577949693 ) ) ;
#1930 = ORIENTED_EDGE ( 'NONE', *, *, #3260, .T. ) ;
#1931 = FACE_OUTER_BOUND ( 'NONE', #4264, .T. ) ;
#1932 = PRESENTATION_LAYER_ASSIGNMENT (  '', '', ( #3845 ) ) ;
#1933 = SURFACE_STYLE_USAGE ( .BOTH. , #3830 ) ;
#1934 = ORIENTED_EDGE ( 'NONE', *, *, #1595, .F. ) ;
#1935 = AXIS2_PLACEMENT_3D ( 'NONE', #3658, #2575, #2223 ) ;
#1936 = AXIS2_PLACEMENT_3D ( 'NONE', #1761, #3596, #4349 ) ;
#1937 = LINE ( 'NONE', #2642, #15 ) ;
#1938 =( NAMED_UNIT ( * ) SI_UNIT ( $, .STERADIAN. ) SOLID_ANGLE_UNIT ( ) );
#1939 = CARTESIAN_POINT ( 'NONE',  ( -2.665451921499553123, 3.000000000000000000, -2.819567424523458321 ) ) ;
#1940 = ORIENTED_EDGE ( 'NONE', *, *, #2480, .T. ) ;
#1941 = CARTESIAN_POINT ( 'NONE',  ( 1.142690712998739588, 2.999900000000000233, -0.6146261206282154221 ) ) ;
#1942 = CARTESIAN_POINT ( 'NONE',  ( 1.881316632116386556, 2.999900000000000233, 1.193163401430608506 ) ) ;
#1943 = CARTESIAN_POINT ( 'NONE',  ( 2.642690712998740032, 3.000000000000000444, -0.6260002015105683437 ) ) ;
#1944 = CARTESIAN_POINT ( 'NONE',  ( 2.640243940541739054, 2.999900000000000677, -0.8878840229641778992 ) ) ;
#1945 = ADVANCED_FACE ( 'NONE', ( #3762 ), #2533, .T. ) ;
#1946 = CARTESIAN_POINT ( 'NONE',  ( -0.8321574166850701504, 2.999900000000000233, 0.6509448818897678457 ) ) ;
#1947 = ADVANCED_FACE ( 'NONE', ( #1313 ), #144, .T. ) ;
#1948 = VERTEX_POINT ( 'NONE', #3799 ) ;
#1949 = CARTESIAN_POINT ( 'NONE',  ( 2.640243940541738610, 2.999900000000000233, 1.582704212329940630 ) ) ;
#1950 = CARTESIAN_POINT ( 'NONE',  ( 2.616607625011922789, 3.000000000000000444, 1.409441959770592945 ) ) ;
#1951 = CARTESIAN_POINT ( 'NONE',  ( -1.486720408811058380, 3.000000000000000000, -0.6494015748031420898 ) ) ;
#1952 = MECHANICAL_DESIGN_GEOMETRIC_PRESENTATION_REPRESENTATION (  '', ( #3784 ), #3941 ) ;
#1953 = PRESENTATION_LAYER_ASSIGNMENT (  '', '', ( #1196 ) ) ;
#1954 = FILL_AREA_STYLE_COLOUR ( '', #1335 ) ;
#1955 = VERTEX_POINT ( 'NONE', #520 ) ;
#1956 = CARTESIAN_POINT ( 'NONE',  ( 0.3986378589054800359, 3.000000000000000000, 0.6848070866141745539 ) ) ;
#1957 = VECTOR ( 'NONE', #1472, 1000.000000000000000 ) ;
#1958 = CARTESIAN_POINT ( 'NONE',  ( 1.142774914274141018, 3.000000000000000888, 1.471758560445705077 ) ) ;
#1959 = B_SPLINE_CURVE_WITH_KNOTS ( 'NONE', 3,
 ( #1473, #2097, #3966, #4667, #1384, #690, #2137, #332, #1779, #3235, #4711 ),
 .UNSPECIFIED., .F., .F.,
 ( 4, 1, 1, 1, 1, 1, 1, 1, 4 ),
 ( 0.000000000000000000, 0.2339648385054098612, 0.4198783559695589140, 0.5659151998979449205, 0.6801214999993744348, 0.7723010949812569859, 0.8443163158709258154, 0.9185860088431486714, 1.000000000000000000 ),
 .UNSPECIFIED. ) ;
#1960 = EDGE_CURVE ( 'NONE', #409, #553, #3425, .T. ) ;
#1961 = CARTESIAN_POINT ( 'NONE',  ( 2.639169935549311674, 3.000000000000000444, 0.2160776474659031610 ) ) ;
#1962 = ORIENTED_EDGE ( 'NONE', *, *, #555, .F. ) ;
#1963 = EDGE_CURVE ( 'NONE', #1672, #2363, #666, .T. ) ;
#1964 = CARTESIAN_POINT ( 'NONE',  ( 1.142825864974269079, 3.000000000000000000, 0.6097575159981364346 ) ) ;
#1965 = DIRECTION ( 'NONE',  ( 0.6128916609699309737, -0.000000000000000000, -0.7901669519244139961 ) ) ;
#1966 = ORIENTED_EDGE ( 'NONE', *, *, #2903, .F. ) ;
#1967 = CARTESIAN_POINT ( 'NONE',  ( 2.607189793881092399, 2.999900000000000233, 0.7302727764306083946 ) ) ;
#1968 = CARTESIAN_POINT ( 'NONE',  ( 3.355000000000000870, 0.000000000000000000, -3.454999999999999627 ) ) ;
#1969 = CARTESIAN_POINT ( 'NONE',  ( 2.635606768424067603, 3.000000000000000000, 0.2013092219934430882 ) ) ;
#1970 = CARTESIAN_POINT ( 'NONE',  ( 1.161416586822690222, 2.999900000000000677, -0.5129659394870350608 ) ) ;
#1971 = ADVANCED_FACE ( 'NONE', ( #242 ), #1104, .T. ) ;
#1972 = ORIENTED_EDGE ( 'NONE', *, *, #3613, .F. ) ;
#1973 = CARTESIAN_POINT ( 'NONE',  ( 1.148772520324219615, 3.000000000000000444, -1.926402505471917603 ) ) ;
#1974 = CARTESIAN_POINT ( 'NONE',  ( 2.641316205600277023, 2.999999999999999112, 1.470570637816364545 ) ) ;
#1975 = UNCERTAINTY_MEASURE_WITH_UNIT (LENGTH_MEASURE( 1.000000000000000082E-05 ), #1149, 'distance_accuracy_value', 'NONE');
#1976 = CARTESIAN_POINT ( 'NONE',  ( 1.143793079353702558, 3.000000000000000444, 1.562902114448176283 ) ) ;
#1977 =( LENGTH_UNIT ( ) NAMED_UNIT ( * ) SI_UNIT ( .MILLI., .METRE. ) );
#1978 = SURFACE_STYLE_USAGE ( .BOTH. , #3746 ) ;
#1979 = LINE ( 'NONE', #4451, #210 ) ;
#1980 = CARTESIAN_POINT ( 'NONE',  ( -1.447834582039406515, 2.999900000000000233, -0.9164999999999924318 ) ) ;
#1981 = CARTESIAN_POINT ( 'NONE',  ( 1.154538716452735647, 2.999899999999999345, -0.5206128378587339123 ) ) ;
#1982 = ORIENTED_EDGE ( 'NONE', *, *, #1061, .T. ) ;
#1983 = CARTESIAN_POINT ( 'NONE',  ( 2.642682354305278203, 2.999999999999999556, 0.2788678019239007599 ) ) ;
#1984 = ORIENTED_EDGE ( 'NONE', *, *, #4150, .T. ) ;
#1985 = FACE_OUTER_BOUND ( 'NONE', #105, .T. ) ;
#1986 = CARTESIAN_POINT ( 'NONE',  ( 2.642684319598296749, 2.999999999999999556, -0.6149664925970361740 ) ) ;
#1987 = ORIENTED_EDGE ( 'NONE', *, *, #2118, .T. ) ;
#1988 = CARTESIAN_POINT ( 'NONE',  ( 1.200042968348131511, 2.999900000000000677, 1.596098812939187983 ) ) ;
#1989 = VECTOR ( 'NONE', #1965, 1000.000000000000114 ) ;
#1990 = AXIS2_PLACEMENT_3D ( 'NONE', #1814, #1462, #18 ) ;
#1991 = LINE ( 'NONE', #1560, #4620 ) ;
#1992 = CARTESIAN_POINT ( 'NONE',  ( -2.943241815541270956, 2.999900000000000233, 2.819567424523459209 ) ) ;
#1993 = VECTOR ( 'NONE', #3929, 1000.000000000000000 ) ;
#1994 = DIRECTION ( 'NONE',  ( 1.000000000000000000, 0.000000000000000000, 0.000000000000000000 ) ) ;
#1995 = CARTESIAN_POINT ( 'NONE',  ( 2.644999999999999130, -0.1000000000000000056, -2.500000000000000444 ) ) ;
#1996 = ORIENTED_EDGE ( 'NONE', *, *, #3946, .T. ) ;
#1997 = SURFACE_STYLE_USAGE ( .BOTH. , #535 ) ;
#1998 = ADVANCED_FACE ( 'NONE', ( #269 ), #1004, .F. ) ;
#1999 = COLOUR_RGB ( '',1.000000000000000000, 1.000000000000000000, 1.000000000000000000 ) ;
#2000 = CARTESIAN_POINT ( 'NONE',  ( 1.213298624243933199, 2.999899999999999789, -0.8814998024638358576 ) ) ;
#2001 = CARTESIAN_POINT ( 'NONE',  ( -3.354999999999998206, 3.000000000000000000, 3.455000000000000515 ) ) ;
#2002 = CARTESIAN_POINT ( 'NONE',  ( 2.635047234864875687, 2.999900000000001121, 0.6996747213392368048 ) ) ;
#2003 = B_SPLINE_CURVE_WITH_KNOTS ( 'NONE', 3,
 ( #2950, #4391, #811, #1822 ),
 .UNSPECIFIED., .F., .F.,
 ( 4, 4 ),
 ( 0.2727272727272727071, 0.3636363636363636465 ),
 .UNSPECIFIED. ) ;
#2004 = SURFACE_SIDE_STYLE ('',( #1342 ) ) ;
#2005 = EDGE_CURVE ( 'NONE', #1880, #2654, #3688, .T. ) ;
#2006 = CARTESIAN_POINT ( 'NONE',  ( 1.169738862666132473, 2.999900000000000233, -1.742620866396078938 ) ) ;
#2007 = CARTESIAN_POINT ( 'NONE',  ( 1.213298624243933199, 2.999999999999999556, 0.3537943151832227962 ) ) ;
#2008 = CARTESIAN_POINT ( 'NONE',  ( 1.154538716452735647, 2.999999999999999556, -0.5206128378587339123 ) ) ;
#2009 = ORIENTED_EDGE ( 'NONE', *, *, #112, .T. ) ;
#2010 = VERTEX_POINT ( 'NONE', #2532 ) ;
#2011 = PRESENTATION_LAYER_ASSIGNMENT (  '', '', ( #3223 ) ) ;
#2012 = COLOUR_RGB ( '',1.000000000000000000, 1.000000000000000000, 1.000000000000000000 ) ;
#2013 = CARTESIAN_POINT ( 'NONE',  ( 2.015737587998739588, 3.000000000000000000, 1.065291158783549630 ) ) ;
#2014 = CARTESIAN_POINT ( 'NONE',  ( 2.610351767915529031, 3.000000000000000444, -0.5066395791305088325 ) ) ;
#2015 = VERTEX_POINT ( 'NONE', #2971 ) ;
#2016 = CARTESIAN_POINT ( 'NONE',  ( 2.642684319598296749, 3.000000000000000444, 0.6203276250500228128 ) ) ;
#2017 = VERTEX_POINT ( 'NONE', #3719 ) ;
#2018 = FILL_AREA_STYLE ('',( #4244 ) ) ;
#2019 = UNCERTAINTY_MEASURE_WITH_UNIT (LENGTH_MEASURE( 1.000000000000000082E-05 ), #494, 'distance_accuracy_value', 'NONE');
#2020 = EDGE_CURVE ( 'NONE', #1745, #1948, #4369, .T. ) ;
#2021 = CARTESIAN_POINT ( 'NONE',  ( 2.639295963283396773, 3.000000000000000000, -1.785550615335146363 ) ) ;
#2022 = CARTESIAN_POINT ( 'NONE',  ( 2.602775380086246315, 2.999899999999998901, -0.8481828040335757102 ) ) ;
#2023 = CARTESIAN_POINT ( 'NONE',  ( 0.3986378589054800359, 3.000000000000000000, 0.6848070866141745539 ) ) ;
#2024 = LINE ( 'NONE', #1287, #1091 ) ;
#2025 = LINE ( 'NONE', #493, #4401 ) ;
#2026 = LINE ( 'NONE', #1619, #7 ) ;
#2027 = UNCERTAINTY_MEASURE_WITH_UNIT (LENGTH_MEASURE( 1.000000000000000082E-05 ), #1229, 'distance_accuracy_value', 'NONE');
#2028 = CARTESIAN_POINT ( 'NONE',  ( 2.642673057520803503, 2.999899999999998901, 0.6397636803903865577 ) ) ;
#2029 =( NAMED_UNIT ( * ) PLANE_ANGLE_UNIT ( ) SI_UNIT ( $, .RADIAN. ) );
#2030 = VECTOR ( 'NONE', #3924, 1000.000000000000000 ) ;
#2031 = PRESENTATION_LAYER_ASSIGNMENT (  '', '', ( #3332 ) ) ;
#2032 = CARTESIAN_POINT ( 'NONE',  ( 1.178191632116386556, 2.999900000000000233, -1.736868767687038906 ) ) ;
#2033 = CARTESIAN_POINT ( 'NONE',  ( 1.142690712998739588, 2.999900000000000233, 0.2660034749600200255 ) ) ;
#2034 = DIRECTION ( 'NONE',  ( -1.000000000000000000, 0.000000000000000000, -0.000000000000000000 ) ) ;
#2035 = ORIENTED_EDGE ( 'NONE', *, *, #3291, .F. ) ;
#2036 = CARTESIAN_POINT ( 'NONE',  ( 1.200042968348131067, 2.999999999999999556, -0.8744894223549298795 ) ) ;
#2037 = ORIENTED_EDGE ( 'NONE', *, *, #4027, .T. ) ;
#2038 = VECTOR ( 'NONE', #3499, 1000.000000000000227 ) ;
#2039 = SURFACE_SIDE_STYLE ('',( #871 ) ) ;
#2040 = ORIENTED_EDGE ( 'NONE', *, *, #367, .F. ) ;
#2041 = CARTESIAN_POINT ( 'NONE',  ( -2.172936944244125979, 2.999900000000000233, 0.2092480314960713517 ) ) ;
#2042 = MECHANICAL_DESIGN_GEOMETRIC_PRESENTATION_REPRESENTATION (  '', ( #3032 ), #1200 ) ;
#2043 = EDGE_LOOP ( 'NONE', ( #3140, #735, #578, #319 ) ) ;
#2044 = B_SPLINE_CURVE_WITH_KNOTS ( 'NONE', 3,
 ( #4213, #1251, #4136, #104 ),
 .UNSPECIFIED., .F., .F.,
 ( 4, 4 ),
 ( 0.2727272727272727071, 0.3636363636363636465 ),
 .UNSPECIFIED. ) ;
#2045 = CARTESIAN_POINT ( 'NONE',  ( 2.631385331497116731, 2.999900000000002009, -1.045620101869273677 ) ) ;
#2046 = FACE_OUTER_BOUND ( 'NONE', #2203, .T. ) ;
#2047 = CARTESIAN_POINT ( 'NONE',  ( 1.181946779667098824, 2.999999999999999556, -0.8668667010757199476 ) ) ;
#2048 = DIRECTION ( 'NONE',  ( 0.8604455470465083300, 0.000000000000000000, -0.5095424031107078644 ) ) ;
#2049 = DIRECTION ( 'NONE',  ( -0.8660872391925200642, 0.000000000000000000, -0.4998928826337482034 ) ) ;
#2050 = SURFACE_STYLE_USAGE ( .BOTH. , #1312 ) ;
#2051 = SURFACE_STYLE_USAGE ( .BOTH. , #2753 ) ;
#2052 = DIRECTION ( 'NONE',  ( -0.8571493051170774313, 0.000000000000000000, -0.5150680234078904851 ) ) ;
#2053 = CARTESIAN_POINT ( 'NONE',  ( 1.181946779667099268, 3.000000000000000888, 0.3684274165713390947 ) ) ;
#2054 = DIRECTION ( 'NONE',  ( 1.000000000000000000, 0.000000000000000000, -0.000000000000000000 ) ) ;
#2055 = CARTESIAN_POINT ( 'NONE',  ( 1.142930022522763878, 3.000000000000000000, 1.513348390898309415 ) ) ;
#2056 = ORIENTED_EDGE ( 'NONE', *, *, #3613, .T. ) ;
#2057 = VECTOR ( 'NONE', #2874, 1000.000000000000000 ) ;
#2058 = VERTEX_POINT ( 'NONE', #704 ) ;
#2059 = CARTESIAN_POINT ( 'NONE',  ( 1.175322422394288857, 2.999899999999999789, -1.738821261202396995 ) ) ;
#2060 = ORIENTED_EDGE ( 'NONE', *, *, #4398, .T. ) ;
#2061 = ORIENTED_EDGE ( 'NONE', *, *, #293, .T. ) ;
#2062 = SURFACE_STYLE_FILL_AREA ( #3886 ) ;
#2063 = ADVANCED_FACE ( 'NONE', ( #4078 ), #3567, .F. ) ;
#2064 = UNCERTAINTY_MEASURE_WITH_UNIT (LENGTH_MEASURE( 1.000000000000000082E-05 ), #981, 'distance_accuracy_value', 'NONE');
#2065 = CARTESIAN_POINT ( 'NONE',  ( -0.8944881253464941340, 3.000000000000000000, -0.8987480314960591965 ) ) ;
#2066 = PRESENTATION_LAYER_ASSIGNMENT (  '', '', ( #4122 ) ) ;
#2067 =( GEOMETRIC_REPRESENTATION_CONTEXT ( 3 ) GLOBAL_UNCERTAINTY_ASSIGNED_CONTEXT ( ( #59 ) ) GLOBAL_UNIT_ASSIGNED_CONTEXT ( ( #415, #2892, #1161 ) ) REPRESENTATION_CONTEXT ( 'NONE', 'WORKASPACE' ) );
#2068 =( LENGTH_UNIT ( ) NAMED_UNIT ( * ) SI_UNIT ( .MILLI., .METRE. ) );
#2069 = CARTESIAN_POINT ( 'NONE',  ( 1.142690712998739588, 3.000000000000000000, -0.6146261206282154221 ) ) ;
#2070 = CARTESIAN_POINT ( 'NONE',  ( 1.220930602704622059, 2.999900000000000677, 0.5382920779011968193 ) ) ;
#2071 = CARTESIAN_POINT ( 'NONE',  ( 1.178191632116386556, 2.999899999999999789, -1.092682186804686095 ) ) ;
#2072 = CARTESIAN_POINT ( 'NONE',  ( 2.015737587998739588, 2.999900000000000233, 1.065291158783549630 ) ) ;
#2073 = STYLED_ITEM ( 'NONE', ( #3556 ), #3193 ) ;
#2074 = CARTESIAN_POINT ( 'NONE',  ( 2.642684319598296749, 2.999899999999999789, 0.6203276250500228128 ) ) ;
#2075 = CARTESIAN_POINT ( 'NONE',  ( -1.974192849755940671, 3.000000000000000000, -0.4815314960629848984 ) ) ;
#2076 = CARTESIAN_POINT ( 'NONE',  ( 2.602775380086247203, 3.000000000000000444, 0.3871113136134829436 ) ) ;
#2077 = FILL_AREA_STYLE_COLOUR ( '', #3404 ) ;
#2078 = SURFACE_SIDE_STYLE ('',( #2400 ) ) ;
#2079 = DIRECTION ( 'NONE',  ( -0.000000000000000000, 1.000000000000000000, -0.000000000000000000 ) ) ;
#2080 = ORIENTED_EDGE ( 'NONE', *, *, #1647, .F. ) ;
#2081 = CARTESIAN_POINT ( 'NONE',  ( 2.602780714937743323, 2.999899999999999789, 0.5036759459540341988 ) ) ;
#2082 = DIRECTION ( 'NONE',  ( 0.000000000000000000, 0.000000000000000000, 1.000000000000000000 ) ) ;
#2083 = CARTESIAN_POINT ( 'NONE',  ( 2.642667625737631809, 2.999999999999999112, -0.9750569420324970427 ) ) ;
#2084 = ORIENTED_EDGE ( 'NONE', *, *, #1465, .T. ) ;
#2085 = CARTESIAN_POINT ( 'NONE',  ( 1.142690712998739588, 2.999900000000000233, 1.501297592607079068 ) ) ;
#2086 = VERTEX_POINT ( 'NONE', #3279 ) ;
#2087 = EDGE_LOOP ( 'NONE', ( #131, #1572, #3037, #748 ) ) ;
#2088 = CARTESIAN_POINT ( 'NONE',  ( 2.607189793881092399, 2.999900000000000233, 0.7302727764306083946 ) ) ;
#2089 = CARTESIAN_POINT ( 'NONE',  ( 1.143354133692980668, 2.999899999999999789, -0.9358830756412876983 ) ) ;
#2090 = CARTESIAN_POINT ( 'NONE',  ( 1.169901077095652830, 3.000000000000000000, -1.085893329071908164 ) ) ;
#2091 = CARTESIAN_POINT ( 'NONE',  ( 2.636813255159033975, 2.999899999999999789, -1.943799536749464485 ) ) ;
#2092 = EDGE_CURVE ( 'NONE', #2954, #2570, #2577, .T. ) ;
#2093 = MECHANICAL_DESIGN_GEOMETRIC_PRESENTATION_REPRESENTATION (  '', ( #1478 ), #2907 ) ;
#2094 = ADVANCED_FACE ( 'NONE', ( #3333 ), #2921, .T. ) ;
#2095 = CARTESIAN_POINT ( 'NONE',  ( 2.642539632016172035, 3.000000000000000000, 0.3209714592864429394 ) ) ;
#2096 = CARTESIAN_POINT ( 'NONE',  ( 1.161530783382918042, 3.000000000000000444, 0.1553855017634269697 ) ) ;
#2097 = CARTESIAN_POINT ( 'NONE',  ( 1.142720842757628974, 2.999999999999999556, 0.2554335172887596817 ) ) ;
#2098 = CARTESIAN_POINT ( 'NONE',  ( 1.175344842613581742, 3.000000000000000000, 1.380237189032058387 ) ) ;
#2099 =( NAMED_UNIT ( * ) SI_UNIT ( $, .STERADIAN. ) SOLID_ANGLE_UNIT ( ) );
#2100 = LINE ( 'NONE', #2383, #100 ) ;
#2101 = EDGE_CURVE ( 'NONE', #1352, #1654, #2370, .T. ) ;
#2102 = DIRECTION ( 'NONE',  ( -0.000000000000000000, 1.000000000000000000, -0.000000000000000000 ) ) ;
#2103 = STYLED_ITEM ( 'NONE', ( #284 ), #2686 ) ;
#2104 = CARTESIAN_POINT ( 'NONE',  ( 1.181887395167976917, 2.999899999999999789, -1.949014349443141114 ) ) ;
#2105 = FACE_OUTER_BOUND ( 'NONE', #1557, .T. ) ;
#2106 = VERTEX_POINT ( 'NONE', #3092 ) ;
#2107 = CARTESIAN_POINT ( 'NONE',  ( 1.161416586822689556, 2.999899999999999789, -1.748260057134093604 ) ) ;
#2108 = EDGE_CURVE ( 'NONE', #2086, #4678, #115, .T. ) ;
#2109 = ORIENTED_EDGE ( 'NONE', *, *, #634, .F. ) ;
#2110 = VECTOR ( 'NONE', #197, 1000.000000000000000 ) ;
#2111 = MECHANICAL_DESIGN_GEOMETRIC_PRESENTATION_REPRESENTATION (  '', ( #3553 ), #3329 ) ;
#2112 = CARTESIAN_POINT ( 'NONE',  ( 1.178191632116386556, 2.999900000000000233, 1.377906048489432100 ) ) ;
#2113 = COLOUR_RGB ( '',1.000000000000000000, 1.000000000000000000, 1.000000000000000000 ) ;
#2114 = CARTESIAN_POINT ( 'NONE',  ( 1.876491264469327680, 2.999900000000000233, -0.3061472603340976151 ) ) ;
#2115 =( NAMED_UNIT ( * ) PLANE_ANGLE_UNIT ( ) SI_UNIT ( $, .RADIAN. ) );
#2116 = FILL_AREA_STYLE_COLOUR ( '', #78 ) ;
#2117 = CARTESIAN_POINT ( 'NONE',  ( 2.635606768424067603, 2.999999999999998668, 1.436603339640501797 ) ) ;
#2118 = EDGE_CURVE ( 'NONE', #1434, #4460, #3839, .T. ) ;
#2119 =( NAMED_UNIT ( * ) PLANE_ANGLE_UNIT ( ) SI_UNIT ( $, .RADIAN. ) );
#2120 = B_SPLINE_SURFACE_WITH_KNOTS ( 'NONE', 3, 1, ( 
 ( #2481, #700 ),
 ( #2127, #4336 ),
 ( #977, #3583 ),
 ( #3935, #1707 ),
 ( #323, #3515 ),
 ( #3207, #262 ),
 ( #1334, #998 ),
 ( #1767, #636 ),
 ( #4658, #1396 ),
 ( #2147, #2849 ),
 ( #1377, #3142 ) ),
 .UNSPECIFIED., .F., .F., .F.,
 ( 4, 1, 1, 1, 1, 1, 1, 1, 4 ),
 ( 2, 2 ),
 ( 0.000000000000000000, 0.2090174448045498123, 0.3701215845098708157, 0.4868884033316097093, 0.5748632755078627588, 0.6458207185090946156, 0.7281441267704361620, 0.8423061535616729323, 1.000000000000000000 ),
 ( 0.000000000000000000, 1.000000000000000000 ),
 .UNSPECIFIED. ) ;
#2121 = CARTESIAN_POINT ( 'NONE',  ( 2.642690712998740032, 2.999900000000000677, 0.6092939161364908651 ) ) ;
#2122 = CARTESIAN_POINT ( 'NONE',  ( 2.630254047037110965, 2.999999999999999556, 0.7109544711102691039 ) ) ;
#2123 = VERTEX_POINT ( 'NONE', #3790 ) ;
#2124 = ORIENTED_EDGE ( 'NONE', *, *, #1575, .T. ) ;
#2125 = CARTESIAN_POINT ( 'NONE',  ( 2.640243940541739498, 3.000000000000000444, 0.3474100946828813652 ) ) ;
#2126 = DIRECTION ( 'NONE',  ( -0.000000000000000000, 1.000000000000000000, -0.000000000000000000 ) ) ;
#2127 = CARTESIAN_POINT ( 'NONE',  ( 2.642636186262781628, 2.999900000000000677, -0.9344734550235077597 ) ) ;
#2128 = CARTESIAN_POINT ( 'NONE',  ( 1.876491264469327680, 2.999900000000000233, -1.541441377981156435 ) ) ;
#2129 = FACE_OUTER_BOUND ( 'NONE', #3834, .T. ) ;
#2130 = LINE ( 'NONE', #4706, #2353 ) ;
#2131 =( GEOMETRIC_REPRESENTATION_CONTEXT ( 3 ) GLOBAL_UNCERTAINTY_ASSIGNED_CONTEXT ( ( #3630 ) ) GLOBAL_UNIT_ASSIGNED_CONTEXT ( ( #1846, #1921, #1635 ) ) REPRESENTATION_CONTEXT ( 'NONE', 'WORKASPACE' ) );
#2132 = DIRECTION ( 'NONE',  ( -1.255226827769035407E-16, -0.000000000000000000, -1.000000000000000000 ) ) ;
#2133 = CARTESIAN_POINT ( 'NONE',  ( 2.602775380086247203, 2.999900000000000677, 0.3871113136134829436 ) ) ;
#2134 = CARTESIAN_POINT ( 'NONE',  ( 1.142690712998739810, 3.000000000000000444, -1.849920238275274409 ) ) ;
#2135 = MECHANICAL_DESIGN_GEOMETRIC_PRESENTATION_REPRESENTATION (  '', ( #2981 ), #2211 ) ;
#2136 = LINE ( 'NONE', #594, #3948 ) ;
#2137 = CARTESIAN_POINT ( 'NONE',  ( 1.154027076143226971, 2.999999999999999556, 0.1633265355979788003 ) ) ;
#2138 = FILL_AREA_STYLE_COLOUR ( '', #709 ) ;
#2139 = CARTESIAN_POINT ( 'NONE',  ( 2.571941074772255753, 2.999900000000000677, 0.5176381068884758907 ) ) ;
#2140 = VECTOR ( 'NONE', #4643, 1000.000000000000114 ) ;
#2141 = PRESENTATION_STYLE_ASSIGNMENT (( #1479 ) ) ;
#2142 = EDGE_CURVE ( 'NONE', #3106, #2799, #833, .T. ) ;
#2143 = VERTEX_POINT ( 'NONE', #188 ) ;
#2144 = CARTESIAN_POINT ( 'NONE',  ( 2.629826558503598921, 2.999999999999999556, 0.3809373397381750070 ) ) ;
#2145 = UNCERTAINTY_MEASURE_WITH_UNIT (LENGTH_MEASURE( 1.000000000000000082E-05 ), #4449, 'distance_accuracy_value', 'NONE');
#2146 = PRESENTATION_STYLE_ASSIGNMENT (( #635 ) ) ;
#2147 = CARTESIAN_POINT ( 'NONE',  ( 2.571937412355976615, 2.999900000000000677, -0.8627156373303865866 ) ) ;
#2148 = CARTESIAN_POINT ( 'NONE',  ( 0.1937126620550882472, 3.000000000000000000, 1.355472440944882617 ) ) ;
#2149 = ADVANCED_FACE ( 'NONE', ( #3027 ), #3926, .F. ) ;
#2150 = CARTESIAN_POINT ( 'NONE',  ( -0.8275196214094782121, 3.000000000000000000, 1.076720472440948484 ) ) ;
#2151 =( LENGTH_UNIT ( ) NAMED_UNIT ( * ) SI_UNIT ( .MILLI., .METRE. ) );
#2152 = VECTOR ( 'NONE', #2492, 1000.000000000000000 ) ;
#2153 = PRESENTATION_STYLE_ASSIGNMENT (( #4092 ) ) ;
#2154 = STYLED_ITEM ( 'NONE', ( #2202 ), #2094 ) ;
#2155 = DIRECTION ( 'NONE',  ( -1.000000000000000000, 0.000000000000000000, -0.000000000000000000 ) ) ;
#2156 = B_SPLINE_SURFACE_WITH_KNOTS ( 'NONE', 3, 1, ( 
 ( #2784, #1364 ),
 ( #3524, #4256 ),
 ( #988, #4278 ),
 ( #1010, #3923 ),
 ( #2421, #3898 ),
 ( #1368, #3217 ),
 ( #2449, #1035 ),
 ( #2494, #3950 ),
 ( #1782, #673 ),
 ( #336, #2540 ),
 ( #4693, #357 ) ),
 .UNSPECIFIED., .F., .F., .F.,
 ( 4, 1, 1, 1, 1, 1, 1, 1, 4 ),
 ( 2, 2 ),
 ( 0.000000000000000000, 0.2475841483258849618, 0.4361234509600940279, 0.5765471439970870637, 0.6891935206218198218, 0.7769127325059281830, 0.8506699786920552953, 0.9203469832125598105, 1.000000000000000000 ),
 ( 0.000000000000000000, 1.000000000000000000 ),
 .UNSPECIFIED. ) ;
#2157 = DIRECTION ( 'NONE',  ( 0.8589240550050705192, 0.000000000000000000, 0.5121029854762093603 ) ) ;
#2158 = CARTESIAN_POINT ( 'NONE',  ( 2.616607625011922789, 2.999900000000000677, 1.409441959770592945 ) ) ;
#2159 = PLANE ( 'NONE',  #936 ) ;
#2160 = AXIS2_PLACEMENT_3D ( 'NONE', #1435, #362, #2477 ) ;
#2161 = MECHANICAL_DESIGN_GEOMETRIC_PRESENTATION_REPRESENTATION (  '', ( #4236 ), #4385 ) ;
#2162 = CARTESIAN_POINT ( 'NONE',  ( 1.181887395167976917, 2.999899999999999789, -0.7137202317960829046 ) ) ;
#2163 = CARTESIAN_POINT ( 'NONE',  ( 2.642690712998740032, 2.999900000000000677, 0.6092939161364908651 ) ) ;
#2164 = FILL_AREA_STYLE_COLOUR ( '', #1554 ) ;
#2165 = CARTESIAN_POINT ( 'NONE',  ( 2.642539632016172924, 3.000000000000000888, 1.556265576933502315 ) ) ;
#2166 = CARTESIAN_POINT ( 'NONE',  ( 1.220930602704622059, 3.000000000000000444, 0.5382920779011968193 ) ) ;
#2167 = VERTEX_POINT ( 'NONE', #93 ) ;
#2168 = PRESENTATION_STYLE_ASSIGNMENT (( #1133 ) ) ;
#2169 = B_SPLINE_CURVE_WITH_KNOTS ( 'NONE', 3,
 ( #3185, #343, #1064, #1043 ),
 .UNSPECIFIED., .F., .F.,
 ( 4, 4 ),
 ( 0.000000000000000000, 0.09090909090909091161 ),
 .UNSPECIFIED. ) ;
#2170 = VECTOR ( 'NONE', #1507, 1000.000000000000000 ) ;
#2171 = DIRECTION ( 'NONE',  ( -0.000000000000000000, 1.000000000000000000, -0.000000000000000000 ) ) ;
#2172 = MECHANICAL_DESIGN_GEOMETRIC_PRESENTATION_REPRESENTATION (  '', ( #1570 ), #3400 ) ;
#2173 = ORIENTED_EDGE ( 'NONE', *, *, #1474, .T. ) ;
#2174 = SURFACE_STYLE_USAGE ( .BOTH. , #1891 ) ;
#2175 = VECTOR ( 'NONE', #331, 1000.000000000000000 ) ;
#2176 = SURFACE_STYLE_FILL_AREA ( #1069 ) ;
#2177 = CARTESIAN_POINT ( 'NONE',  ( -0.8944881253464941340, 3.000000000000000000, -0.8987480314960591965 ) ) ;
#2178 = B_SPLINE_CURVE_WITH_KNOTS ( 'NONE', 3,
 ( #1141, #1073, #2204, #1423, #2949, #4365, #1777, #4435, #2973, #4343, #2509 ),
 .UNSPECIFIED., .F., .F.,
 ( 4, 1, 1, 1, 1, 1, 1, 1, 4 ),
 ( 0.000000000000000000, 0.08269940838263233063, 0.1609352856402981591, 0.2384022412677351266, 0.3252932597831262318, 0.4321161260274608562, 0.5729322032451388269, 0.7592645677637461787, 1.000000000000000000 ),
 .UNSPECIFIED. ) ;
#2179 = B_SPLINE_CURVE_WITH_KNOTS ( 'NONE', 3,
 ( #2195, #385, #2938, #3352, #2269, #4070, #1835, #1134, #4047, #2218, #60 ),
 .UNSPECIFIED., .F., .F.,
 ( 4, 1, 1, 1, 1, 1, 1, 1, 4 ),
 ( 0.000000000000000000, 0.2090174448045498123, 0.3701215845098708157, 0.4868884033316097093, 0.5748632755078627588, 0.6458207185090946156, 0.7281441267704361620, 0.8423061535616729323, 1.000000000000000000 ),
 .UNSPECIFIED. ) ;
#2180 = CARTESIAN_POINT ( 'NONE',  ( 2.624753711275633616, 3.000000000000000000, 1.416323062675097111 ) ) ;
#2181 = CARTESIAN_POINT ( 'NONE',  ( 0.7799370715039031232, 3.000000000000000000, -0.02874015748031673659 ) ) ;
#2182 = ORIENTED_EDGE ( 'NONE', *, *, #3501, .F. ) ;
#2183 = PRESENTATION_LAYER_ASSIGNMENT (  '', '', ( #4258 ) ) ;
#2184 = CARTESIAN_POINT ( 'NONE',  ( 1.142825864974269079, 3.000000000000000000, -0.6255366016489226633 ) ) ;
#2185 = FACE_OUTER_BOUND ( 'NONE', #4162, .T. ) ;
#2186 = SURFACE_STYLE_FILL_AREA ( #2514 ) ;
#2187 = SURFACE_STYLE_FILL_AREA ( #76 ) ;
#2188 =( NAMED_UNIT ( * ) PLANE_ANGLE_UNIT ( ) SI_UNIT ( $, .RADIAN. ) );
#2189 =( NAMED_UNIT ( * ) SI_UNIT ( $, .STERADIAN. ) SOLID_ANGLE_UNIT ( ) );
#2190 = CARTESIAN_POINT ( 'NONE',  ( 2.564450823292857340, 3.000000000000000000, 1.603664320548255473 ) ) ;
#2191 = CARTESIAN_POINT ( 'NONE',  ( 1.175344842613581742, 2.999900000000000233, 1.380237189032058387 ) ) ;
#2192 = EDGE_LOOP ( 'NONE', ( #1651, #2312, #3639, #3351 ) ) ;
#2193 = FILL_AREA_STYLE_COLOUR ( '', #502 ) ;
#2194 = UNCERTAINTY_MEASURE_WITH_UNIT (LENGTH_MEASURE( 1.000000000000000082E-05 ), #2068, 'distance_accuracy_value', 'NONE');
#2195 = CARTESIAN_POINT ( 'NONE',  ( 2.642690712998739588, 3.000000000000000000, -0.9458531426870389058 ) ) ;
#2196 = CARTESIAN_POINT ( 'NONE',  ( 2.617887197584240599, 2.999899999999999789, 0.3880593156605338656 ) ) ;
#2197 = VERTEX_POINT ( 'NONE', #2276 ) ;
#2198 = EDGE_CURVE ( 'NONE', #1654, #4523, #3738, .T. ) ;
#2199 = CARTESIAN_POINT ( 'NONE',  ( 2.644999999999999130, 0.000000000000000000, -2.500000000000000444 ) ) ;
#2200 = PLANE ( 'NONE',  #1935 ) ;
#2201 = CARTESIAN_POINT ( 'NONE',  ( 2.642566788542307865, 2.999899999999999345, -1.894438454935804206 ) ) ;
#2202 = PRESENTATION_STYLE_ASSIGNMENT (( #2946 ) ) ;
#2203 = EDGE_LOOP ( 'NONE', ( #3020, #38, #573, #1996 ) ) ;
#2204 = CARTESIAN_POINT ( 'NONE',  ( 1.169738862666132473, 3.000000000000000000, -1.742620866396078938 ) ) ;
#2205 = CARTESIAN_POINT ( 'NONE',  ( 1.147672671593931160, 3.000000000000000000, 0.3480305999690833096 ) ) ;
#2206 = CARTESIAN_POINT ( 'NONE',  ( 0.7694291974881546370, 2.999900000000000233, -0.3560984251968530301 ) ) ;
#2207 = PRESENTATION_LAYER_ASSIGNMENT (  '', '', ( #4280 ) ) ;
#2208 =( GEOMETRIC_REPRESENTATION_CONTEXT ( 3 ) GLOBAL_UNCERTAINTY_ASSIGNED_CONTEXT ( ( #1112 ) ) GLOBAL_UNIT_ASSIGNED_CONTEXT ( ( #1284, #3816, #2724 ) ) REPRESENTATION_CONTEXT ( 'NONE', 'WORKASPACE' ) );
#2209 = CARTESIAN_POINT ( 'NONE',  ( 2.642690712998740032, 3.000000000000000444, -1.861294319157627442 ) ) ;
#2210 = CARTESIAN_POINT ( 'NONE',  ( 2.564450823292857340, 2.999900000000000233, -0.7135461573929211543 ) ) ;
#2211 =( GEOMETRIC_REPRESENTATION_CONTEXT ( 3 ) GLOBAL_UNCERTAINTY_ASSIGNED_CONTEXT ( ( #824 ) ) GLOBAL_UNIT_ASSIGNED_CONTEXT ( ( #1977, #2029, #907 ) ) REPRESENTATION_CONTEXT ( 'NONE', 'WORKASPACE' ) );
#2212 = STYLED_ITEM ( 'NONE', ( #458 ), #1162 ) ;
#2213 = VECTOR ( 'NONE', #1574, 1000.000000000000000 ) ;
#2214 = CARTESIAN_POINT ( 'NONE',  ( -0.8947361568425546974, 2.999900000000000233, -0.3477952755905496796 ) ) ;
#2215 = FILL_AREA_STYLE_COLOUR ( '', #1154 ) ;
#2216 = VERTEX_POINT ( 'NONE', #1586 ) ;
#2217 = CARTESIAN_POINT ( 'NONE',  ( 1.142690712998739588, 2.999900000000000233, -1.849920238275274187 ) ) ;
#2218 = CARTESIAN_POINT ( 'NONE',  ( 2.571937412355976615, 3.000000000000000888, -0.8627156373303865866 ) ) ;
#2219 = CARTESIAN_POINT ( 'NONE',  ( 2.571941074772255753, 3.000000000000000444, 0.5176381068884758907 ) ) ;
#2220 = ORIENTED_EDGE ( 'NONE', *, *, #3260, .F. ) ;
#2221 = CARTESIAN_POINT ( 'NONE',  ( 1.181887395167976917, 2.999899999999999789, -0.7137202317960829046 ) ) ;
#2222 = CARTESIAN_POINT ( 'NONE',  ( -0.8275196214094782121, 3.000000000000000000, 1.076720472440948484 ) ) ;
#2223 = DIRECTION ( 'NONE',  ( 0.000000000000000000, -0.000000000000000000, 1.000000000000000000 ) ) ;
#2224 = PRESENTATION_STYLE_ASSIGNMENT (( #3382 ) ) ;
#2225 = ORIENTED_EDGE ( 'NONE', *, *, #4202, .F. ) ;
#2226 =( NAMED_UNIT ( * ) SI_UNIT ( $, .STERADIAN. ) SOLID_ANGLE_UNIT ( ) );
#2227 = CARTESIAN_POINT ( 'NONE',  ( -0.8947361568425546974, 3.000000000000000000, -0.3477952755905496796 ) ) ;
#2228 = ADVANCED_FACE ( 'NONE', ( #3046 ), #4509, .T. ) ;
#2229 = CARTESIAN_POINT ( 'NONE',  ( 2.607189793881092399, 2.999900000000000233, -1.066832002981156435 ) ) ;
#2230 = CARTESIAN_POINT ( 'NONE',  ( 1.142690712998739588, 2.999900000000000233, -0.6146261206282154221 ) ) ;
#2231 =( NAMED_UNIT ( * ) SI_UNIT ( $, .STERADIAN. ) SOLID_ANGLE_UNIT ( ) );
#2232 = ORIENTED_EDGE ( 'NONE', *, *, #2914, .F. ) ;
#2233 = DIRECTION ( 'NONE',  ( 0.8679317172888709742, 0.000000000000000000, 0.4966835351851230929 ) ) ;
#2234 = FILL_AREA_STYLE_COLOUR ( '', #1652 ) ;
#2235 = EDGE_CURVE ( 'NONE', #604, #2363, #213, .T. ) ;
#2236 = COLOUR_RGB ( '',1.000000000000000000, 1.000000000000000000, 1.000000000000000000 ) ;
#2237 = FILL_AREA_STYLE_COLOUR ( '', #1538 ) ;
#2238 =( NAMED_UNIT ( * ) SI_UNIT ( $, .STERADIAN. ) SOLID_ANGLE_UNIT ( ) );
#2239 = ORIENTED_EDGE ( 'NONE', *, *, #3800, .T. ) ;
#2240 = LINE ( 'NONE', #2707, #1792 ) ;
#2241 = UNCERTAINTY_MEASURE_WITH_UNIT (LENGTH_MEASURE( 1.000000000000000082E-05 ), #2872, 'distance_accuracy_value', 'NONE');
#2242 = VERTEX_POINT ( 'NONE', #1662 ) ;
#2243 = CARTESIAN_POINT ( 'NONE',  ( -2.665451921499553123, 2.999900000000000233, -2.819567424523458321 ) ) ;
#2244 = EDGE_CURVE ( 'NONE', #783, #4538, #325, .T. ) ;
#2245 = ORIENTED_EDGE ( 'NONE', *, *, #1177, .T. ) ;
#2246 = CARTESIAN_POINT ( 'NONE',  ( 1.213334361882071777, 2.999900000000000677, -0.7009175616018576971 ) ) ;
#2247 =( GEOMETRIC_REPRESENTATION_CONTEXT ( 3 ) GLOBAL_UNCERTAINTY_ASSIGNED_CONTEXT ( ( #348 ) ) GLOBAL_UNIT_ASSIGNED_CONTEXT ( ( #2468, #1318, #1716 ) ) REPRESENTATION_CONTEXT ( 'NONE', 'WORKASPACE' ) );
#2248 = DIRECTION ( 'NONE',  ( 0.000000000000000000, -0.000000000000000000, -1.000000000000000000 ) ) ;
#2249 = CARTESIAN_POINT ( 'NONE',  ( 2.564450823292857340, 2.999900000000000233, 0.5217479602541378325 ) ) ;
#2250 = DIRECTION ( 'NONE',  ( 0.8589240550050706302, 0.000000000000000000, 0.5121029854762092492 ) ) ;
#2251 = COLOUR_RGB ( '',1.000000000000000000, 1.000000000000000000, 1.000000000000000000 ) ;
#2252 = ORIENTED_EDGE ( 'NONE', *, *, #2942, .T. ) ;
#2253 = CARTESIAN_POINT ( 'NONE',  ( -0.8321574166850701504, 2.999900000000000233, 0.6509448818897678457 ) ) ;
#2254 = CARTESIAN_POINT ( 'NONE',  ( 2.639169935549310786, 2.999900000000000677, 1.451371765112962287 ) ) ;
#2255 = VECTOR ( 'NONE', #4472, 1000.000000000000000 ) ;
#2256 = CARTESIAN_POINT ( 'NONE',  ( 1.213298624243933643, 3.000000000000000000, 1.589088432830282116 ) ) ;
#2257 = B_SPLINE_CURVE_WITH_KNOTS ( 'NONE', 3,
 ( #675, #2426, #4310, #2794, #2863, #4329, #2122, #4695, #4625, #1018, #2451 ),
 .UNSPECIFIED., .F., .F.,
 ( 4, 1, 1, 1, 1, 1, 1, 1, 4 ),
 ( 0.000000000000000000, 0.2475841483258849618, 0.4361234509600940279, 0.5765471439970870637, 0.6891935206218198218, 0.7769127325059281830, 0.8506699786920552953, 0.9203469832125598105, 1.000000000000000000 ),
 .UNSPECIFIED. ) ;
#2258 = CARTESIAN_POINT ( 'NONE',  ( 2.610351767915529031, 2.999899999999999789, -1.741933696777567597 ) ) ;
#2259 = SURFACE_STYLE_USAGE ( .BOTH. , #813 ) ;
#2260 = ORIENTED_EDGE ( 'NONE', *, *, #1883, .F. ) ;
#2261 = CARTESIAN_POINT ( 'NONE',  ( -2.644999999999999130, 0.000000000000000000, 2.500000000000000000 ) ) ;
#2262 = CARTESIAN_POINT ( 'NONE',  ( 1.161416586822690222, 3.000000000000000888, -0.5129659394870350608 ) ) ;
#2263 = LINE ( 'NONE', #890, #2830 ) ;
#2264 = FACE_BOUND ( 'NONE', #2987, .T. ) ;
#2265 =( GEOMETRIC_REPRESENTATION_CONTEXT ( 3 ) GLOBAL_UNCERTAINTY_ASSIGNED_CONTEXT ( ( #2969 ) ) GLOBAL_UNIT_ASSIGNED_CONTEXT ( ( #2703, #98, #884 ) ) REPRESENTATION_CONTEXT ( 'NONE', 'WORKASPACE' ) );
#2266 = ORIENTED_EDGE ( 'NONE', *, *, #326, .T. ) ;
#2267 = CARTESIAN_POINT ( 'NONE',  ( 1.161416586822689556, 2.999999999999999556, -1.748260057134093604 ) ) ;
#2268 = CARTESIAN_POINT ( 'NONE',  ( 2.642667625737632253, 3.000000000000000000, 1.495531293261620709 ) ) ;
#2269 = CARTESIAN_POINT ( 'NONE',  ( 2.636771313881896450, 3.000000000000000000, -0.8682515664157633983 ) ) ;
#2270 = CARTESIAN_POINT ( 'NONE',  ( 2.640139079277641354, 3.000000000000000888, 0.5480307067437175661 ) ) ;
#2271 = ORIENTED_EDGE ( 'NONE', *, *, #2572, .T. ) ;
#2272 =( NAMED_UNIT ( * ) SI_UNIT ( $, .STERADIAN. ) SOLID_ANGLE_UNIT ( ) );
#2273 = FILL_AREA_STYLE_COLOUR ( '', #716 ) ;
#2274 = ADVANCED_FACE ( 'NONE', ( #2046 ), #3542, .F. ) ;
#2275 = CARTESIAN_POINT ( 'NONE',  ( 1.154538716452735647, 2.999899999999999345, 0.7146812797883247415 ) ) ;
#2276 = CARTESIAN_POINT ( 'NONE',  ( 2.607189793881092399, 2.999900000000000233, -1.740315458863509468 ) ) ;
#2277 =( GEOMETRIC_REPRESENTATION_CONTEXT ( 3 ) GLOBAL_UNCERTAINTY_ASSIGNED_CONTEXT ( ( #1918 ) ) GLOBAL_UNIT_ASSIGNED_CONTEXT ( ( #2151, #1002, #2854 ) ) REPRESENTATION_CONTEXT ( 'NONE', 'WORKASPACE' ) );
#2278 = ORIENTED_EDGE ( 'NONE', *, *, #3547, .F. ) ;
#2279 = CARTESIAN_POINT ( 'NONE',  ( 1.144617761972858805, 2.999899999999999345, -1.906695153511921870 ) ) ;
#2280 = CARTESIAN_POINT ( 'NONE',  ( 2.616607625011922789, 2.999900000000000233, 1.409441959770592945 ) ) ;
#2281 =( LENGTH_UNIT ( ) NAMED_UNIT ( * ) SI_UNIT ( .MILLI., .METRE. ) );
#2282 = ORIENTED_EDGE ( 'NONE', *, *, #677, .T. ) ;
#2283 = CARTESIAN_POINT ( 'NONE',  ( 2.607189793881092399, 2.999900000000000233, 1.403756232312961316 ) ) ;
#2284 = ORIENTED_EDGE ( 'NONE', *, *, #64, .F. ) ;
#2285 = AXIS2_PLACEMENT_3D ( 'NONE', #550, #3757, #1298 ) ;
#2286 = ADVANCED_FACE ( 'NONE', ( #3119 ), #1730, .T. ) ;
#2287 = B_SPLINE_CURVE_WITH_KNOTS ( 'NONE', 3,
 ( #4109, #1964, #3393, #479, #2691, #1578, #3062, #127, #892, #4477, #845 ),
 .UNSPECIFIED., .F., .F.,
 ( 4, 1, 1, 1, 1, 1, 1, 1, 4 ),
 ( 0.000000000000000000, 0.2009044012478304053, 0.3599846282170884315, 0.4835952109184648018, 0.5715364693554770836, 0.6460191871590634793, 0.7285858147531646400, 0.8430130251172095468, 1.000000000000000000 ),
 .UNSPECIFIED. ) ;
#2288 = DIRECTION ( 'NONE',  ( -0.8660872391925200642, 0.000000000000000000, -0.4998928826337482034 ) ) ;
#2289 = DIRECTION ( 'NONE',  ( -0.000000000000000000, 1.000000000000000000, -0.000000000000000000 ) ) ;
#2290 = ADVANCED_FACE ( 'NONE', ( #2941 ), #1138, .F. ) ;
#2291 = LINE ( 'NONE', #3109, #247 ) ;
#2292 = EDGE_LOOP ( 'NONE', ( #2331, #2454, #4676, #4106 ) ) ;
#2293 = CARTESIAN_POINT ( 'NONE',  ( 2.642690712998739588, 2.999900000000000233, 0.6092939161364907541 ) ) ;
#2294 = PRESENTATION_LAYER_ASSIGNMENT (  '', '', ( #175 ) ) ;
#2295 = CARTESIAN_POINT ( 'NONE',  ( 2.639169935549311674, 2.999900000000000677, 0.2160776474659031610 ) ) ;
#2296 = CARTESIAN_POINT ( 'NONE',  ( 2.564450823292857340, 3.000000000000000000, -0.7135461573929211543 ) ) ;
#2297 = COLOUR_RGB ( '',0.8274509803921568096, 0.8392156862745098200, 0.8274509803921568096 ) ;
#2298 = CARTESIAN_POINT ( 'NONE',  ( 2.642636186262781628, 2.999900000000001121, -0.9344734550235077597 ) ) ;
#2299 = VECTOR ( 'NONE', #1664, 999.9999999999998863 ) ;
#2300 = CARTESIAN_POINT ( 'NONE',  ( 0.3986378589054800359, 2.999900000000000233, 0.6848070866141745539 ) ) ;
#2301 = ORIENTED_EDGE ( 'NONE', *, *, #4305, .F. ) ;
#2302 = CARTESIAN_POINT ( 'NONE',  ( 1.142690712998739588, 3.000000000000000000, -1.849920238275274187 ) ) ;
#2303 = FILL_AREA_STYLE ('',( #4466 ) ) ;
#2304 = DIRECTION ( 'NONE',  ( 0.4998928826337482589, 0.000000000000000000, -0.8660872391925201752 ) ) ;
#2305 = LINE ( 'NONE', #3771, #2665 ) ;
#2306 = CARTESIAN_POINT ( 'NONE',  ( 1.142690712998739588, 3.000000000000000000, 0.6206679970188436757 ) ) ;
#2307 = EDGE_CURVE ( 'NONE', #1648, #1725, #1467, .T. ) ;
#2308 = VERTEX_POINT ( 'NONE', #727 ) ;
#2309 =( LENGTH_UNIT ( ) NAMED_UNIT ( * ) SI_UNIT ( .MILLI., .METRE. ) );
#2310 = STYLED_ITEM ( 'NONE', ( #123 ), #3429 ) ;
#2311 = COLOUR_RGB ( '',0.8274509803921568096, 0.8392156862745098200, 0.8274509803921568096 ) ;
#2312 = ORIENTED_EDGE ( 'NONE', *, *, #2307, .F. ) ;
#2313 =( GEOMETRIC_REPRESENTATION_CONTEXT ( 3 ) GLOBAL_UNCERTAINTY_ASSIGNED_CONTEXT ( ( #488 ) ) GLOBAL_UNIT_ASSIGNED_CONTEXT ( ( #3018, #150, #480 ) ) REPRESENTATION_CONTEXT ( 'NONE', 'WORKASPACE' ) );
#2314 =( LENGTH_UNIT ( ) NAMED_UNIT ( * ) SI_UNIT ( .MILLI., .METRE. ) );
#2315 = ADVANCED_FACE ( 'NONE', ( #2571 ), #1840, .F. ) ;
#2316 = CARTESIAN_POINT ( 'NONE',  ( 1.220930602704621837, 3.000000000000000000, 0.3497580705482553065 ) ) ;
#2317 = ORIENTED_EDGE ( 'NONE', *, *, #3362, .F. ) ;
#2318 = CARTESIAN_POINT ( 'NONE',  ( 1.142930022522763656, 2.999900000000000233, 0.2780542732512504278 ) ) ;
#2319 = CARTESIAN_POINT ( 'NONE',  ( 2.631385331497114954, 2.999900000000000233, 0.1896740157777860591 ) ) ;
#2320 = CARTESIAN_POINT ( 'NONE',  ( -1.394999999999999352, -0.1000000000000000056, 2.500000000000000000 ) ) ;
#2321 = DIRECTION ( 'NONE',  ( 0.000000000000000000, 0.000000000000000000, -1.000000000000000000 ) ) ;
#2322 = VERTEX_POINT ( 'NONE', #1892 ) ;
#2323 = CARTESIAN_POINT ( 'NONE',  ( 1.213334361882071555, 3.000000000000000444, -1.936211679248916573 ) ) ;
#2324 = SURFACE_STYLE_USAGE ( .BOTH. , #1236 ) ;
#2325 = CARTESIAN_POINT ( 'NONE',  ( 2.642690712998739588, 3.000000000000000000, 1.524735092607079068 ) ) ;
#2326 = CARTESIAN_POINT ( 'NONE',  ( 1.147672671593930938, 2.999999999999999556, 1.583324717616142241 ) ) ;
#2327 = MECHANICAL_DESIGN_GEOMETRIC_PRESENTATION_REPRESENTATION (  '', ( #3323 ), #1045 ) ;
#2328 = DIRECTION ( 'NONE',  ( -0.5121029854762093603, 0.000000000000000000, 0.8589240550050705192 ) ) ;
#2329 =( NAMED_UNIT ( * ) SI_UNIT ( $, .STERADIAN. ) SOLID_ANGLE_UNIT ( ) );
#2330 = CARTESIAN_POINT ( 'NONE',  ( 2.607189793881092399, 2.999900000000000233, -1.740315458863509468 ) ) ;
#2331 = ORIENTED_EDGE ( 'NONE', *, *, #3636, .T. ) ;
#2332 = CARTESIAN_POINT ( 'NONE',  ( 2.616607625011923233, 3.000000000000000000, 0.1741478421235338192 ) ) ;
#2333 = VERTEX_POINT ( 'NONE', #443 ) ;
#2334 = SURFACE_SIDE_STYLE ('',( #358 ) ) ;
#2335 = FILL_AREA_STYLE ('',( #1223 ) ) ;
#2336 = CARTESIAN_POINT ( 'NONE',  ( 2.015737587998739588, 2.999900000000000233, -1.405297076510568344 ) ) ;
#2337 = ORIENTED_EDGE ( 'NONE', *, *, #3148, .F. ) ;
#2338 = CARTESIAN_POINT ( 'NONE',  ( 2.624191191930992595, 2.999900000000001565, 0.7194328075581447601 ) ) ;
#2339 = EDGE_CURVE ( 'NONE', #20, #4427, #3357, .T. ) ;
#2340 = ADVANCED_FACE ( 'NONE', ( #738 ), #2953, .T. ) ;
#2341 = SURFACE_SIDE_STYLE ('',( #802 ) ) ;
#2342 =( LENGTH_UNIT ( ) NAMED_UNIT ( * ) SI_UNIT ( .MILLI., .METRE. ) );
#2343 = CARTESIAN_POINT ( 'NONE',  ( 1.876491264469327680, 2.999900000000000233, -0.3061472603340976151 ) ) ;
#2344 = CARTESIAN_POINT ( 'NONE',  ( 2.641323004694410059, 3.000000000000000444, -1.805183329931393077 ) ) ;
#2345 = ADVANCED_FACE ( 'NONE', ( #1879 ), #2848, .T. ) ;
#2346 = SURFACE_STYLE_USAGE ( .BOTH. , #3000 ) ;
#2347 = ORIENTED_EDGE ( 'NONE', *, *, #3051, .T. ) ;
#2348 = CARTESIAN_POINT ( 'NONE',  ( 1.181887395167976917, 2.999999999999999556, -1.949014349443141114 ) ) ;
#2349 = B_SPLINE_CURVE_WITH_KNOTS ( 'NONE', 3,
 ( #3458, #204, #967, #2404 ),
 .UNSPECIFIED., .F., .F.,
 ( 4, 4 ),
 ( 0.6363636363636364646, 0.7272727272727274039 ),
 .UNSPECIFIED. ) ;
#2350 = CARTESIAN_POINT ( 'NONE',  ( 2.631385331497115398, 3.000000000000000444, 1.424968133424845407 ) ) ;
#2351 = UNCERTAINTY_MEASURE_WITH_UNIT (LENGTH_MEASURE( 1.000000000000000082E-05 ), #35, 'distance_accuracy_value', 'NONE');
#2352 =( NAMED_UNIT ( * ) PLANE_ANGLE_UNIT ( ) SI_UNIT ( $, .RADIAN. ) );
#2353 = VECTOR ( 'NONE', #3961, 1000.000000000000000 ) ;
#2354 = SURFACE_SIDE_STYLE ('',( #3076 ) ) ;
#2355 = CARTESIAN_POINT ( 'NONE',  ( 1.178191632116386556, 3.000000000000000000, -1.736868767687038906 ) ) ;
#2356 = CARTESIAN_POINT ( 'NONE',  ( 1.149120405164141490, 3.000000000000000444, 1.410468524459412176 ) ) ;
#2357 = ORIENTED_EDGE ( 'NONE', *, *, #817, .T. ) ;
#2358 = FILL_AREA_STYLE_COLOUR ( '', #484 ) ;
#2359 = ORIENTED_EDGE ( 'NONE', *, *, #4547, .F. ) ;
#2360 = AXIS2_PLACEMENT_3D ( 'NONE', #2114, #4270, #583 ) ;
#2361 = CARTESIAN_POINT ( 'NONE',  ( 1.220930602704622059, 2.999900000000000677, 0.5382920779011968193 ) ) ;
#2362 = CARTESIAN_POINT ( 'NONE',  ( 1.876491264469327680, 2.999900000000000233, -1.541441377981156435 ) ) ;
#2363 = VERTEX_POINT ( 'NONE', #3186 ) ;
#2364 =( LENGTH_UNIT ( ) NAMED_UNIT ( * ) SI_UNIT ( .MILLI., .METRE. ) );
#2365 = STYLED_ITEM ( 'NONE', ( #3496 ), #2788 ) ;
#2366 = AXIS2_PLACEMENT_3D ( 'NONE', #3604, #1086, #2522 ) ;
#2367 = CARTESIAN_POINT ( 'NONE',  ( 1.178191632116386556, 2.999900000000000233, 1.377906048489432100 ) ) ;
#2368 = AXIS2_PLACEMENT_3D ( 'NONE', #992, #4285, #228 ) ;
#2369 = CARTESIAN_POINT ( 'NONE',  ( 2.607189793881092399, 3.000000000000000000, -1.740315458863509468 ) ) ;
#2370 = LINE ( 'NONE', #3383, #3579 ) ;
#2371 = CARTESIAN_POINT ( 'NONE',  ( 2.607189793881092399, 2.999900000000000233, 0.7302727764306083946 ) ) ;
#2372 = PRESENTATION_LAYER_ASSIGNMENT (  '', '', ( #1919 ) ) ;
#2373 = CARTESIAN_POINT ( 'NONE',  ( 2.618218846677510037, 2.999900000000000233, -0.7323642708057511719 ) ) ;
#2374 = PRESENTATION_STYLE_ASSIGNMENT (( #3796 ) ) ;
#2375 = FILL_AREA_STYLE ('',( #2831 ) ) ;
#2376 = SURFACE_STYLE_USAGE ( .BOTH. , #4179 ) ;
#2377 = CARTESIAN_POINT ( 'NONE',  ( 1.143897626635291154, 2.999900000000000677, 0.6725800144058668995 ) ) ;
#2378 = EDGE_CURVE ( 'NONE', #2387, #4267, #2800, .T. ) ;
#2379 = CARTESIAN_POINT ( 'NONE',  ( 1.142778724780128208, 3.000000000000000444, -1.821880208861821782 ) ) ;
#2380 = CARTESIAN_POINT ( 'NONE',  ( 1.149025747743360526, 3.000000000000001332, -0.5307626564892643506 ) ) ;
#2381 = CARTESIAN_POINT ( 'NONE',  ( -1.394999999999999352, -0.1000000000000000056, 2.500000000000000000 ) ) ;
#2382 = ORIENTED_EDGE ( 'NONE', *, *, #2480, .F. ) ;
#2383 = CARTESIAN_POINT ( 'NONE',  ( -0.8321574166850701504, 2.999900000000000233, 0.6509448818897678457 ) ) ;
#2384 = ORIENTED_EDGE ( 'NONE', *, *, #4051, .F. ) ;
#2385 = CARTESIAN_POINT ( 'NONE',  ( 1.154974464376837373, 3.000000000000000000, 0.5295270840335154494 ) ) ;
#2386 = CARTESIAN_POINT ( 'NONE',  ( 2.015737587998739588, 2.999900000000000233, -0.1700029588635093569 ) ) ;
#2387 = VERTEX_POINT ( 'NONE', #2458 ) ;
#2388 = CARTESIAN_POINT ( 'NONE',  ( 1.142690712998739588, 2.999900000000000233, 0.6206679970188436757 ) ) ;
#2389 = VERTEX_POINT ( 'NONE', #611 ) ;
#2390 = B_SPLINE_CURVE_WITH_KNOTS ( 'NONE', 3,
 ( #2844, #2478, #3956, #2125, #698, #2144, #3602, #1436, #3245, #1180, #195 ),
 .UNSPECIFIED., .F., .F.,
 ( 4, 1, 1, 1, 1, 1, 1, 1, 4 ),
 ( 0.000000000000000000, 0.2090174448045497568, 0.3701215845098707047, 0.4868884033316095428, 0.5748632755078623147, 0.6458207185090945046, 0.7281441267704360509, 0.8423061535616729323, 1.000000000000000000 ),
 .UNSPECIFIED. ) ;
#2391 = CARTESIAN_POINT ( 'NONE',  ( 2.616279699699928685, 3.000000000000000000, -1.744967499035585012 ) ) ;
#2392 = DIRECTION ( 'NONE',  ( 0.8604455470465084410, 0.000000000000000000, -0.5095424031107078644 ) ) ;
#2393 = PRODUCT_DEFINITION_FORMATION_WITH_SPECIFIED_SOURCE ( 'ANY', '', #806, .NOT_KNOWN. ) ;
#2394 =( NAMED_UNIT ( * ) PLANE_ANGLE_UNIT ( ) SI_UNIT ( $, .RADIAN. ) );
#2395 = LINE ( 'NONE', #3490, #3989 ) ;
#2396 = CARTESIAN_POINT ( 'NONE',  ( 1.876491264469327680, 3.000000000000000000, -1.541441377981156435 ) ) ;
#2397 = LINE ( 'NONE', #3870, #244 ) ;
#2398 = SURFACE_STYLE_FILL_AREA ( #4665 ) ;
#2399 = CARTESIAN_POINT ( 'NONE',  ( 1.142720842757628974, 2.999999999999999556, 0.2554335172887596817 ) ) ;
#2400 = SURFACE_STYLE_FILL_AREA ( #4231 ) ;
#2401 = CARTESIAN_POINT ( 'NONE',  ( 2.607189793881092399, 3.000000000000000000, -1.740315458863509468 ) ) ;
#2402 = ADVANCED_FACE ( 'NONE', ( #2413 ), #2120, .T. ) ;
#2403 = EDGE_LOOP ( 'NONE', ( #1156, #1038, #2578, #1519 ) ) ;
#2404 = CARTESIAN_POINT ( 'NONE',  ( -1.608094424559088464, 2.999900000000000233, -0.3819212598425155147 ) ) ;
#2405 = CARTESIAN_POINT ( 'NONE',  ( 1.178191632116386556, 3.000000000000000000, -1.092682186804686095 ) ) ;
#2406 = ORIENTED_EDGE ( 'NONE', *, *, #1367, .T. ) ;
#2407 = CARTESIAN_POINT ( 'NONE',  ( 1.142930022522763878, 2.999900000000000233, 1.513348390898309415 ) ) ;
#2408 = MECHANICAL_DESIGN_GEOMETRIC_PRESENTATION_REPRESENTATION (  '', ( #3877 ), #3247 ) ;
#2409 = VERTEX_POINT ( 'NONE', #2771 ) ;
#2410 = ORIENTED_EDGE ( 'NONE', *, *, #1624, .F. ) ;
#2411 = PLANE ( 'NONE',  #2937 ) ;
#2412 = CARTESIAN_POINT ( 'NONE',  ( 0.8045827407952444998, 2.999900000000000233, 0.7392322834645667085 ) ) ;
#2413 = FACE_OUTER_BOUND ( 'NONE', #1194, .T. ) ;
#2414 = PRESENTATION_STYLE_ASSIGNMENT (( #236 ) ) ;
#2415 = ADVANCED_FACE ( 'NONE', ( #2824 ), #3164, .T. ) ;
#2416 = CARTESIAN_POINT ( 'NONE',  ( 1.213298624243933199, 2.999899999999999789, -0.8814998024638358576 ) ) ;
#2417 = CARTESIAN_POINT ( 'NONE',  ( 1.169901077095652830, 2.999899999999999345, -1.085893329071908164 ) ) ;
#2418 =( NAMED_UNIT ( * ) PLANE_ANGLE_UNIT ( ) SI_UNIT ( $, .RADIAN. ) );
#2419 = CARTESIAN_POINT ( 'NONE',  ( 2.640139079277641798, 3.000000000000000888, -1.922557528550401074 ) ) ;
#2420 = FACE_OUTER_BOUND ( 'NONE', #2521, .T. ) ;
#2421 = CARTESIAN_POINT ( 'NONE',  ( 2.639295963283396329, 2.999899999999998901, -0.5502564976880873759 ) ) ;
#2422 = LINE ( 'NONE', #2757, #558 ) ;
#2423 = ORIENTED_EDGE ( 'NONE', *, *, #1739, .F. ) ;
#2424 = PRESENTATION_LAYER_ASSIGNMENT (  '', '', ( #3968 ) ) ;
#2425 =( NAMED_UNIT ( * ) PLANE_ANGLE_UNIT ( ) SI_UNIT ( $, .RADIAN. ) );
#2426 = CARTESIAN_POINT ( 'NONE',  ( 2.642684319598296749, 2.999999999999999556, 0.6203276250500228128 ) ) ;
#2427 = EDGE_LOOP ( 'NONE', ( #4049, #2384, #4566, #3483 ) ) ;
#2428 = DIRECTION ( 'NONE',  ( -0.000000000000000000, 0.000000000000000000, 1.000000000000000000 ) ) ;
#2429 = ORIENTED_EDGE ( 'NONE', *, *, #2108, .T. ) ;
#2430 = ORIENTED_EDGE ( 'NONE', *, *, #3646, .T. ) ;
#2431 = EDGE_CURVE ( 'NONE', #361, #3818, #717, .T. ) ;
#2432 = ADVANCED_FACE ( 'NONE', ( #2551 ), #87, .T. ) ;
#2433 = CARTESIAN_POINT ( 'NONE',  ( -1.394999999999999352, -0.1000000000000000056, 2.500000000000000000 ) ) ;
#2434 = PRESENTATION_STYLE_ASSIGNMENT (( #3889 ) ) ;
#2435 = CARTESIAN_POINT ( 'NONE',  ( 1.154538716452735647, 2.999999999999999112, -0.5206128378587339123 ) ) ;
#2436 = VECTOR ( 'NONE', #3468, 1000.000000000000000 ) ;
#2437 = CARTESIAN_POINT ( 'NONE',  ( 1.181946779667098824, 2.999899999999999789, -0.8668667010757199476 ) ) ;
#2438 = CARTESIAN_POINT ( 'NONE',  ( 2.602780714937743323, 2.999900000000000677, -1.966912289340083886 ) ) ;
#2439 = EDGE_CURVE ( 'NONE', #4678, #2867, #3503, .T. ) ;
#2440 = SURFACE_STYLE_FILL_AREA ( #2375 ) ;
#2441 = MECHANICAL_DESIGN_GEOMETRIC_PRESENTATION_REPRESENTATION (  '', ( #2905 ), #3287 ) ;
#2442 = MANIFOLD_SOLID_BREP ( 'Boss-Extrude2', #4295 ) ;
#2443 =( LENGTH_UNIT ( ) NAMED_UNIT ( * ) SI_UNIT ( .MILLI., .METRE. ) );
#2444 = CARTESIAN_POINT ( 'NONE',  ( 1.148772520324219615, 3.000000000000000888, -0.6911083878248586165 ) ) ;
#2445 = LINE ( 'NONE', #1011, #2030 ) ;
#2446 = COLOUR_RGB ( '',1.000000000000000000, 1.000000000000000000, 1.000000000000000000 ) ;
#2447 = ADVANCED_FACE ( 'NONE', ( #849 ), #642, .T. ) ;
#2448 = SURFACE_STYLE_FILL_AREA ( #1013 ) ;
#2449 = CARTESIAN_POINT ( 'NONE',  ( 2.630254047037110965, 2.999899999999999789, -0.5243396465367895498 ) ) ;
#2450 = LINE ( 'NONE', #1080, #4621 ) ;
#2451 = CARTESIAN_POINT ( 'NONE',  ( 2.607189793881092399, 3.000000000000000000, 0.7302727764306083946 ) ) ;
#2452 = VERTEX_POINT ( 'NONE', #3811 ) ;
#2453 = SURFACE_SIDE_STYLE ('',( #1743 ) ) ;
#2454 = ORIENTED_EDGE ( 'NONE', *, *, #607, .F. ) ;
#2455 = AXIS2_PLACEMENT_3D ( 'NONE', #372, #3986, #2157 ) ;
#2456 = CARTESIAN_POINT ( 'NONE',  ( 2.642690712998740032, 3.000000000000000444, 0.6092939161364908651 ) ) ;
#2457 = EDGE_CURVE ( 'NONE', #4622, #1629, #462, .T. ) ;
#2458 = CARTESIAN_POINT ( 'NONE',  ( 2.607189793881092399, 2.999900000000000233, -0.5050213412164505922 ) ) ;
#2459 = FILL_AREA_STYLE ('',( #3187 ) ) ;
#2460 = CARTESIAN_POINT ( 'NONE',  ( 1.154045461959794405, 2.999900000000000233, -0.8724682229854747728 ) ) ;
#2461 = CARTESIAN_POINT ( 'NONE',  ( -0.1988070229842903158, 2.999900000000000233, -1.102125984251967505 ) ) ;
#2462 = PRESENTATION_STYLE_ASSIGNMENT (( #702 ) ) ;
#2463 = CARTESIAN_POINT ( 'NONE',  ( -1.394999999999999352, 0.000000000000000000, -2.500000000000000000 ) ) ;
#2464 = PRESENTATION_LAYER_ASSIGNMENT (  '', '', ( #4699 ) ) ;
#2465 =( GEOMETRIC_REPRESENTATION_CONTEXT ( 3 ) GLOBAL_UNCERTAINTY_ASSIGNED_CONTEXT ( ( #1727 ) ) GLOBAL_UNIT_ASSIGNED_CONTEXT ( ( #1057, #2425, #3904 ) ) REPRESENTATION_CONTEXT ( 'NONE', 'WORKASPACE' ) );
#2466 = CARTESIAN_POINT ( 'NONE',  ( 1.143951580070069030, 3.000000000000001332, 0.2108991456630259498 ) ) ;
#2467 = CARTESIAN_POINT ( 'NONE',  ( -1.974192849755940671, 3.000000000000000000, -0.4815314960629848984 ) ) ;
#2468 =( LENGTH_UNIT ( ) NAMED_UNIT ( * ) SI_UNIT ( .MILLI., .METRE. ) );
#2469 = CARTESIAN_POINT ( 'NONE',  ( 2.642682354305278203, 2.999899999999999789, 0.2788678019239007599 ) ) ;
#2470 = VECTOR ( 'NONE', #3558, 1000.000000000000000 ) ;
#2471 = SURFACE_STYLE_USAGE ( .BOTH. , #2815 ) ;
#2472 = B_SPLINE_CURVE_WITH_KNOTS ( 'NONE', 3,
 ( #4053, #1917, #3659, #391, #2275, #2999, #2968, #1469, #4077, #1139, #1207 ),
 .UNSPECIFIED., .F., .F.,
 ( 4, 1, 1, 1, 1, 1, 1, 1, 4 ),
 ( 0.000000000000000000, 0.08269940838263134530, 0.1609352856402981868, 0.2384022412677344882, 0.3252932597831255657, 0.4321161260274609672, 0.5729322032451371616, 0.7592645677637445134, 1.000000000000000000 ),
 .UNSPECIFIED. ) ;
#2473 = CARTESIAN_POINT ( 'NONE',  ( 3.355000000000001759, 3.000000000000000000, 3.455000000000000515 ) ) ;
#2474 = VERTEX_POINT ( 'NONE', #1300 ) ;
#2475 = CARTESIAN_POINT ( 'NONE',  ( 2.564450823292857340, 2.999900000000000233, 0.5217479602541378325 ) ) ;
#2476 = ORIENTED_EDGE ( 'NONE', *, *, #3687, .F. ) ;
#2477 = DIRECTION ( 'NONE',  ( 1.000000000000000000, 0.000000000000000000, 0.000000000000000000 ) ) ;
#2478 = CARTESIAN_POINT ( 'NONE',  ( 2.642636186262780740, 2.999999999999999556, 0.3008206626235513381 ) ) ;
#2479 = MECHANICAL_DESIGN_GEOMETRIC_PRESENTATION_REPRESENTATION (  '', ( #3099 ), #1874 ) ;
#2480 = EDGE_CURVE ( 'NONE', #414, #2791, #4436, .T. ) ;
#2481 = CARTESIAN_POINT ( 'NONE',  ( 2.642690712998740032, 2.999900000000000233, -0.9458531426870390169 ) ) ;
#2482 = FILL_AREA_STYLE_COLOUR ( '', #4124 ) ;
#2483 =( LENGTH_UNIT ( ) NAMED_UNIT ( * ) SI_UNIT ( .MILLI., .METRE. ) );
#2484 = CARTESIAN_POINT ( 'NONE',  ( 1.143951580070068808, 3.000000000000000888, -1.024394971984033509 ) ) ;
#2485 = DIRECTION ( 'NONE',  ( 0.8589240550050706302, 0.000000000000000000, 0.5121029854762092492 ) ) ;
#2486 = PRESENTATION_STYLE_ASSIGNMENT (( #1343 ) ) ;
#2487 = LINE ( 'NONE', #3550, #4565 ) ;
#2488 = CARTESIAN_POINT ( 'NONE',  ( 1.154974464376837373, 3.000000000000000000, -0.7057670336135434264 ) ) ;
#2489 = B_SPLINE_CURVE_WITH_KNOTS ( 'NONE', 3,
 ( #640, #2074, #2028, #4610, #3520, #2002, #1710, #3191, #3168, #265, #4201 ),
 .UNSPECIFIED., .F., .F.,
 ( 4, 1, 1, 1, 1, 1, 1, 1, 4 ),
 ( 0.000000000000000000, 0.2475841483258849618, 0.4361234509600940279, 0.5765471439970870637, 0.6891935206218198218, 0.7769127325059281830, 0.8506699786920552953, 0.9203469832125598105, 1.000000000000000000 ),
 .UNSPECIFIED. ) ;
#2490 = CARTESIAN_POINT ( 'NONE',  ( 2.642667625737631809, 2.999899999999999345, -0.9750569420324970427 ) ) ;
#2491 = EDGE_CURVE ( 'NONE', #4261, #1225, #3, .T. ) ;
#2492 = DIRECTION ( 'NONE',  ( -0.000000000000000000, 1.000000000000000000, -0.000000000000000000 ) ) ;
#2493 = B_SPLINE_SURFACE_WITH_KNOTS ( 'NONE', 3, 1, ( 
 ( #2229, #3967 ),
 ( #2978, #1425 ),
 ( #4714, #47 ),
 ( #3312, #1101 ),
 ( #32, #2951 ),
 ( #1851, #760 ),
 ( #333, #374 ),
 ( #2904, #1126 ),
 ( #2490, #4016 ),
 ( #4414, #3285 ),
 ( #708, #1076 ) ),
 .UNSPECIFIED., .F., .F., .F.,
 ( 4, 1, 1, 1, 1, 1, 1, 1, 4 ),
 ( 2, 2 ),
 ( 0.000000000000000000, 0.08608748684242605032, 0.1612668260071325466, 0.2388542627190375356, 0.3281828305663086476, 0.4373273942705394601, 0.5807184561777908316, 0.7620511388035702272, 0.9999999999999998890 ),
 ( 0.000000000000000000, 1.000000000000000000 ),
 .UNSPECIFIED. ) ;
#2494 = CARTESIAN_POINT ( 'NONE',  ( 2.624191191930992595, 2.999900000000001565, -0.5158613100889147818 ) ) ;
#2495 = LINE ( 'NONE', #337, #4314 ) ;
#2496 =( NAMED_UNIT ( * ) PLANE_ANGLE_UNIT ( ) SI_UNIT ( $, .RADIAN. ) );
#2497 = VERTEX_POINT ( 'NONE', #4241 ) ;
#2498 = CARTESIAN_POINT ( 'NONE',  ( 2.642690712998740032, 2.999900000000000677, -0.6260002015105683437 ) ) ;
#2499 = EDGE_CURVE ( 'NONE', #534, #303, #3953, .T. ) ;
#2500 = ORIENTED_EDGE ( 'NONE', *, *, #1593, .T. ) ;
#2501 = SURFACE_SIDE_STYLE ('',( #2871 ) ) ;
#2502 = SURFACE_STYLE_USAGE ( .BOTH. , #3250 ) ;
#2503 = CARTESIAN_POINT ( 'NONE',  ( -1.974192849755940671, 3.000000000000000000, -0.4815314960629848984 ) ) ;
#2504 = CARTESIAN_POINT ( 'NONE',  ( 1.142720842757628974, 2.999899999999999789, 0.2554335172887596817 ) ) ;
#2505 = CARTESIAN_POINT ( 'NONE',  ( -2.644999999999999130, -0.1000000000000000056, -2.500000000000000000 ) ) ;
#2506 =( GEOMETRIC_REPRESENTATION_CONTEXT ( 3 ) GLOBAL_UNCERTAINTY_ASSIGNED_CONTEXT ( ( #2567 ) ) GLOBAL_UNIT_ASSIGNED_CONTEXT ( ( #4317, #2394, #4588 ) ) REPRESENTATION_CONTEXT ( 'NONE', 'WORKASPACE' ) );
#2507 = LINE ( 'NONE', #3983, #1824 ) ;
#2508 = CARTESIAN_POINT ( 'NONE',  ( 1.220930602704621837, 2.999900000000000233, 0.5382920779011967083 ) ) ;
#2509 = CARTESIAN_POINT ( 'NONE',  ( 1.142690712998739588, 3.000000000000000000, -1.849920238275274187 ) ) ;
#2510 = PRESENTATION_LAYER_ASSIGNMENT (  '', '', ( #1456 ) ) ;
#2511 = CARTESIAN_POINT ( 'NONE',  ( 1.220930602704622059, 3.000000000000000444, -0.6970020397458625006 ) ) ;
#2512 = CARTESIAN_POINT ( 'NONE',  ( 2.642690712998739588, 2.999900000000000233, -1.861294319157627219 ) ) ;
#2513 = PRESENTATION_LAYER_ASSIGNMENT (  '', '', ( #3372 ) ) ;
#2514 = FILL_AREA_STYLE ('',( #2138 ) ) ;
#2515 = MECHANICAL_DESIGN_GEOMETRIC_PRESENTATION_REPRESENTATION (  '', ( #1919 ), #4363 ) ;
#2516 = LINE ( 'NONE', #2121, #221 ) ;
#2517 = CARTESIAN_POINT ( 'NONE',  ( 1.142690712998739588, 3.000000000000000000, 1.501297592607079068 ) ) ;
#2518 = AXIS2_PLACEMENT_3D ( 'NONE', #390, #1092, #683 ) ;
#2519 = CARTESIAN_POINT ( 'NONE',  ( 3.355000000000000870, 3.000000000000000000, -3.454999999999999627 ) ) ;
#2520 = FACE_OUTER_BOUND ( 'NONE', #1273, .T. ) ;
#2521 = EDGE_LOOP ( 'NONE', ( #1234, #1252, #1, #2687 ) ) ;
#2522 = DIRECTION ( 'NONE',  ( -0.8660872391925200642, 0.000000000000000000, -0.4998928826337482034 ) ) ;
#2523 = FILL_AREA_STYLE ('',( #2939 ) ) ;
#2524 = ORIENTED_EDGE ( 'NONE', *, *, #1110, .F. ) ;
#2525 = CARTESIAN_POINT ( 'NONE',  ( -0.8944881253464941340, 2.999900000000000233, -0.8987480314960591965 ) ) ;
#2526 = FILL_AREA_STYLE ('',( #1513 ) ) ;
#2527 = PRESENTATION_STYLE_ASSIGNMENT (( #3273 ) ) ;
#2528 = CARTESIAN_POINT ( 'NONE',  ( 0.1937126620550882472, 2.999900000000000233, 1.355472440944882617 ) ) ;
#2529 = MECHANICAL_DESIGN_GEOMETRIC_PRESENTATION_REPRESENTATION (  '', ( #4218 ), #948 ) ;
#2530 = CARTESIAN_POINT ( 'NONE',  ( 2.636813255159033975, 2.999999999999999556, -1.943799536749464485 ) ) ;
#2531 = MECHANICAL_DESIGN_GEOMETRIC_PRESENTATION_REPRESENTATION (  '', ( #3770 ), #711 ) ;
#2532 = CARTESIAN_POINT ( 'NONE',  ( -0.1988070229842903158, 3.000000000000000000, -1.102125984251967505 ) ) ;
#2533 = B_SPLINE_SURFACE_WITH_KNOTS ( 'NONE', 3, 1, ( 
 ( #3450, #1642 ),
 ( #4573, #1215 ),
 ( #3410, #541 ),
 ( #473, #3773 ),
 ( #1290, #1621 ),
 ( #4128, #1929 ),
 ( #496, #2731 ),
 ( #2377, #3844 ),
 ( #3388, #1264 ),
 ( #169, #1669 ),
 ( #862, #2306 ) ),
 .UNSPECIFIED., .F., .F., .F.,
 ( 4, 1, 1, 1, 1, 1, 1, 1, 4 ),
 ( 2, 2 ),
 ( 0.000000000000000000, 0.08269940838263134530, 0.1609352856402981868, 0.2384022412677344882, 0.3252932597831255657, 0.4321161260274609672, 0.5729322032451371616, 0.7592645677637445134, 1.000000000000000000 ),
 ( 0.000000000000000000, 1.000000000000000000 ),
 .UNSPECIFIED. ) ;
#2534 = ORIENTED_EDGE ( 'NONE', *, *, #3169, .T. ) ;
#2535 = LINE ( 'NONE', #1124, #4535 ) ;
#2536 = MECHANICAL_DESIGN_GEOMETRIC_PRESENTATION_REPRESENTATION (  '', ( #954 ), #4468 ) ;
#2537 = SURFACE_STYLE_USAGE ( .BOTH. , #3236 ) ;
#2538 = CARTESIAN_POINT ( 'NONE',  ( 1.213334361882071777, 2.999900000000000677, -0.7009175616018576971 ) ) ;
#2539 = PRESENTATION_STYLE_ASSIGNMENT (( #1171 ) ) ;
#2540 = CARTESIAN_POINT ( 'NONE',  ( 2.610351767915529031, 3.000000000000000888, -0.5066395791305088325 ) ) ;
#2541 = EDGE_CURVE ( 'NONE', #1955, #4028, #2842, .T. ) ;
#2542 = SURFACE_STYLE_USAGE ( .BOTH. , #2563 ) ;
#2543 = CARTESIAN_POINT ( 'NONE',  ( 2.602775380086245871, 2.999999999999999112, 1.622405431260541597 ) ) ;
#2544 = CARTESIAN_POINT ( 'NONE',  ( 1.146505634764222181, 3.000000000000000444, 1.426189584154387235 ) ) ;
#2545 = ORIENTED_EDGE ( 'NONE', *, *, #3939, .T. ) ;
#2546 = LINE ( 'NONE', #3267, #2547 ) ;
#2547 = VECTOR ( 'NONE', #3224, 1000.000000000000000 ) ;
#2548 = LINE ( 'NONE', #4425, #316 ) ;
#2549 = CARTESIAN_POINT ( 'NONE',  ( 2.642636186262780740, 2.999899999999999789, 0.3008206626235513381 ) ) ;
#2550 = ORIENTED_EDGE ( 'NONE', *, *, #4671, .F. ) ;
#2551 = FACE_OUTER_BOUND ( 'NONE', #2934, .T. ) ;
#2552 = SURFACE_SIDE_STYLE ('',( #4429 ) ) ;
#2553 = B_SPLINE_CURVE_WITH_KNOTS ( 'NONE', 3,
 ( #346, #2504, #418, #3274, #4006, #1867, #2944, #1418, #1843, #1795, #2601 ),
 .UNSPECIFIED., .F., .F.,
 ( 4, 1, 1, 1, 1, 1, 1, 1, 4 ),
 ( 0.000000000000000000, 0.2339648385054098612, 0.4198783559695589140, 0.5659151998979449205, 0.6801214999993744348, 0.7723010949812569859, 0.8443163158709258154, 0.9185860088431486714, 1.000000000000000000 ),
 .UNSPECIFIED. ) ;
#2554 = FACE_OUTER_BOUND ( 'NONE', #2403, .T. ) ;
#2555 = CARTESIAN_POINT ( 'NONE',  ( 0.7694291974881546370, 3.000000000000000000, -0.3560984251968530301 ) ) ;
#2556 = ORIENTED_EDGE ( 'NONE', *, *, #2101, .F. ) ;
#2557 = DIRECTION ( 'NONE',  ( -0.000000000000000000, 1.000000000000000000, -0.000000000000000000 ) ) ;
#2558 = CARTESIAN_POINT ( 'NONE',  ( 2.631385331497115398, 2.999900000000000677, 1.424968133424845407 ) ) ;
#2559 = CARTESIAN_POINT ( 'NONE',  ( -1.110830645031533503, 3.000000000000000000, -0.5935826771653525125 ) ) ;
#2560 = DIRECTION ( 'NONE',  ( -0.000000000000000000, -0.000000000000000000, -1.000000000000000000 ) ) ;
#2561 = DIRECTION ( 'NONE',  ( 0.8679317172888709742, 0.000000000000000000, 0.4966835351851230929 ) ) ;
#2562 = CARTESIAN_POINT ( 'NONE',  ( 1.178191632116386556, 3.000000000000000000, -1.736868767687038906 ) ) ;
#2563 = SURFACE_SIDE_STYLE ('',( #1808 ) ) ;
#2564 = FACE_OUTER_BOUND ( 'NONE', #145, .T. ) ;
#2565 = B_SPLINE_CURVE_WITH_KNOTS ( 'NONE', 3,
 ( #1923, #492, #468, #1566, #3072, #4539, #3003, #4465, #2605, #3030, #1260 ),
 .UNSPECIFIED., .F., .F.,
 ( 4, 1, 1, 1, 1, 1, 1, 1, 4 ),
 ( 0.000000000000000000, 0.2339648385054090562, 0.4198783559695579704, 0.5659151998979442544, 0.6801214999993734356, 0.7723010949812570969, 0.8443163158709261484, 0.9185860088431486714, 1.000000000000000000 ),
 .UNSPECIFIED. ) ;
#2566 = ORIENTED_EDGE ( 'NONE', *, *, #3913, .F. ) ;
#2567 = UNCERTAINTY_MEASURE_WITH_UNIT (LENGTH_MEASURE( 1.000000000000000082E-05 ), #4317, 'distance_accuracy_value', 'NONE');
#2568 = DIRECTION ( 'NONE',  ( -0.000000000000000000, 1.000000000000000000, -0.000000000000000000 ) ) ;
#2569 = CARTESIAN_POINT ( 'NONE',  ( 2.640243940541739498, 2.999900000000000677, 0.3474100946828813652 ) ) ;
#2570 = VERTEX_POINT ( 'NONE', #1353 ) ;
#2571 = FACE_OUTER_BOUND ( 'NONE', #3071, .T. ) ;
#2572 = EDGE_CURVE ( 'NONE', #4652, #1059, #3482, .T. ) ;
#2573 = DIRECTION ( 'NONE',  ( -0.5103313329909725526, 0.000000000000000000, -0.8599778663242776400 ) ) ;
#2574 = EDGE_CURVE ( 'NONE', #2961, #3527, #1722, .T. ) ;
#2575 = DIRECTION ( 'NONE',  ( 0.000000000000000000, 1.000000000000000000, 0.000000000000000000 ) ) ;
#2576 = LINE ( 'NONE', #24, #2729 ) ;
#2577 = LINE ( 'NONE', #26, #334 ) ;
#2578 = ORIENTED_EDGE ( 'NONE', *, *, #1329, .T. ) ;
#2579 = CARTESIAN_POINT ( 'NONE',  ( -1.763090487551214780, 3.000000000000000000, -0.04034645669290454206 ) ) ;
#2580 =( NAMED_UNIT ( * ) SI_UNIT ( $, .STERADIAN. ) SOLID_ANGLE_UNIT ( ) );
#2581 = EDGE_CURVE ( 'NONE', #1059, #2922, #302, .T. ) ;
#2582 = CARTESIAN_POINT ( 'NONE',  ( 0.7799370715039031232, 2.999900000000000233, -0.02874015748031673659 ) ) ;
#2583 = PRESENTATION_STYLE_ASSIGNMENT (( #3645 ) ) ;
#2584 = AXIS2_PLACEMENT_3D ( 'NONE', #2705, #220, #4089 ) ;
#2585 = MECHANICAL_DESIGN_GEOMETRIC_PRESENTATION_REPRESENTATION (  '', ( #2212 ), #2313 ) ;
#2586 = ORIENTED_EDGE ( 'NONE', *, *, #3426, .F. ) ;
#2587 = DIRECTION ( 'NONE',  ( 0.8679317172888709742, 0.000000000000000000, 0.4966835351851230929 ) ) ;
#2588 = EDGE_CURVE ( 'NONE', #3160, #3997, #577, .T. ) ;
#2589 = STYLED_ITEM ( 'NONE', ( #3263 ), #3299 ) ;
#2590 = SURFACE_STYLE_FILL_AREA ( #3241 ) ;
#2591 = ORIENTED_EDGE ( 'NONE', *, *, #908, .F. ) ;
#2592 = PRESENTATION_LAYER_ASSIGNMENT (  '', '', ( #2988 ) ) ;
#2593 = CARTESIAN_POINT ( 'NONE',  ( 1.220930602704621837, 2.999900000000000233, 1.585052188195314349 ) ) ;
#2594 = ORIENTED_EDGE ( 'NONE', *, *, #267, .T. ) ;
#2595 = SURFACE_STYLE_USAGE ( .BOTH. , #826 ) ;
#2596 = SURFACE_STYLE_FILL_AREA ( #828 ) ;
#2597 = EDGE_LOOP ( 'NONE', ( #1279, #3677, #2252, #2898, #794, #3421, #3326, #599, #3334, #3405, #4696, #2594, #2056, #1627, #2716, #1861 ) ) ;
#2598 = CARTESIAN_POINT ( 'NONE',  ( 2.635350662869938354, 2.999900000000000233, 0.5248800515899163521 ) ) ;
#2599 = FILL_AREA_STYLE ('',( #63 ) ) ;
#2600 = FILL_AREA_STYLE ('',( #3716 ) ) ;
#2601 = CARTESIAN_POINT ( 'NONE',  ( 1.178191632116386556, 2.999900000000000233, 0.1426119308423729748 ) ) ;
#2602 = PLANE ( 'NONE',  #4459 ) ;
#2603 = CARTESIAN_POINT ( 'NONE',  ( 1.142722440240110604, 3.000000000000000444, 0.6307761071742298276 ) ) ;
#2604 = ORIENTED_EDGE ( 'NONE', *, *, #899, .F. ) ;
#2605 = CARTESIAN_POINT ( 'NONE',  ( 1.169901077095653052, 2.999900000000000233, 1.384694906222209809 ) ) ;
#2606 = VECTOR ( 'NONE', #2560, 1000.000000000000000 ) ;
#2607 = DIRECTION ( 'NONE',  ( 0.000000000000000000, 0.000000000000000000, -1.000000000000000000 ) ) ;
#2608 = DIRECTION ( 'NONE',  ( -0.000000000000000000, 1.000000000000000000, -0.000000000000000000 ) ) ;
#2609 = PRESENTATION_LAYER_ASSIGNMENT (  '', '', ( #950 ) ) ;
#2610 = FILL_AREA_STYLE_COLOUR ( '', #831 ) ;
#2611 = LINE ( 'NONE', #3442, #3622 ) ;
#2612 = CARTESIAN_POINT ( 'NONE',  ( 2.629964885561349330, 2.999999999999999556, -0.7237011796189150026 ) ) ;
#2613 = EDGE_LOOP ( 'NONE', ( #1721, #148, #4240, #1299, #2591, #3384, #4184, #40, #1890, #2317, #3720 ) ) ;
#2614 = CARTESIAN_POINT ( 'NONE',  ( -0.2367637158976684808, 3.000000000000000000, 0.8929055118110230671 ) ) ;
#2615 = CARTESIAN_POINT ( 'NONE',  ( 1.161416586822690222, 2.999900000000000677, -0.5129659394870350608 ) ) ;
#2616 = MECHANICAL_DESIGN_GEOMETRIC_PRESENTATION_REPRESENTATION (  '', ( #1266 ), #4700 ) ;
#2617 = CARTESIAN_POINT ( 'NONE',  ( -2.644999999999999130, -0.1000000000000000056, 2.500000000000000000 ) ) ;
#2618 = ORIENTED_EDGE ( 'NONE', *, *, #3800, .F. ) ;
#2619 = UNCERTAINTY_MEASURE_WITH_UNIT (LENGTH_MEASURE( 1.000000000000000082E-05 ), #1060, 'distance_accuracy_value', 'NONE');
#2620 = SURFACE_SIDE_STYLE ('',( #4320 ) ) ;
#2621 = CARTESIAN_POINT ( 'NONE',  ( 2.644999999999999130, -0.1000000000000000056, -2.500000000000000444 ) ) ;
#2622 =( NAMED_UNIT ( * ) PLANE_ANGLE_UNIT ( ) SI_UNIT ( $, .RADIAN. ) );
#2623 = ORIENTED_EDGE ( 'NONE', *, *, #779, .F. ) ;
#2624 = DIRECTION ( 'NONE',  ( 0.000000000000000000, -8.964652375096779660E-13, 1.000000000000000000 ) ) ;
#2625 = CARTESIAN_POINT ( 'NONE',  ( 2.584854964514850639, 3.000000000000000444, 0.5105523376898889465 ) ) ;
#2626 = FILL_AREA_STYLE ('',( #4036 ) ) ;
#2627 = UNCERTAINTY_MEASURE_WITH_UNIT (LENGTH_MEASURE( 1.000000000000000082E-05 ), #2314, 'distance_accuracy_value', 'NONE');
#2628 = CARTESIAN_POINT ( 'NONE',  ( 1.881316632116386556, 2.999900000000000233, 1.193163401430608506 ) ) ;
#2629 = COLOUR_RGB ( '',1.000000000000000000, 1.000000000000000000, 1.000000000000000000 ) ;
#2630 = ORIENTED_EDGE ( 'NONE', *, *, #1106, .F. ) ;
#2631 = CARTESIAN_POINT ( 'NONE',  ( 1.142825864974269523, 3.000000000000000444, -1.860830719295981650 ) ) ;
#2632 = CARTESIAN_POINT ( 'NONE',  ( 1.154974464376837373, 2.999900000000000233, 0.5295270840335154494 ) ) ;
#2633 = UNCERTAINTY_MEASURE_WITH_UNIT (LENGTH_MEASURE( 1.000000000000000082E-05 ), #4217, 'distance_accuracy_value', 'NONE');
#2634 =( GEOMETRIC_REPRESENTATION_CONTEXT ( 3 ) GLOBAL_UNCERTAINTY_ASSIGNED_CONTEXT ( ( #2194 ) ) GLOBAL_UNIT_ASSIGNED_CONTEXT ( ( #2068, #1044, #681 ) ) REPRESENTATION_CONTEXT ( 'NONE', 'WORKASPACE' ) );
#2635 = CARTESIAN_POINT ( 'NONE',  ( 2.642566788542308309, 2.999899999999999345, -0.6591443372887454411 ) ) ;
#2636 = EDGE_LOOP ( 'NONE', ( #1674, #868, #3093, #4576 ) ) ;
#2637 = CARTESIAN_POINT ( 'NONE',  ( 2.642690712998740032, 3.000000000000000444, -0.6260002015105683437 ) ) ;
#2638 = EDGE_CURVE ( 'NONE', #4069, #1948, #3533, .T. ) ;
#2639 = PRESENTATION_STYLE_ASSIGNMENT (( #1197 ) ) ;
#2640 = CARTESIAN_POINT ( 'NONE',  ( 2.640243940541738610, 3.000000000000000000, 1.582704212329940630 ) ) ;
#2641 = EDGE_LOOP ( 'NONE', ( #69, #3972, #2266, #3932 ) ) ;
#2642 = CARTESIAN_POINT ( 'NONE',  ( 2.564450823292857340, 2.999900000000000233, 1.603664320548255473 ) ) ;
#2643 = CARTESIAN_POINT ( 'NONE',  ( -0.8947361568425546974, 2.999900000000000233, -0.3477952755905496796 ) ) ;
#2644 = EDGE_CURVE ( 'NONE', #3160, #226, #1701, .T. ) ;
#2645 = CARTESIAN_POINT ( 'NONE',  ( 1.178191632116386556, 2.999900000000000233, 1.377906048489432100 ) ) ;
#2646 = ORIENTED_EDGE ( 'NONE', *, *, #4347, .F. ) ;
#2647 = DIRECTION ( 'NONE',  ( -0.000000000000000000, 1.000000000000000000, -0.000000000000000000 ) ) ;
#2648 = CARTESIAN_POINT ( 'NONE',  ( 2.636813255159033975, 3.000000000000000000, 0.5267886985446531556 ) ) ;
#2649 = CARTESIAN_POINT ( 'NONE',  ( 2.642646007643794537, 2.999899999999999345, -1.873250961106820212 ) ) ;
#2650 = EDGE_CURVE ( 'NONE', #1115, #1186, #231, .T. ) ;
#2651 = APPLICATION_CONTEXT ( 'automotive_design' ) ;
#2652 = CARTESIAN_POINT ( 'NONE',  ( -2.665451921499553123, 3.000000000000000000, 2.819567424523459209 ) ) ;
#2653 = PRESENTATION_LAYER_ASSIGNMENT (  '', '', ( #3570 ) ) ;
#2654 = VERTEX_POINT ( 'NONE', #3158 ) ;
#2655 = CARTESIAN_POINT ( 'NONE',  ( 1.144617761972858805, 2.999999999999999556, -1.906695153511921870 ) ) ;
#2656 = CARTESIAN_POINT ( 'NONE',  ( 2.642566788542308309, 2.999899999999999345, -0.6591443372887454411 ) ) ;
#2657 = CARTESIAN_POINT ( 'NONE',  ( 1.213298624243933199, 2.999999999999999556, 0.3537943151832227962 ) ) ;
#2658 = CARTESIAN_POINT ( 'NONE',  ( 1.181946779667099046, 3.000000000000000444, 1.603721534218398137 ) ) ;
#2659 = PRESENTATION_STYLE_ASSIGNMENT (( #1978 ) ) ;
#2660 = ORIENTED_EDGE ( 'NONE', *, *, #759, .F. ) ;
#2661 = SURFACE_STYLE_USAGE ( .BOTH. , #1148 ) ;
#2662 =( LENGTH_UNIT ( ) NAMED_UNIT ( * ) SI_UNIT ( .MILLI., .METRE. ) );
#2663 = AXIS2_PLACEMENT_3D ( 'NONE', #686, #1049, #3589 ) ;
#2664 = COLOUR_RGB ( '',1.000000000000000000, 1.000000000000000000, 1.000000000000000000 ) ;
#2665 = VECTOR ( 'NONE', #425, 999.9999999999998863 ) ;
#2666 = ORIENTED_EDGE ( 'NONE', *, *, #965, .F. ) ;
#2667 = STYLED_ITEM ( 'NONE', ( #85 ), #2948 ) ;
#2668 = SURFACE_STYLE_USAGE ( .BOTH. , #870 ) ;
#2669 = CARTESIAN_POINT ( 'NONE',  ( 1.166518503127166762, 2.999900000000000233, 0.5212835790979341022 ) ) ;
#2670 = ORIENTED_EDGE ( 'NONE', *, *, #1845, .F. ) ;
#2671 = CARTESIAN_POINT ( 'NONE',  ( 2.610351767915529031, 3.000000000000001332, 0.7286545385165502653 ) ) ;
#2672 =( GEOMETRIC_REPRESENTATION_CONTEXT ( 3 ) GLOBAL_UNCERTAINTY_ASSIGNED_CONTEXT ( ( #1771 ) ) GLOBAL_UNIT_ASSIGNED_CONTEXT ( ( #1219, #34, #3702 ) ) REPRESENTATION_CONTEXT ( 'NONE', 'WORKASPACE' ) );
#2673 = DIRECTION ( 'NONE',  ( -0.000000000000000000, 1.000000000000000000, -0.000000000000000000 ) ) ;
#2674 = MECHANICAL_DESIGN_GEOMETRIC_PRESENTATION_REPRESENTATION (  '', ( #628 ), #3289 ) ;
#2675 = CARTESIAN_POINT ( 'NONE',  ( 2.642673057520803948, 2.999999999999999556, -1.830824554903731194 ) ) ;
#2676 = VECTOR ( 'NONE', #4052, 1000.000000000000000 ) ;
#2677 = DIRECTION ( 'NONE',  ( -0.000000000000000000, 1.000000000000000000, -0.000000000000000000 ) ) ;
#2678 = ORIENTED_EDGE ( 'NONE', *, *, #4210, .T. ) ;
#2679 = FACE_OUTER_BOUND ( 'NONE', #4071, .T. ) ;
#2680 = CARTESIAN_POINT ( 'NONE',  ( 2.584854964514850639, 2.999900000000000677, -0.7247417799571702623 ) ) ;
#2681 =( NAMED_UNIT ( * ) PLANE_ANGLE_UNIT ( ) SI_UNIT ( $, .RADIAN. ) );
#2682 = CARTESIAN_POINT ( 'NONE',  ( 1.220930602704621837, 2.999900000000000233, 0.5382920779011967083 ) ) ;
#2683 = VECTOR ( 'NONE', #118, 1000.000000000000000 ) ;
#2684 = CARTESIAN_POINT ( 'NONE',  ( 0.4081181738661062708, 3.000000000000000000, 4.336808689942017736E-16 ) ) ;
#2685 = CARTESIAN_POINT ( 'NONE',  ( 1.146497715025989406, 3.000000000000001332, -0.5447044079106079240 ) ) ;
#2686 = ADVANCED_FACE ( 'NONE', ( #4627 ), #1328, .F. ) ;
#2687 = ORIENTED_EDGE ( 'NONE', *, *, #406, .T. ) ;
#2688 = FILL_AREA_STYLE ('',( #2358 ) ) ;
#2689 = VERTEX_POINT ( 'NONE', #3676 ) ;
#2690 = EDGE_CURVE ( 'NONE', #3751, #2086, #4498, .T. ) ;
#2691 = CARTESIAN_POINT ( 'NONE',  ( 1.148772520324219615, 3.000000000000000888, 0.5441857298222008144 ) ) ;
#2692 = LINE ( 'NONE', #2645, #769 ) ;
#2693 = ORIENTED_EDGE ( 'NONE', *, *, #3435, .F. ) ;
#2694 = CARTESIAN_POINT ( 'NONE',  ( 2.616279699699928241, 2.999899999999999789, 0.7256207362585328502 ) ) ;
#2695 =( NAMED_UNIT ( * ) SI_UNIT ( $, .STERADIAN. ) SOLID_ANGLE_UNIT ( ) );
#2696 = LINE ( 'NONE', #3358, #1634 ) ;
#2697 = CARTESIAN_POINT ( 'NONE',  ( 2.642690712998739588, 3.000000000000000444, -1.861294319157627219 ) ) ;
#2698 = MECHANICAL_DESIGN_GEOMETRIC_PRESENTATION_REPRESENTATION (  '', ( #810 ), #654 ) ;
#2699 = LINE ( 'NONE', #3026, #22 ) ;
#2700 = ORIENTED_EDGE ( 'NONE', *, *, #2005, .F. ) ;
#2701 = CARTESIAN_POINT ( 'NONE',  ( 2.642636186262781628, 2.999900000000001121, 1.536114780270610991 ) ) ;
#2702 = CARTESIAN_POINT ( 'NONE',  ( 1.213334361882071777, 2.999900000000000677, 0.5343765560452014007 ) ) ;
#2703 =( LENGTH_UNIT ( ) NAMED_UNIT ( * ) SI_UNIT ( .MILLI., .METRE. ) );
#2704 = COLOUR_RGB ( '',1.000000000000000000, 1.000000000000000000, 1.000000000000000000 ) ;
#2705 = CARTESIAN_POINT ( 'NONE',  ( 2.564450823292857340, 2.999900000000000233, 1.603664320548255473 ) ) ;
#2706 = VECTOR ( 'NONE', #597, 1000.000000000000114 ) ;
#2707 = CARTESIAN_POINT ( 'NONE',  ( 1.394999999999999796, -0.1000000000000000056, -2.500000000000000444 ) ) ;
#2708 = CARTESIAN_POINT ( 'NONE',  ( 1.142690712998739588, 3.000000000000000000, 1.501297592607079068 ) ) ;
#2709 = VERTEX_POINT ( 'NONE', #2166 ) ;
#2710 = AXIS2_PLACEMENT_3D ( 'NONE', #3328, #800, #2248 ) ;
#2711 = DIRECTION ( 'NONE',  ( 0.5150680234078904851, 0.000000000000000000, -0.8571493051170775423 ) ) ;
#2712 = ORIENTED_EDGE ( 'NONE', *, *, #1152, .T. ) ;
#2713 = CARTESIAN_POINT ( 'NONE',  ( 1.181887395167976917, 2.999899999999999789, 0.5215738858509758602 ) ) ;
#2714 = VECTOR ( 'NONE', #2908, 1000.000000000000227 ) ;
#2715 = LINE ( 'NONE', #2740, #4207 ) ;
#2716 = ORIENTED_EDGE ( 'NONE', *, *, #2020, .T. ) ;
#2717 = CARTESIAN_POINT ( 'NONE',  ( 2.642684319598296749, 2.999899999999999789, 0.6203276250500228128 ) ) ;
#2718 = FACE_OUTER_BOUND ( 'NONE', #4001, .T. ) ;
#2719 = B_SPLINE_CURVE_WITH_KNOTS ( 'NONE', 3,
 ( #1797, #4729, #1443, #2896, #4362, #1095, #2530, #4009, #730, #1600, #4526 ),
 .UNSPECIFIED., .F., .F.,
 ( 4, 1, 1, 1, 1, 1, 1, 1, 4 ),
 ( 0.000000000000000000, 0.1506145446497700602, 0.2596734740599796476, 0.3388177727155970431, 0.4102835628096077603, 0.5019338459622255666, 0.6260648387140322901, 0.7889788725463123820, 0.9999999999999998890 ),
 .UNSPECIFIED. ) ;
#2720 = CARTESIAN_POINT ( 'NONE',  ( 2.015737587998739588, 2.999900000000000233, 1.065291158783549630 ) ) ;
#2721 = UNCERTAINTY_MEASURE_WITH_UNIT (LENGTH_MEASURE( 1.000000000000000082E-05 ), #4187, 'distance_accuracy_value', 'NONE');
#2722 = LINE ( 'NONE', #878, #1309 ) ;
#2723 = EDGE_CURVE ( 'NONE', #2409, #2387, #1863, .T. ) ;
#2724 =( NAMED_UNIT ( * ) SI_UNIT ( $, .STERADIAN. ) SOLID_ANGLE_UNIT ( ) );
#2725 = EDGE_LOOP ( 'NONE', ( #653, #229, #1159, #176 ) ) ;
#2726 = LINE ( 'NONE', #2371, #2299 ) ;
#2727 = CARTESIAN_POINT ( 'NONE',  ( 2.642667625737632253, 3.000000000000000000, 1.495531293261620709 ) ) ;
#2728 = CARTESIAN_POINT ( 'NONE',  ( 2.571941074772256641, 3.000000000000000888, -1.952950128405642749 ) ) ;
#2729 = VECTOR ( 'NONE', #1188, 1000.000000000000000 ) ;
#2730 = SURFACE_STYLE_FILL_AREA ( #931 ) ;
#2731 = CARTESIAN_POINT ( 'NONE',  ( 1.146497715025989406, 3.000000000000000888, 0.6905897097364515069 ) ) ;
#2732 = PRESENTATION_STYLE_ASSIGNMENT (( #3321 ) ) ;
#2733 = SURFACE_STYLE_USAGE ( .BOTH. , #3079 ) ;
#2734 = SURFACE_SIDE_STYLE ('',( #960 ) ) ;
#2735 = ORIENTED_EDGE ( 'NONE', *, *, #2235, .T. ) ;
#2736 = DIRECTION ( 'NONE',  ( -0.000000000000000000, 1.000000000000000000, -0.000000000000000000 ) ) ;
#2737 = VERTEX_POINT ( 'NONE', #4351 ) ;
#2738 = ADVANCED_FACE ( 'NONE', ( #2520 ), #4656, .T. ) ;
#2739 = PRESENTATION_LAYER_ASSIGNMENT (  '', '', ( #3662 ) ) ;
#2740 = CARTESIAN_POINT ( 'NONE',  ( 0.3034685675668905014, 2.999900000000000233, -1.102125984251969282 ) ) ;
#2741 = ORIENTED_EDGE ( 'NONE', *, *, #4393, .T. ) ;
#2742 = CARTESIAN_POINT ( 'NONE',  ( 1.181946779667099268, 2.999900000000001121, 0.3684274165713390947 ) ) ;
#2743 =( GEOMETRIC_REPRESENTATION_CONTEXT ( 3 ) GLOBAL_UNCERTAINTY_ASSIGNED_CONTEXT ( ( #2619 ) ) GLOBAL_UNIT_ASSIGNED_CONTEXT ( ( #1060, #4421, #2238 ) ) REPRESENTATION_CONTEXT ( 'NONE', 'WORKASPACE' ) );
#2744 = VERTEX_POINT ( 'NONE', #1130 ) ;
#2745 = CARTESIAN_POINT ( 'NONE',  ( 1.142690712998739588, 2.999900000000000233, 0.2660034749600200255 ) ) ;
#2746 = CARTESIAN_POINT ( 'NONE',  ( 2.639295963283396773, 2.999999999999999556, -1.785550615335146363 ) ) ;
#2747 = SURFACE_STYLE_USAGE ( .BOTH. , #4659 ) ;
#2748 =( NAMED_UNIT ( * ) PLANE_ANGLE_UNIT ( ) SI_UNIT ( $, .RADIAN. ) );
#2749 = CARTESIAN_POINT ( 'NONE',  ( 1.175344842613581742, 2.999899999999999789, -1.090351046262059587 ) ) ;
#2750 = CARTESIAN_POINT ( 'NONE',  ( 2.640139079277641798, 2.999900000000001121, -1.922557528550401074 ) ) ;
#2751 = ADVANCED_FACE ( 'NONE', ( #2564 ), #680, .F. ) ;
#2752 =( GEOMETRIC_REPRESENTATION_CONTEXT ( 3 ) GLOBAL_UNCERTAINTY_ASSIGNED_CONTEXT ( ( #4126 ) ) GLOBAL_UNIT_ASSIGNED_CONTEXT ( ( #2483, #3979, #4338 ) ) REPRESENTATION_CONTEXT ( 'NONE', 'WORKASPACE' ) );
#2753 = SURFACE_SIDE_STYLE ('',( #1690 ) ) ;
#2754 = CARTESIAN_POINT ( 'NONE',  ( 1.178191632116386556, 2.999900000000000233, 0.1426119308423729748 ) ) ;
#2755 = FILL_AREA_STYLE_COLOUR ( '', #2446 ) ;
#2756 = DIRECTION ( 'NONE',  ( -1.000000000000000000, -0.000000000000000000, 3.453728408488213260E-15 ) ) ;
#2757 = CARTESIAN_POINT ( 'NONE',  ( 1.220930602704621837, 2.999900000000000233, -0.8855360470988036248 ) ) ;
#2758 = ORIENTED_EDGE ( 'NONE', *, *, #203, .F. ) ;
#2759 = PRESENTATION_LAYER_ASSIGNMENT (  '', '', ( #4218 ) ) ;
#2760 = STYLED_ITEM ( 'NONE', ( #3150 ), #1998 ) ;
#2761 = ADVANCED_FACE ( 'NONE', ( #1689 ), #3126, .T. ) ;
#2762 = FILL_AREA_STYLE_COLOUR ( '', #4290 ) ;
#2763 = LINE ( 'NONE', #1432, #392 ) ;
#2764 = CARTESIAN_POINT ( 'NONE',  ( 1.169738862666132473, 2.999900000000000233, -1.742620866396078938 ) ) ;
#2765 = ORIENTED_EDGE ( 'NONE', *, *, #679, .F. ) ;
#2766 = ORIENTED_EDGE ( 'NONE', *, *, #459, .T. ) ;
#2767 =( NAMED_UNIT ( * ) SI_UNIT ( $, .STERADIAN. ) SOLID_ANGLE_UNIT ( ) );
#2768 =( GEOMETRIC_REPRESENTATION_CONTEXT ( 3 ) GLOBAL_UNCERTAINTY_ASSIGNED_CONTEXT ( ( #1493 ) ) GLOBAL_UNIT_ASSIGNED_CONTEXT ( ( #4035, #3227, #3304 ) ) REPRESENTATION_CONTEXT ( 'NONE', 'WORKASPACE' ) );
#2769 = PRESENTATION_LAYER_ASSIGNMENT (  '', '', ( #955 ) ) ;
#2770 = CARTESIAN_POINT ( 'NONE',  ( -0.8275196214094782121, 2.999900000000000233, 1.076720472440948484 ) ) ;
#2771 = CARTESIAN_POINT ( 'NONE',  ( 2.642690712998740032, 2.999900000000000677, -0.6260002015105683437 ) ) ;
#2772 = SURFACE_STYLE_FILL_AREA ( #1336 ) ;
#2773 =( NAMED_UNIT ( * ) SI_UNIT ( $, .STERADIAN. ) SOLID_ANGLE_UNIT ( ) );
#2774 = CARTESIAN_POINT ( 'NONE',  ( 1.881316632116386556, 2.999900000000000233, 1.193163401430608506 ) ) ;
#2775 = DIRECTION ( 'NONE',  ( 1.000000000000000000, 0.000000000000000000, 0.000000000000000000 ) ) ;
#2776 = UNCERTAINTY_MEASURE_WITH_UNIT (LENGTH_MEASURE( 1.000000000000000082E-05 ), #74, 'distance_accuracy_value', 'NONE');
#2777 = CARTESIAN_POINT ( 'NONE',  ( 1.220930602704621837, 3.000000000000000000, 0.5382920779011967083 ) ) ;
#2778 = PRESENTATION_STYLE_ASSIGNMENT (( #2376 ) ) ;
#2779 =( NAMED_UNIT ( * ) PLANE_ANGLE_UNIT ( ) SI_UNIT ( $, .RADIAN. ) );
#2780 = VECTOR ( 'NONE', #255, 1000.000000000000000 ) ;
#2781 = CARTESIAN_POINT ( 'NONE',  ( 2.564450823292857340, 3.000000000000000000, 1.603664320548255473 ) ) ;
#2782 = CARTESIAN_POINT ( 'NONE',  ( -2.943241815541270956, 2.999900000000000233, -2.819567424523458321 ) ) ;
#2783 = MECHANICAL_DESIGN_GEOMETRIC_PRESENTATION_REPRESENTATION (  '', ( #3242 ), #4396 ) ;
#2784 = CARTESIAN_POINT ( 'NONE',  ( 2.642690712998739588, 2.999900000000000233, -0.6260002015105682327 ) ) ;
#2785 = FILL_AREA_STYLE_COLOUR ( '', #202 ) ;
#2786 = PRESENTATION_LAYER_ASSIGNMENT (  '', '', ( #1570 ) ) ;
#2787 = CARTESIAN_POINT ( 'NONE',  ( 2.564450823292857340, 2.999899999999999789, 1.603664320548255473 ) ) ;
#2788 = ADVANCED_FACE ( 'NONE', ( #1668, #1263, #820, #956, #4226, #2264 ), #3871, .T. ) ;
#2789 =( GEOMETRIC_REPRESENTATION_CONTEXT ( 3 ) GLOBAL_UNCERTAINTY_ASSIGNED_CONTEXT ( ( #3692 ) ) GLOBAL_UNIT_ASSIGNED_CONTEXT ( ( #1520, #3616, #4366 ) ) REPRESENTATION_CONTEXT ( 'NONE', 'WORKASPACE' ) );
#2790 = B_SPLINE_CURVE_WITH_KNOTS ( 'NONE', 3,
 ( #536, #2000, #469, #141, #1288, #836, #1567, #4489, #562, #96, #859 ),
 .UNSPECIFIED., .F., .F.,
 ( 4, 1, 1, 1, 1, 1, 1, 1, 4 ),
 ( 0.000000000000000000, 0.1528910399261251551, 0.2655498866055909790, 0.3469726293230769865, 0.4171409348174466292, 0.5027291515886447293, 0.6212628926146344099, 0.7862933040589770162, 1.000000000000000000 ),
 .UNSPECIFIED. ) ;
#2791 = VERTEX_POINT ( 'NONE', #4485 ) ;
#2792 = EDGE_CURVE ( 'NONE', #3930, #553, #2722, .T. ) ;
#2793 = SURFACE_SIDE_STYLE ('',( #4647 ) ) ;
#2794 = CARTESIAN_POINT ( 'NONE',  ( 2.641323004694411392, 3.000000000000001776, 0.6654049053627252297 ) ) ;
#2795 = ORIENTED_EDGE ( 'NONE', *, *, #4141, .F. ) ;
#2796 = CARTESIAN_POINT ( 'NONE',  ( -1.974192849755940671, 2.999900000000000233, -0.4815314960629848984 ) ) ;
#2797 = VECTOR ( 'NONE', #4372, 1000.000000000000114 ) ;
#2798 = ORIENTED_EDGE ( 'NONE', *, *, #4347, .T. ) ;
#2799 = VERTEX_POINT ( 'NONE', #3464 ) ;
#2800 = LINE ( 'NONE', #4608, #1656 ) ;
#2801 = B_SPLINE_CURVE_WITH_KNOTS ( 'NONE', 3,
 ( #2962, #3297, #3679, #1509, #4379, #1859, #2993, #3653, #846, #3268, #4110 ),
 .UNSPECIFIED., .F., .F.,
 ( 4, 1, 1, 1, 1, 1, 1, 1, 4 ),
 ( 0.000000000000000000, 0.2339648385054103330, 0.4198783559695589696, 0.5659151998979450315, 0.6801214999993741017, 0.7723010949812562087, 0.8443163158709252603, 0.9185860088431476722, 1.000000000000000000 ),
 .UNSPECIFIED. ) ;
#2802 = DIRECTION ( 'NONE',  ( 0.000000000000000000, 0.000000000000000000, 1.000000000000000000 ) ) ;
#2803 = CARTESIAN_POINT ( 'NONE',  ( -2.172936944244125979, 3.000000000000000000, 0.2092480314960713517 ) ) ;
#2804 = CARTESIAN_POINT ( 'NONE',  ( 1.146505634764222181, 3.000000000000000888, -1.044398651139731404 ) ) ;
#2805 = CARTESIAN_POINT ( 'NONE',  ( -1.193625920622085834, 2.999900000000000233, -0.9661574803149570734 ) ) ;
#2806 = EDGE_CURVE ( 'NONE', #1392, #361, #621, .T. ) ;
#2807 = CARTESIAN_POINT ( 'NONE',  ( 2.564450823292857784, 2.999900000000000677, -1.948840275039980474 ) ) ;
#2808 =( NAMED_UNIT ( * ) SI_UNIT ( $, .STERADIAN. ) SOLID_ANGLE_UNIT ( ) );
#2809 = B_SPLINE_CURVE_WITH_KNOTS ( 'NONE', 3,
 ( #4631, #3912, #3933, #3087 ),
 .UNSPECIFIED., .F., .F.,
 ( 4, 4 ),
 ( 0.7272727272727274039, 0.8181818181818183433 ),
 .UNSPECIFIED. ) ;
#2810 = CARTESIAN_POINT ( 'NONE',  ( 1.142774914274140352, 3.000000000000000000, 0.2364644427986457020 ) ) ;
#2811 = SURFACE_STYLE_USAGE ( .BOTH. , #1385 ) ;
#2812 = CARTESIAN_POINT ( 'NONE',  ( 2.602775380086245871, 2.999899999999998901, 1.622405431260541597 ) ) ;
#2813 = EDGE_CURVE ( 'NONE', #409, #943, #3420, .T. ) ;
#2814 = CARTESIAN_POINT ( 'NONE',  ( 1.142690712998739588, 2.999900000000000233, -0.6146261206282154221 ) ) ;
#2815 = SURFACE_SIDE_STYLE ('',( #2883 ) ) ;
#2816 =( NAMED_UNIT ( * ) SI_UNIT ( $, .STERADIAN. ) SOLID_ANGLE_UNIT ( ) );
#2817 = ORIENTED_EDGE ( 'NONE', *, *, #413, .F. ) ;
#2818 = CARTESIAN_POINT ( 'NONE',  ( 1.149025747743360082, 2.999900000000000233, -1.766056774136323115 ) ) ;
#2819 = ORIENTED_EDGE ( 'NONE', *, *, #1794, .F. ) ;
#2820 = ORIENTED_EDGE ( 'NONE', *, *, #3854, .T. ) ;
#2821 = FACE_OUTER_BOUND ( 'NONE', #1870, .T. ) ;
#2822 = CARTESIAN_POINT ( 'NONE',  ( 2.564450823292857784, 2.999900000000000677, -1.948840275039980474 ) ) ;
#2823 = COLOUR_RGB ( '',0.8274509803921568096, 0.8392156862745098200, 0.8274509803921568096 ) ;
#2824 = FACE_OUTER_BOUND ( 'NONE', #457, .T. ) ;
#2825 = PRESENTATION_LAYER_ASSIGNMENT (  '', '', ( #2667 ) ) ;
#2826 = PRESENTATION_LAYER_ASSIGNMENT (  '', '', ( #2212 ) ) ;
#2827 =( LENGTH_UNIT ( ) NAMED_UNIT ( * ) SI_UNIT ( .MILLI., .METRE. ) );
#2828 = DIRECTION ( 'NONE',  ( -0.000000000000000000, 1.000000000000000000, -0.000000000000000000 ) ) ;
#2829 = DIRECTION ( 'NONE',  ( -0.8660872391925199532, 0.000000000000000000, -0.4998928826337483700 ) ) ;
#2830 = VECTOR ( 'NONE', #3727, 1000.000000000000000 ) ;
#2831 = FILL_AREA_STYLE_COLOUR ( '', #3059 ) ;
#2832 = CARTESIAN_POINT ( 'NONE',  ( 2.571937412355975727, 3.000000000000000444, 0.3725784803166725667 ) ) ;
#2833 = CARTESIAN_POINT ( 'NONE',  ( 1.143951580070069030, 2.999900000000001565, 0.2108991456630259498 ) ) ;
#2834 = CARTESIAN_POINT ( 'NONE',  ( -1.702027495425233905, 2.999900000000000233, -0.8668464566929088289 ) ) ;
#2835 = CARTESIAN_POINT ( 'NONE',  ( 1.169901077095653052, 3.000000000000000000, 1.384694906222209809 ) ) ;
#2836 = CARTESIAN_POINT ( 'NONE',  ( 1.143793079353702558, 3.000000000000000444, 1.562902114448176283 ) ) ;
#2837 = EDGE_CURVE ( 'NONE', #2972, #2123, #1025, .T. ) ;
#2838 = CARTESIAN_POINT ( 'NONE',  ( 2.635606768424067603, 2.999899999999999789, 0.2013092219934430882 ) ) ;
#2839 = FILL_AREA_STYLE_COLOUR ( '', #1034 ) ;
#2840 = CARTESIAN_POINT ( 'NONE',  ( 2.642690712998739588, 3.000000000000000000, -0.9458531426870389058 ) ) ;
#2841 = CARTESIAN_POINT ( 'NONE',  ( 1.178191632116386556, 3.000000000000000000, 0.1426119308423729748 ) ) ;
#2842 = LINE ( 'NONE', #2475, #4019 ) ;
#2843 = ORIENTED_EDGE ( 'NONE', *, *, #3657, .F. ) ;
#2844 = CARTESIAN_POINT ( 'NONE',  ( 2.642690712998739588, 3.000000000000000000, 0.2894409749600200255 ) ) ;
#2845 = EDGE_CURVE ( 'NONE', #2242, #1745, #2699, .T. ) ;
#2846 = AXIS2_PLACEMENT_3D ( 'NONE', #3255, #4433, #2155 ) ;
#2847 = DIRECTION ( 'NONE',  ( -0.8701091694029018386, 0.000000000000000000, 0.4928590400114340464 ) ) ;
#2848 = B_SPLINE_SURFACE_WITH_KNOTS ( 'NONE', 3, 1, ( 
 ( #2210, #1548 ),
 ( #1523, #2980 ),
 ( #1853, #4018 ),
 ( #3314, #48 ),
 ( #1904, #3009 ),
 ( #4444, #2612 ),
 ( #4085, #3369 ),
 ( #4469, #1193 ),
 ( #2635, #3619 ),
 ( #356, #1805 ),
 ( #1102, #1943 ) ),
 .UNSPECIFIED., .F., .F., .F.,
 ( 4, 1, 1, 1, 1, 1, 1, 1, 4 ),
 ( 2, 2 ),
 ( 0.000000000000000000, 0.1506145446497699492, 0.2596734740599798696, 0.3388177727155972097, 0.4102835628096070941, 0.5019338459622260107, 0.6260648387140314020, 0.7889788725463112717, 1.000000000000000000 ),
 ( 0.000000000000000000, 1.000000000000000000 ),
 .UNSPECIFIED. ) ;
#2849 = CARTESIAN_POINT ( 'NONE',  ( 2.571937412355976615, 3.000000000000000888, -0.8627156373303865866 ) ) ;
#2850 = SURFACE_STYLE_FILL_AREA ( #2459 ) ;
#2851 =( LENGTH_UNIT ( ) NAMED_UNIT ( * ) SI_UNIT ( .MILLI., .METRE. ) );
#2852 = B_SPLINE_CURVE_WITH_KNOTS ( 'NONE', 3,
 ( #1638, #4540, #4123, #1191, #882, #2632, #1261, #1545, #3741, #2702, #4175 ),
 .UNSPECIFIED., .F., .F.,
 ( 4, 1, 1, 1, 1, 1, 1, 1, 4 ),
 ( 0.000000000000000000, 0.2009044012478304053, 0.3599846282170884315, 0.4835952109184648018, 0.5715364693554770836, 0.6460191871590634793, 0.7285858147531646400, 0.8430130251172095468, 1.000000000000000000 ),
 .UNSPECIFIED. ) ;
#2853 = PRESENTATION_STYLE_ASSIGNMENT (( #1362 ) ) ;
#2854 =( NAMED_UNIT ( * ) SI_UNIT ( $, .STERADIAN. ) SOLID_ANGLE_UNIT ( ) );
#2855 = CARTESIAN_POINT ( 'NONE',  ( 2.642690712998739588, 3.000000000000000000, 1.524735092607079068 ) ) ;
#2856 = CARTESIAN_POINT ( 'NONE',  ( 2.607189793881092399, 2.999900000000000233, 0.1684621146659023849 ) ) ;
#2857 = CARTESIAN_POINT ( 'NONE',  ( 1.166518503127166762, 3.000000000000000000, -0.7140105385491253287 ) ) ;
#2858 = EDGE_CURVE ( 'NONE', #2017, #4028, #949, .T. ) ;
#2859 = CARTESIAN_POINT ( 'NONE',  ( 1.876491264469327680, 2.999900000000000233, -0.3061472603340976151 ) ) ;
#2860 =( GEOMETRIC_REPRESENTATION_CONTEXT ( 3 ) GLOBAL_UNCERTAINTY_ASSIGNED_CONTEXT ( ( #1732 ) ) GLOBAL_UNIT_ASSIGNED_CONTEXT ( ( #296, #2119, #2099 ) ) REPRESENTATION_CONTEXT ( 'NONE', 'WORKASPACE' ) );
#2861 = CARTESIAN_POINT ( 'NONE',  ( 1.143068033057007771, 2.999900000000000233, -0.6450862253979010585 ) ) ;
#2862 = CARTESIAN_POINT ( 'NONE',  ( 2.607189793881092399, 2.999900000000000233, 0.1684621146659023849 ) ) ;
#2863 = CARTESIAN_POINT ( 'NONE',  ( 2.639295963283396329, 2.999999999999998668, 0.6850376199589710557 ) ) ;
#2864 = VERTEX_POINT ( 'NONE', #2652 ) ;
#2865 = CARTESIAN_POINT ( 'NONE',  ( -1.399055054480345284, 2.999900000000000233, 0.9207283464566988762 ) ) ;
#2866 = COLOUR_RGB ( '',1.000000000000000000, 1.000000000000000000, 1.000000000000000000 ) ;
#2867 = VERTEX_POINT ( 'NONE', #4170 ) ;
#2868 = COLOUR_RGB ( '',0.8274509803921568096, 0.8392156862745098200, 0.8274509803921568096 ) ;
#2869 = UNCERTAINTY_MEASURE_WITH_UNIT (LENGTH_MEASURE( 1.000000000000000082E-05 ), #2309, 'distance_accuracy_value', 'NONE');
#2870 = CARTESIAN_POINT ( 'NONE',  ( -1.394999999999999352, 0.000000000000000000, 2.500000000000000000 ) ) ;
#2871 = SURFACE_STYLE_FILL_AREA ( #4681 ) ;
#2872 =( LENGTH_UNIT ( ) NAMED_UNIT ( * ) SI_UNIT ( .MILLI., .METRE. ) );
#2873 = LINE ( 'NONE', #1817, #2676 ) ;
#2874 = DIRECTION ( 'NONE',  ( 1.000000000000000000, 0.000000000000000000, 0.000000000000000000 ) ) ;
#2875 = UNCERTAINTY_MEASURE_WITH_UNIT (LENGTH_MEASURE( 1.000000000000000082E-05 ), #3097, 'distance_accuracy_value', 'NONE');
#2876 = DIRECTION ( 'NONE',  ( -0.8660872391925200642, 0.000000000000000000, -0.4998928826337482034 ) ) ;
#2877 = PRESENTATION_LAYER_ASSIGNMENT (  '', '', ( #672 ) ) ;
#2878 = SURFACE_STYLE_USAGE ( .BOTH. , #1424 ) ;
#2879 = DIRECTION ( 'NONE',  ( 1.000000000000000000, 0.000000000000000000, -0.000000000000000000 ) ) ;
#2880 = CARTESIAN_POINT ( 'NONE',  ( -2.644999999999999130, -0.1000000000000000056, 2.500000000000000000 ) ) ;
#2881 = B_SPLINE_SURFACE_WITH_KNOTS ( 'NONE', 3, 1, ( 
 ( #2249, #3786 ),
 ( #1893, #89 ),
 ( #1187, #2625 ),
 ( #4097, #3734 ),
 ( #3022, #1582 ),
 ( #4482, #133 ),
 ( #1205, #2648 ),
 ( #4115, #850 ),
 ( #3760, #1726 ),
 ( #1704, #997 ),
 ( #1630, #2456 ) ),
 .UNSPECIFIED., .F., .F., .F.,
 ( 4, 1, 1, 1, 1, 1, 1, 1, 4 ),
 ( 2, 2 ),
 ( 0.000000000000000000, 0.1506145446497699492, 0.2596734740599798696, 0.3388177727155972097, 0.4102835628096070941, 0.5019338459622260107, 0.6260648387140314020, 0.7889788725463112717, 1.000000000000000000 ),
 ( 0.000000000000000000, 1.000000000000000000 ),
 .UNSPECIFIED. ) ;
#2882 = FACE_OUTER_BOUND ( 'NONE', #1189, .T. ) ;
#2883 = SURFACE_STYLE_FILL_AREA ( #1036 ) ;
#2884 = FILL_AREA_STYLE ('',( #2237 ) ) ;
#2885 = CARTESIAN_POINT ( 'NONE',  ( 2.617887197584241488, 3.000000000000000444, 1.623353433307592963 ) ) ;
#2886 = CARTESIAN_POINT ( 'NONE',  ( -0.8947361568425546974, 2.999900000000000233, -0.3477952755905496796 ) ) ;
#2887 = VECTOR ( 'NONE', #2775, 1000.000000000000000 ) ;
#2888 = EDGE_LOOP ( 'NONE', ( #2284, #3578, #3243, #2282 ) ) ;
#2889 =( NAMED_UNIT ( * ) SI_UNIT ( $, .STERADIAN. ) SOLID_ANGLE_UNIT ( ) );
#2890 = SURFACE_STYLE_FILL_AREA ( #2523 ) ;
#2891 = ORIENTED_EDGE ( 'NONE', *, *, #4357, .F. ) ;
#2892 =( NAMED_UNIT ( * ) PLANE_ANGLE_UNIT ( ) SI_UNIT ( $, .RADIAN. ) );
#2893 = CARTESIAN_POINT ( 'NONE',  ( 1.881316632116386556, 2.999900000000000233, -1.277424833863509690 ) ) ;
#2894 = SURFACE_STYLE_FILL_AREA ( #4410 ) ;
#2895 = PRESENTATION_LAYER_ASSIGNMENT (  '', '', ( #1077 ) ) ;
#2896 = CARTESIAN_POINT ( 'NONE',  ( 2.602780714937743323, 3.000000000000000444, -1.966912289340083886 ) ) ;
#2897 = CARTESIAN_POINT ( 'NONE',  ( 0.7694291974881546370, 2.999900000000000233, -0.3560984251968530301 ) ) ;
#2898 = ORIENTED_EDGE ( 'NONE', *, *, #3201, .T. ) ;
#2899 = FILL_AREA_STYLE_COLOUR ( '', #1026 ) ;
#2900 = PRESENTATION_LAYER_ASSIGNMENT (  '', '', ( #3663 ) ) ;
#2901 = CARTESIAN_POINT ( 'NONE',  ( 2.610467510789359125, 2.999900000000001121, 1.405735053632306109 ) ) ;
#2902 = CARTESIAN_POINT ( 'NONE',  ( 2.607189793881092399, 3.000000000000000000, 1.403756232312961316 ) ) ;
#2903 = EDGE_CURVE ( 'NONE', #3633, #3475, #1245, .T. ) ;
#2904 = CARTESIAN_POINT ( 'NONE',  ( 2.641316205600277911, 2.999900000000001121, -1.000017597477753206 ) ) ;
#2905 = STYLED_ITEM ( 'NONE', ( #2141 ), #70 ) ;
#2906 = DIRECTION ( 'NONE',  ( 0.5027042891722011131, 0.000000000000000000, 0.8644584418281031635 ) ) ;
#2907 =( GEOMETRIC_REPRESENTATION_CONTEXT ( 3 ) GLOBAL_UNCERTAINTY_ASSIGNED_CONTEXT ( ( #2869 ) ) GLOBAL_UNIT_ASSIGNED_CONTEXT ( ( #2309, #146, #3012 ) ) REPRESENTATION_CONTEXT ( 'NONE', 'WORKASPACE' ) );
#2908 = DIRECTION ( 'NONE',  ( 0.8679317172888709742, 0.000000000000000000, 0.4966835351851230929 ) ) ;
#2909 = DIRECTION ( 'NONE',  ( -0.8599778663242776400, 0.000000000000000000, 0.5103313329909725526 ) ) ;
#2910 = CARTESIAN_POINT ( 'NONE',  ( 2.641323004694411392, 2.999900000000002009, -0.5698892122843346453 ) ) ;
#2911 = VERTEX_POINT ( 'NONE', #1585 ) ;
#2912 = DIRECTION ( 'NONE',  ( -0.000000000000000000, 1.000000000000000000, -0.000000000000000000 ) ) ;
#2913 = UNCERTAINTY_MEASURE_WITH_UNIT (LENGTH_MEASURE( 1.000000000000000082E-05 ), #1475, 'distance_accuracy_value', 'NONE');
#2914 = EDGE_CURVE ( 'NONE', #2123, #3106, #170, .T. ) ;
#2915 = LINE ( 'NONE', #3324, #3058 ) ;
#2916 = CARTESIAN_POINT ( 'NONE',  ( 2.642539632016172035, 2.999900000000000233, 0.3209714592864429394 ) ) ;
#2917 = EDGE_LOOP ( 'NONE', ( #117, #3739, #1982, #939 ) ) ;
#2918 = CARTESIAN_POINT ( 'NONE',  ( 2.610351767915529031, 2.999899999999999789, -1.741933696777567597 ) ) ;
#2919 =( NAMED_UNIT ( * ) PLANE_ANGLE_UNIT ( ) SI_UNIT ( $, .RADIAN. ) );
#2920 = PRESENTATION_LAYER_ASSIGNMENT (  '', '', ( #3603 ) ) ;
#2921 = PLANE ( 'NONE',  #1684 ) ;
#2922 = VERTEX_POINT ( 'NONE', #3298 ) ;
#2923 =( NAMED_UNIT ( * ) SI_UNIT ( $, .STERADIAN. ) SOLID_ANGLE_UNIT ( ) );
#2924 = UNCERTAINTY_MEASURE_WITH_UNIT (LENGTH_MEASURE( 1.000000000000000082E-05 ), #823, 'distance_accuracy_value', 'NONE');
#2925 =( GEOMETRIC_REPRESENTATION_CONTEXT ( 3 ) GLOBAL_UNCERTAINTY_ASSIGNED_CONTEXT ( ( #786 ) ) GLOBAL_UNIT_ASSIGNED_CONTEXT ( ( #1093, #2919, #1118 ) ) REPRESENTATION_CONTEXT ( 'NONE', 'WORKASPACE' ) );
#2926 = COLOUR_RGB ( '',1.000000000000000000, 1.000000000000000000, 1.000000000000000000 ) ;
#2927 =( NAMED_UNIT ( * ) PLANE_ANGLE_UNIT ( ) SI_UNIT ( $, .RADIAN. ) );
#2928 = CARTESIAN_POINT ( 'NONE',  ( 1.181887395167976917, 2.999999999999999556, -0.7137202317960829046 ) ) ;
#2929 = PRESENTATION_STYLE_ASSIGNMENT (( #2259 ) ) ;
#2930 = ADVANCED_FACE ( 'NONE', ( #1088 ), #1158, .T. ) ;
#2931 = FACE_OUTER_BOUND ( 'NONE', #4288, .T. ) ;
#2932 = CARTESIAN_POINT ( 'NONE',  ( 1.178191632116386556, 3.000000000000000000, 1.377906048489432100 ) ) ;
#2933 = EDGE_CURVE ( 'NONE', #1857, #3462, #3813, .T. ) ;
#2934 = EDGE_LOOP ( 'NONE', ( #605, #4493, #725, #476 ) ) ;
#2935 = LINE ( 'NONE', #320, #971 ) ;
#2936 = VECTOR ( 'NONE', #1372, 1000.000000000000000 ) ;
#2937 = AXIS2_PLACEMENT_3D ( 'NONE', #3580, #4029, #1812 ) ;
#2938 = CARTESIAN_POINT ( 'NONE',  ( 2.642539632016172924, 3.000000000000000888, -0.9143226583606161029 ) ) ;
#2939 = FILL_AREA_STYLE_COLOUR ( '', #3747 ) ;
#2940 = ORIENTED_EDGE ( 'NONE', *, *, #963, .T. ) ;
#2941 = FACE_OUTER_BOUND ( 'NONE', #201, .T. ) ;
#2942 = EDGE_CURVE ( 'NONE', #4028, #1019, #3571, .T. ) ;
#2943 = VECTOR ( 'NONE', #2607, 1000.000000000000000 ) ;
#2944 = CARTESIAN_POINT ( 'NONE',  ( 1.154027076143226971, 2.999899999999999789, 0.1633265355979788003 ) ) ;
#2945 = SURFACE_STYLE_FILL_AREA ( #2626 ) ;
#2946 = SURFACE_STYLE_USAGE ( .BOTH. , #754 ) ;
#2947 = VERTEX_POINT ( 'NONE', #1510 ) ;
#2948 = ADVANCED_FACE ( 'NONE', ( #2963 ), #440, .F. ) ;
#2949 = CARTESIAN_POINT ( 'NONE',  ( 1.154538716452736091, 3.000000000000000000, -1.755906955505793121 ) ) ;
#2950 = CARTESIAN_POINT ( 'NONE',  ( -1.447834582039406515, 3.000000000000000000, -0.9164999999999924318 ) ) ;
#2951 = CARTESIAN_POINT ( 'NONE',  ( 2.631385331497116731, 3.000000000000001776, -1.045620101869273677 ) ) ;
#2952 = LINE ( 'NONE', #4062, #1333 ) ;
#2953 = PLANE ( 'NONE',  #1192 ) ;
#2954 = VERTEX_POINT ( 'NONE', #2362 ) ;
#2955 = LINE ( 'NONE', #3053, #1341 ) ;
#2956 = SURFACE_STYLE_FILL_AREA ( #1882 ) ;
#2957 = EDGE_CURVE ( 'NONE', #2333, #2015, #2715, .T. ) ;
#2958 = ORIENTED_EDGE ( 'NONE', *, *, #3494, .F. ) ;
#2959 =( NAMED_UNIT ( * ) PLANE_ANGLE_UNIT ( ) SI_UNIT ( $, .RADIAN. ) );
#2960 = UNCERTAINTY_MEASURE_WITH_UNIT (LENGTH_MEASURE( 1.000000000000000082E-05 ), #2281, 'distance_accuracy_value', 'NONE');
#2961 = VERTEX_POINT ( 'NONE', #4479 ) ;
#2962 = CARTESIAN_POINT ( 'NONE',  ( 1.142690712998739588, 2.999900000000000233, -0.9692906426870387948 ) ) ;
#2963 = FACE_OUTER_BOUND ( 'NONE', #3052, .T. ) ;
#2964 = VERTEX_POINT ( 'NONE', #130 ) ;
#2965 = CARTESIAN_POINT ( 'NONE',  ( 1.143068033057007771, 2.999900000000000233, -0.6450862253979010585 ) ) ;
#2966 = DIRECTION ( 'NONE',  ( -1.000000000000000000, 0.000000000000000000, 3.453728408488213655E-15 ) ) ;
#2967 = PLANE ( 'NONE',  #3292 ) ;
#2968 = CARTESIAN_POINT ( 'NONE',  ( 1.146497715025989406, 2.999900000000001121, 0.6905897097364515069 ) ) ;
#2969 = UNCERTAINTY_MEASURE_WITH_UNIT (LENGTH_MEASURE( 1.000000000000000082E-05 ), #2703, 'distance_accuracy_value', 'NONE');
#2970 = PRODUCT_DEFINITION_SHAPE ( 'NONE', 'NONE',  #3368 ) ;
#2971 = CARTESIAN_POINT ( 'NONE',  ( 0.3034685675668905014, 3.000000000000000000, -1.102125984251969282 ) ) ;
#2972 = VERTEX_POINT ( 'NONE', #1203 ) ;
#2973 = CARTESIAN_POINT ( 'NONE',  ( 1.142778724780128208, 3.000000000000000444, -1.821880208861821782 ) ) ;
#2974 = CARTESIAN_POINT ( 'NONE',  ( -0.8321574166850701504, 3.000000000000000000, 0.6509448818897678457 ) ) ;
#2975 = MECHANICAL_DESIGN_GEOMETRIC_PRESENTATION_REPRESENTATION (  '', ( #3662 ), #2208 ) ;
#2976 = FILL_AREA_STYLE_COLOUR ( '', #2297 ) ;
#2977 = CARTESIAN_POINT ( 'NONE',  ( 1.142930022522763878, 3.000000000000000000, 1.513348390898309415 ) ) ;
#2978 = CARTESIAN_POINT ( 'NONE',  ( 2.610467510789358236, 2.999900000000000677, -1.064853181661812309 ) ) ;
#2979 = CARTESIAN_POINT ( 'NONE',  ( -2.644999999999999130, 0.000000000000000000, -2.500000000000000000 ) ) ;
#2980 = CARTESIAN_POINT ( 'NONE',  ( 2.571941074772255753, 3.000000000000000444, -0.7176560107585832071 ) ) ;
#2981 = STYLED_ITEM ( 'NONE', ( #2778 ), #2751 ) ;
#2982 = MECHANICAL_DESIGN_GEOMETRIC_PRESENTATION_REPRESENTATION (  '', ( #3829 ), #770 ) ;
#2983 = ORIENTED_EDGE ( 'NONE', *, *, #2439, .F. ) ;
#2984 = CARTESIAN_POINT ( 'NONE',  ( 2.015737587998739588, 3.000000000000000000, 1.065291158783549630 ) ) ;
#2985 = DIRECTION ( 'NONE',  ( 1.000000000000000000, 0.000000000000000000, -0.000000000000000000 ) ) ;
#2986 = FILL_AREA_STYLE_COLOUR ( '', #1387 ) ;
#2987 = EDGE_LOOP ( 'NONE', ( #4358, #697, #1636, #524, #4581, #3002, #1930, #2712, #4487, #3342, #4216, #4132, #2741, #4525, #3851, #576 ) ) ;
#2988 = STYLED_ITEM ( 'NONE', ( #707 ), #1449 ) ;
#2989 = LINE ( 'NONE', #4091, #1417 ) ;
#2990 = STYLED_ITEM ( 'NONE', ( #646 ), #3572 ) ;
#2991 = FILL_AREA_STYLE_COLOUR ( '', #3505 ) ;
#2992 = ORIENTED_EDGE ( 'NONE', *, *, #2142, .F. ) ;
#2993 = CARTESIAN_POINT ( 'NONE',  ( 1.154027076143226971, 2.999899999999999345, -1.071967582049080159 ) ) ;
#2994 = CARTESIAN_POINT ( 'NONE',  ( 2.636771313881896894, 2.999900000000000233, 0.3670425512312954774 ) ) ;
#2995 = VERTEX_POINT ( 'NONE', #151 ) ;
#2996 = FILL_AREA_STYLE ('',( #1839 ) ) ;
#2997 = ORIENTED_EDGE ( 'NONE', *, *, #1647, .T. ) ;
#2998 = LINE ( 'NONE', #1941, #3375 ) ;
#2999 = CARTESIAN_POINT ( 'NONE',  ( 1.149025747743360526, 2.999900000000001121, 0.7045314611577949693 ) ) ;
#3000 = SURFACE_SIDE_STYLE ('',( #900 ) ) ;
#3001 = EDGE_CURVE ( 'NONE', #902, #2995, #872, .T. ) ;
#3002 = ORIENTED_EDGE ( 'NONE', *, *, #172, .T. ) ;
#3003 = CARTESIAN_POINT ( 'NONE',  ( 1.154027076143227415, 2.999900000000000233, 1.398620653245037815 ) ) ;
#3004 = VECTOR ( 'NONE', #4443, 1000.000000000000000 ) ;
#3005 = CARTESIAN_POINT ( 'NONE',  ( 1.142690712998739810, 2.999900000000000233, -0.9692906426870389058 ) ) ;
#3006 = FILL_AREA_STYLE ('',( #2976 ) ) ;
#3007 = COLOUR_RGB ( '',1.000000000000000000, 1.000000000000000000, 1.000000000000000000 ) ;
#3008 =( NAMED_UNIT ( * ) SI_UNIT ( $, .STERADIAN. ) SOLID_ANGLE_UNIT ( ) );
#3009 = CARTESIAN_POINT ( 'NONE',  ( 2.618218846677510037, 3.000000000000000000, -0.7323642708057511719 ) ) ;
#3010 = EDGE_LOOP ( 'NONE', ( #2646, #438, #2060, #1838 ) ) ;
#3011 = COLOUR_RGB ( '',1.000000000000000000, 1.000000000000000000, 1.000000000000000000 ) ;
#3012 =( NAMED_UNIT ( * ) SI_UNIT ( $, .STERADIAN. ) SOLID_ANGLE_UNIT ( ) );
#3013 = EDGE_CURVE ( 'NONE', #3064, #3633, #3063, .T. ) ;
#3014 = CARTESIAN_POINT ( 'NONE',  ( -3.354999999999998206, 3.000000000000000000, 3.455000000000000515 ) ) ;
#3015 = MECHANICAL_DESIGN_GEOMETRIC_PRESENTATION_REPRESENTATION (  '', ( #1781 ), #2768 ) ;
#3016 = SURFACE_STYLE_FILL_AREA ( #2688 ) ;
#3017 = ORIENTED_EDGE ( 'NONE', *, *, #3976, .T. ) ;
#3018 =( LENGTH_UNIT ( ) NAMED_UNIT ( * ) SI_UNIT ( .MILLI., .METRE. ) );
#3019 = CARTESIAN_POINT ( 'NONE',  ( 2.642690712998740032, 3.000000000000000444, -0.6260002015105683437 ) ) ;
#3020 = ORIENTED_EDGE ( 'NONE', *, *, #4293, .T. ) ;
#3021 = CARTESIAN_POINT ( 'NONE',  ( 2.635047234864875687, 3.000000000000001776, 0.6996747213392368048 ) ) ;
#3022 = CARTESIAN_POINT ( 'NONE',  ( 2.618218846677510037, 2.999900000000000233, 0.5029298468413077039 ) ) ;
#3023 = CARTESIAN_POINT ( 'NONE',  ( -0.6555708025118480720, 2.999900000000000233, -0.6561377952755882426 ) ) ;
#3024 = CARTESIAN_POINT ( 'NONE',  ( 1.161530783382918042, 3.000000000000000000, -1.079908615883631962 ) ) ;
#3025 = VECTOR ( 'NONE', #4219, 1000.000000000000000 ) ;
#3026 = CARTESIAN_POINT ( 'NONE',  ( 1.178191632116386556, 2.999900000000000233, 0.7337194676070789567 ) ) ;
#3027 = FACE_OUTER_BOUND ( 'NONE', #394, .T. ) ;
#3028 =( GEOMETRIC_REPRESENTATION_CONTEXT ( 3 ) GLOBAL_UNCERTAINTY_ASSIGNED_CONTEXT ( ( #4224 ) ) GLOBAL_UNIT_ASSIGNED_CONTEXT ( ( #3296, #655, #2889 ) ) REPRESENTATION_CONTEXT ( 'NONE', 'WORKASPACE' ) );
#3029 = ORIENTED_EDGE ( 'NONE', *, *, #2108, .F. ) ;
#3030 = CARTESIAN_POINT ( 'NONE',  ( 1.175344842613581742, 2.999900000000000233, 1.380237189032058387 ) ) ;
#3031 = CARTESIAN_POINT ( 'NONE',  ( 2.629964885561349330, 2.999899999999999789, -0.7237011796189150026 ) ) ;
#3032 = STYLED_ITEM ( 'NONE', ( #2539 ), #2345 ) ;
#3033 =( NAMED_UNIT ( * ) SI_UNIT ( $, .STERADIAN. ) SOLID_ANGLE_UNIT ( ) );
#3034 = ORIENTED_EDGE ( 'NONE', *, *, #4160, .T. ) ;
#3035 = CARTESIAN_POINT ( 'NONE',  ( 2.571941074772255753, 3.000000000000000444, -0.7176560107585832071 ) ) ;
#3036 = CARTESIAN_POINT ( 'NONE',  ( 2.641316205600277023, 2.999999999999999556, 0.2352765201693059749 ) ) ;
#3037 = ORIENTED_EDGE ( 'NONE', *, *, #2005, .T. ) ;
#3038 = CARTESIAN_POINT ( 'NONE',  ( 1.734142918881092399, 3.000000000000000000, -1.415981819157627219 ) ) ;
#3039 = CARTESIAN_POINT ( 'NONE',  ( 1.142690712998739588, 3.000000000000000000, 0.6206679970188436757 ) ) ;
#3040 = LINE ( 'NONE', #4161, #1687 ) ;
#3041 = ORIENTED_EDGE ( 'NONE', *, *, #3993, .F. ) ;
#3042 = B_SPLINE_CURVE_WITH_KNOTS ( 'NONE', 3,
 ( #4345, #2184, #1756, #1406, #2444, #2488, #2857, #3642, #4323, #643, #2511 ),
 .UNSPECIFIED., .F., .F.,
 ( 4, 1, 1, 1, 1, 1, 1, 1, 4 ),
 ( 0.000000000000000000, 0.2009044012478304053, 0.3599846282170884315, 0.4835952109184648018, 0.5715364693554770836, 0.6460191871590634793, 0.7285858147531646400, 0.8430130251172095468, 1.000000000000000000 ),
 .UNSPECIFIED. ) ;
#3043 = SURFACE_SIDE_STYLE ('',( #4139 ) ) ;
#3044 = CARTESIAN_POINT ( 'NONE',  ( 2.624753711275634060, 2.999900000000001121, 0.1810289450280383738 ) ) ;
#3045 = CARTESIAN_POINT ( 'NONE',  ( 2.584843896998425539, 2.999900000000000677, -0.8554607890441922047 ) ) ;
#3046 = FACE_OUTER_BOUND ( 'NONE', #3576, .T. ) ;
#3047 = ORIENTED_EDGE ( 'NONE', *, *, #1845, .T. ) ;
#3048 = FILL_AREA_STYLE_COLOUR ( '', #3302 ) ;
#3049 = CARTESIAN_POINT ( 'NONE',  ( 2.636813255159033975, 2.999900000000000233, -0.7085054191024058312 ) ) ;
#3050 = SURFACE_STYLE_FILL_AREA ( #1620 ) ;
#3051 = EDGE_CURVE ( 'NONE', #2867, #3160, #2044, .T. ) ;
#3052 = EDGE_LOOP ( 'NONE', ( #4583, #1553, #4189, #257 ) ) ;
#3053 = CARTESIAN_POINT ( 'NONE',  ( 1.220930602704621837, 2.999900000000000233, 0.3497580705482553065 ) ) ;
#3054 = CARTESIAN_POINT ( 'NONE',  ( 1.149025747743360526, 2.999900000000001121, -0.5307626564892643506 ) ) ;
#3055 =( GEOMETRIC_REPRESENTATION_CONTEXT ( 3 ) GLOBAL_UNCERTAINTY_ASSIGNED_CONTEXT ( ( #2627 ) ) GLOBAL_UNIT_ASSIGNED_CONTEXT ( ( #2314, #645, #3876 ) ) REPRESENTATION_CONTEXT ( 'NONE', 'WORKASPACE' ) );
#3056 = VECTOR ( 'NONE', #1564, 1000.000000000000000 ) ;
#3057 = VECTOR ( 'NONE', #2392, 999.9999999999998863 ) ;
#3058 = VECTOR ( 'NONE', #2568, 1000.000000000000000 ) ;
#3059 = COLOUR_RGB ( '',1.000000000000000000, 1.000000000000000000, 1.000000000000000000 ) ;
#3060 = ORIENTED_EDGE ( 'NONE', *, *, #3954, .T. ) ;
#3061 = COLOUR_RGB ( '',0.1019607843137254888, 0.1019607843137254888, 0.1019607843137254888 ) ;
#3062 = CARTESIAN_POINT ( 'NONE',  ( 1.166518503127166762, 3.000000000000000000, 0.5212835790979341022 ) ) ;
#3063 = LINE ( 'NONE', #3395, #1079 ) ;
#3064 = VERTEX_POINT ( 'NONE', #4555 ) ;
#3065 = CARTESIAN_POINT ( 'NONE',  ( 2.607189793881092399, 3.000000000000000888, 0.7302727764306083946 ) ) ;
#3066 = PRESENTATION_LAYER_ASSIGNMENT (  '', '', ( #2905 ) ) ;
#3067 = CARTESIAN_POINT ( 'NONE',  ( 2.642684319598297193, 2.999900000000000677, -1.850260610244095494 ) ) ;
#3068 = CARTESIAN_POINT ( 'NONE',  ( 2.642667625737631809, 2.999899999999999345, -0.9750569420324970427 ) ) ;
#3069 = AXIS2_PLACEMENT_3D ( 'NONE', #2893, #2573, #368 ) ;
#3070 = DIRECTION ( 'NONE',  ( -0.5103313329909725526, 0.000000000000000000, -0.8599778663242776400 ) ) ;
#3071 = EDGE_LOOP ( 'NONE', ( #4389, #4266, #3804, #2271 ) ) ;
#3072 = CARTESIAN_POINT ( 'NONE',  ( 1.146505634764222181, 2.999900000000000677, 1.426189584154387235 ) ) ;
#3073 = CARTESIAN_POINT ( 'NONE',  ( 2.602780714937743323, 2.999899999999999789, -0.7316181716930250101 ) ) ;
#3074 = DIRECTION ( 'NONE',  ( -1.000000000000000000, -0.000000000000000000, -0.000000000000000000 ) ) ;
#3075 = CARTESIAN_POINT ( 'NONE',  ( 1.181946779667099046, 2.999900000000000677, 1.603721534218398137 ) ) ;
#3076 = SURFACE_STYLE_FILL_AREA ( #885 ) ;
#3077 =( GEOMETRIC_REPRESENTATION_CONTEXT ( 3 ) GLOBAL_UNCERTAINTY_ASSIGNED_CONTEXT ( ( #1813 ) ) GLOBAL_UNIT_ASSIGNED_CONTEXT ( ( #4253, #2779, #4321 ) ) REPRESENTATION_CONTEXT ( 'NONE', 'WORKASPACE' ) );
#3078 = CARTESIAN_POINT ( 'NONE',  ( 1.175322422394288857, 2.999999999999999556, -1.738821261202396995 ) ) ;
#3079 = SURFACE_SIDE_STYLE ('',( #3453 ) ) ;
#3080 =( NAMED_UNIT ( * ) SI_UNIT ( $, .STERADIAN. ) SOLID_ANGLE_UNIT ( ) );
#3081 = VERTEX_POINT ( 'NONE', #4528 ) ;
#3082 = CARTESIAN_POINT ( 'NONE',  ( 2.610467510789358681, 2.999999999999999556, 0.1704409359852467054 ) ) ;
#3083 = ORIENTED_EDGE ( 'NONE', *, *, #3098, .T. ) ;
#3084 = EDGE_CURVE ( 'NONE', #1021, #2947, #2692, .T. ) ;
#3085 = CARTESIAN_POINT ( 'NONE',  ( 1.143068033057007771, 3.000000000000000000, 0.5902078922491580393 ) ) ;
#3086 = VERTEX_POINT ( 'NONE', #2316 ) ;
#3087 = CARTESIAN_POINT ( 'NONE',  ( -0.8321574166850701504, 2.999900000000000233, 0.6509448818897678457 ) ) ;
#3088 = FILL_AREA_STYLE ('',( #2273 ) ) ;
#3089 = MECHANICAL_DESIGN_GEOMETRIC_PRESENTATION_REPRESENTATION (  '', ( #1864 ), #2247 ) ;
#3090 = EDGE_CURVE ( 'NONE', #4267, #4422, #3040, .T. ) ;
#3091 = CARTESIAN_POINT ( 'NONE',  ( 2.642684319598297193, 3.000000000000000444, -1.850260610244095494 ) ) ;
#3092 = CARTESIAN_POINT ( 'NONE',  ( -0.1988070229842903158, 2.999900000000000233, -1.102125984251967505 ) ) ;
#3093 = ORIENTED_EDGE ( 'NONE', *, *, #3090, .T. ) ;
#3094 = CARTESIAN_POINT ( 'NONE',  ( 1.148772520324219615, 2.999900000000000233, -1.926402505471917603 ) ) ;
#3095 = FACE_OUTER_BOUND ( 'NONE', #2917, .T. ) ;
#3096 = MECHANICAL_DESIGN_GEOMETRIC_PRESENTATION_REPRESENTATION (  '', ( #4258 ), #3549 ) ;
#3097 =( LENGTH_UNIT ( ) NAMED_UNIT ( * ) SI_UNIT ( .MILLI., .METRE. ) );
#3098 = EDGE_CURVE ( 'NONE', #888, #2972, #847, .T. ) ;
#3099 = STYLED_ITEM ( 'NONE', ( #2639 ), #126 ) ;
#3100 = CARTESIAN_POINT ( 'NONE',  ( 1.142930022522763656, 2.999900000000000233, 0.2780542732512504278 ) ) ;
#3101 = VECTOR ( 'NONE', #1734, 1000.000000000000114 ) ;
#3102 = PRESENTATION_STYLE_ASSIGNMENT (( #1646 ) ) ;
#3103 = ORIENTED_EDGE ( 'NONE', *, *, #1110, .T. ) ;
#3104 =( GEOMETRIC_REPRESENTATION_CONTEXT ( 3 ) GLOBAL_UNCERTAINTY_ASSIGNED_CONTEXT ( ( #2241 ) ) GLOBAL_UNIT_ASSIGNED_CONTEXT ( ( #2872, #4050, #4702 ) ) REPRESENTATION_CONTEXT ( 'NONE', 'WORKASPACE' ) );
#3105 = DIRECTION ( 'NONE',  ( -0.8571493051170775423, 0.000000000000000000, -0.5150680234078904851 ) ) ;
#3106 = VERTEX_POINT ( 'NONE', #3782 ) ;
#3107 = CARTESIAN_POINT ( 'NONE',  ( 1.200201249945043180, 3.000000000000001332, 0.5276070251643458775 ) ) ;
#3108 = PRESENTATION_LAYER_ASSIGNMENT (  '', '', ( #445 ) ) ;
#3109 = CARTESIAN_POINT ( 'NONE',  ( 2.642690712998739588, 2.999900000000000233, 0.2894409749600200255 ) ) ;
#3110 = VERTEX_POINT ( 'NONE', #507 ) ;
#3111 = CARTESIAN_POINT ( 'NONE',  ( 2.639295963283396329, 2.999999999999999556, 0.6850376199589710557 ) ) ;
#3112 = VERTEX_POINT ( 'NONE', #1939 ) ;
#3113 = SURFACE_STYLE_USAGE ( .BOTH. , #1658 ) ;
#3114 = B_SPLINE_CURVE_WITH_KNOTS ( 'NONE', 3,
 ( #66, #111, #3717, #1895, #1561, #3359, #91, #3024, #1819, #135, #487 ),
 .UNSPECIFIED., .F., .F.,
 ( 4, 1, 1, 1, 1, 1, 1, 1, 4 ),
 ( 0.000000000000000000, 0.2339648385054103330, 0.4198783559695589696, 0.5659151998979450315, 0.6801214999993741017, 0.7723010949812562087, 0.8443163158709252603, 0.9185860088431476722, 1.000000000000000000 ),
 .UNSPECIFIED. ) ;
#3115 =( NAMED_UNIT ( * ) SI_UNIT ( $, .STERADIAN. ) SOLID_ANGLE_UNIT ( ) );
#3116 = UNCERTAINTY_MEASURE_WITH_UNIT (LENGTH_MEASURE( 1.000000000000000082E-05 ), #4015, 'distance_accuracy_value', 'NONE');
#3117 = LINE ( 'NONE', #2745, #3025 ) ;
#3118 = CARTESIAN_POINT ( 'NONE',  ( 1.178191632116386556, 2.999900000000000233, -0.5015746500399800301 ) ) ;
#3119 = FACE_OUTER_BOUND ( 'NONE', #1500, .T. ) ;
#3120 = CARTESIAN_POINT ( 'NONE',  ( 2.564450823292857340, 3.000000000000000000, -0.8669239147458623895 ) ) ;
#3121 = CARTESIAN_POINT ( 'NONE',  ( -0.1988070229842903158, 3.000000000000000000, -1.102125984251967505 ) ) ;
#3122 = PRESENTATION_STYLE_ASSIGNMENT (( #1639 ) ) ;
#3123 = UNCERTAINTY_MEASURE_WITH_UNIT (LENGTH_MEASURE( 1.000000000000000082E-05 ), #4014, 'distance_accuracy_value', 'NONE');
#3124 = SURFACE_STYLE_USAGE ( .BOTH. , #1640 ) ;
#3125 = COLOUR_RGB ( '',0.8274509803921568096, 0.8392156862745098200, 0.8274509803921568096 ) ;
#3126 = PLANE ( 'NONE',  #2584 ) ;
#3127 = B_SPLINE_CURVE_WITH_KNOTS ( 'NONE', 3,
 ( #4259, #3200, #4279, #572, #1321, #1737, #671, #2836, #3133, #2055, #4307 ),
 .UNSPECIFIED., .F., .F.,
 ( 4, 1, 1, 1, 1, 1, 1, 1, 4 ),
 ( 0.000000000000000000, 0.1528910399261250719, 0.2655498866055906459, 0.3469726293230765979, 0.4171409348174461851, 0.5027291515886442852, 0.6212628926146345210, 0.7862933040589763500, 1.000000000000000000 ),
 .UNSPECIFIED. ) ;
#3128 = CARTESIAN_POINT ( 'NONE',  ( 1.143897626635291154, 3.000000000000000444, -1.798008220888251518 ) ) ;
#3129 = CARTESIAN_POINT ( 'NONE',  ( 1.166537727726018936, 2.999999999999999556, 0.3698359121027862684 ) ) ;
#3130 = EDGE_CURVE ( 'NONE', #1857, #1718, #2291, .T. ) ;
#3131 = LINE ( 'NONE', #4131, #4716 ) ;
#3132 = VERTEX_POINT ( 'NONE', #3809 ) ;
#3133 = CARTESIAN_POINT ( 'NONE',  ( 1.143354133692981112, 3.000000000000000444, 1.534705159652830053 ) ) ;
#3134 = ORIENTED_EDGE ( 'NONE', *, *, #3789, .F. ) ;
#3135 = CARTESIAN_POINT ( 'NONE',  ( 1.213334361882071777, 3.000000000000000444, 0.5343765560452014007 ) ) ;
#3136 = LINE ( 'NONE', #1351, #1993 ) ;
#3137 = DIRECTION ( 'NONE',  ( -0.000000000000000000, 1.000000000000000000, -0.000000000000000000 ) ) ;
#3138 = ORIENTED_EDGE ( 'NONE', *, *, #1963, .T. ) ;
#3139 =( GEOMETRIC_REPRESENTATION_CONTEXT ( 3 ) GLOBAL_UNCERTAINTY_ASSIGNED_CONTEXT ( ( #1437 ) ) GLOBAL_UNIT_ASSIGNED_CONTEXT ( ( #797, #2622, #3415 ) ) REPRESENTATION_CONTEXT ( 'NONE', 'WORKASPACE' ) );
#3140 = ORIENTED_EDGE ( 'NONE', *, *, #1593, .F. ) ;
#3141 = CARTESIAN_POINT ( 'NONE',  ( 2.644999999999999130, -0.1000000000000000056, 2.500000000000000444 ) ) ;
#3142 = CARTESIAN_POINT ( 'NONE',  ( 2.564450823292857340, 3.000000000000000000, -0.8669239147458623895 ) ) ;
#3143 = VECTOR ( 'NONE', #4060, 1000.000000000000000 ) ;
#3144 = CARTESIAN_POINT ( 'NONE',  ( 0.4081181738661062708, 2.999900000000000233, 4.336808689942017736E-16 ) ) ;
#3145 = CARTESIAN_POINT ( 'NONE',  ( -3.354999999999998206, 3.000000000000000000, 3.455000000000000515 ) ) ;
#3146 = EDGE_CURVE ( 'NONE', #4456, #2452, #1409, .T. ) ;
#3147 = COLOUR_RGB ( '',1.000000000000000000, 1.000000000000000000, 1.000000000000000000 ) ;
#3148 = EDGE_CURVE ( 'NONE', #2474, #301, #1653, .T. ) ;
#3149 = PRESENTATION_STYLE_ASSIGNMENT (( #1641 ) ) ;
#3150 = PRESENTATION_STYLE_ASSIGNMENT (( #2051 ) ) ;
#3151 = CARTESIAN_POINT ( 'NONE',  ( 2.564450823292857340, 3.000000000000000000, 1.603664320548255473 ) ) ;
#3152 = ORIENTED_EDGE ( 'NONE', *, *, #3146, .T. ) ;
#3153 = COLOUR_RGB ( '',1.000000000000000000, 1.000000000000000000, 1.000000000000000000 ) ;
#3154 = B_SPLINE_CURVE_WITH_KNOTS ( 'NONE', 3,
 ( #2708, #499, #1958, #147, #910, #2356, #273, #644, #2835, #2098, #3173 ),
 .UNSPECIFIED., .F., .F.,
 ( 4, 1, 1, 1, 1, 1, 1, 1, 4 ),
 ( 0.000000000000000000, 0.2339648385054090562, 0.4198783559695579704, 0.5659151998979442544, 0.6801214999993734356, 0.7723010949812570969, 0.8443163158709261484, 0.9185860088431486714, 1.000000000000000000 ),
 .UNSPECIFIED. ) ;
#3155 = CARTESIAN_POINT ( 'NONE',  ( 1.142825864974269523, 2.999900000000000677, -1.860830719295981650 ) ) ;
#3156 = FILL_AREA_STYLE_COLOUR ( '', #4129 ) ;
#3157 = ORIENTED_EDGE ( 'NONE', *, *, #1265, .T. ) ;
#3158 = CARTESIAN_POINT ( 'NONE',  ( 1.876491264469327680, 2.999900000000000233, 0.9291468573129614272 ) ) ;
#3159 = EDGE_CURVE ( 'NONE', #4267, #2961, #481, .T. ) ;
#3160 = VERTEX_POINT ( 'NONE', #3377 ) ;
#3161 = ORIENTED_EDGE ( 'NONE', *, *, #3657, .T. ) ;
#3162 = VECTOR ( 'NONE', #2587, 1000.000000000000227 ) ;
#3163 = SURFACE_STYLE_FILL_AREA ( #289 ) ;
#3164 = PLANE ( 'NONE',  #3632 ) ;
#3165 = CARTESIAN_POINT ( 'NONE',  ( -1.974192849755940671, 3.000000000000000000, -0.4815314960629848984 ) ) ;
#3166 = CARTESIAN_POINT ( 'NONE',  ( 1.142690712998739810, 3.000000000000000888, -0.9692906426870389058 ) ) ;
#3167 = CARTESIAN_POINT ( 'NONE',  ( -1.447834582039406515, 3.000000000000000000, -0.9164999999999924318 ) ) ;
#3168 = CARTESIAN_POINT ( 'NONE',  ( 2.616279699699928241, 2.999899999999999789, 0.7256207362585328502 ) ) ;
#3169 = EDGE_CURVE ( 'NONE', #4261, #2744, #1556, .T. ) ;
#3170 =( LENGTH_UNIT ( ) NAMED_UNIT ( * ) SI_UNIT ( .MILLI., .METRE. ) );
#3171 = MECHANICAL_DESIGN_GEOMETRIC_PRESENTATION_REPRESENTATION (  '', ( #2103 ), #1486 ) ;
#3172 = PRESENTATION_LAYER_ASSIGNMENT (  '', '', ( #3323 ) ) ;
#3173 = CARTESIAN_POINT ( 'NONE',  ( 1.178191632116386556, 3.000000000000000000, 1.377906048489432100 ) ) ;
#3174 = DIRECTION ( 'NONE',  ( 0.5095424031107078644, 0.000000000000000000, 0.8604455470465084410 ) ) ;
#3175 = LINE ( 'NONE', #4234, #2140 ) ;
#3176 = ORIENTED_EDGE ( 'NONE', *, *, #1123, .T. ) ;
#3177 = SURFACE_SIDE_STYLE ('',( #1719 ) ) ;
#3178 = CARTESIAN_POINT ( 'NONE',  ( 1.142690712998739588, 2.999900000000000233, 1.501297592607079068 ) ) ;
#3179 = EDGE_LOOP ( 'NONE', ( #1832, #839, #3654, #1097 ) ) ;
#3180 = CARTESIAN_POINT ( 'NONE',  ( 2.015737587998739588, 3.000000000000000000, -0.1700029588635093569 ) ) ;
#3181 = ORIENTED_EDGE ( 'NONE', *, *, #1775, .T. ) ;
#3182 = PRODUCT_CONTEXT ( 'NONE', #4629, 'mechanical' ) ;
#3183 = VERTEX_POINT ( 'NONE', #4648 ) ;
#3184 = DIRECTION ( 'NONE',  ( 0.6128916609699309737, 0.000000000000000000, -0.7901669519244139961 ) ) ;
#3185 = CARTESIAN_POINT ( 'NONE',  ( 0.7799370715039031232, 3.000000000000000000, -0.02874015748031673659 ) ) ;
#3186 = CARTESIAN_POINT ( 'NONE',  ( -2.943241815541270956, 3.000000000000000000, 2.819567424523459209 ) ) ;
#3187 = FILL_AREA_STYLE_COLOUR ( '', #922 ) ;
#3188 = CARTESIAN_POINT ( 'NONE',  ( 1.200042968348131067, 2.999899999999999789, -0.8744894223549298795 ) ) ;
#3189 = CARTESIAN_POINT ( 'NONE',  ( 1.154027076143226971, 2.999999999999999556, -1.071967582049080159 ) ) ;
#3190 =( NAMED_UNIT ( * ) SI_UNIT ( $, .STERADIAN. ) SOLID_ANGLE_UNIT ( ) );
#3191 = CARTESIAN_POINT ( 'NONE',  ( 2.624191191930992595, 2.999900000000001565, 0.7194328075581447601 ) ) ;
#3192 = FILL_AREA_STYLE_COLOUR ( '', #3153 ) ;
#3193 = ADVANCED_FACE ( 'NONE', ( #2105 ), #253, .T. ) ;
#3194 = B_SPLINE_SURFACE_WITH_KNOTS ( 'NONE', 3, 1, ( 
 ( #4299, #1751 ),
 ( #4361, #2177 ),
 ( #2805, #3637 ),
 ( #4318, #3167 ) ),
 .UNSPECIFIED., .F., .F., .F.,
 ( 4, 4 ),
 ( 2, 2 ),
 ( 0.3636363636363636465, 0.4545454545454545858 ),
 ( 0.000000000000000000, 1.000000000000000000 ),
 .UNSPECIFIED. ) ;
#3195 = LINE ( 'NONE', #1691, #4252 ) ;
#3196 = CARTESIAN_POINT ( 'NONE',  ( 2.644999999999999130, -0.1000000000000000056, -2.500000000000000444 ) ) ;
#3197 = FILL_AREA_STYLE ('',( #1736 ) ) ;
#3198 = FACE_OUTER_BOUND ( 'NONE', #1914, .T. ) ;
#3199 =( GEOMETRIC_REPRESENTATION_CONTEXT ( 3 ) GLOBAL_UNCERTAINTY_ASSIGNED_CONTEXT ( ( #4167 ) ) GLOBAL_UNIT_ASSIGNED_CONTEXT ( ( #3331, #3685, #3736 ) ) REPRESENTATION_CONTEXT ( 'NONE', 'WORKASPACE' ) );
#3200 = CARTESIAN_POINT ( 'NONE',  ( 1.213298624243933643, 3.000000000000000000, 1.589088432830282116 ) ) ;
#3201 = EDGE_CURVE ( 'NONE', #1019, #4165, #2257, .T. ) ;
#3202 = CARTESIAN_POINT ( 'NONE',  ( 2.642566788542308309, 2.999899999999999345, 0.5761497803583132127 ) ) ;
#3203 = ORIENTED_EDGE ( 'NONE', *, *, #2650, .T. ) ;
#3204 = ORIENTED_EDGE ( 'NONE', *, *, #3636, .F. ) ;
#3205 = DIRECTION ( 'NONE',  ( -0.000000000000000000, -0.000000000000000000, 1.000000000000000000 ) ) ;
#3206 = SURFACE_STYLE_FILL_AREA ( #4632 ) ;
#3207 = CARTESIAN_POINT ( 'NONE',  ( 2.629826558503599809, 2.999899999999999345, -0.8543567779088838687 ) ) ;
#3208 = COLOUR_RGB ( '',1.000000000000000000, 1.000000000000000000, 1.000000000000000000 ) ;
#3209 = DIRECTION ( 'NONE',  ( -0.000000000000000000, 1.000000000000000000, -0.000000000000000000 ) ) ;
#3210 = FACE_OUTER_BOUND ( 'NONE', #4291, .T. ) ;
#3211 = UNCERTAINTY_MEASURE_WITH_UNIT (LENGTH_MEASURE( 1.000000000000000082E-05 ), #619, 'distance_accuracy_value', 'NONE');
#3212 = PLANE ( 'NONE',  #2663 ) ;
#3213 = CARTESIAN_POINT ( 'NONE',  ( 2.640243940541739498, 3.000000000000000444, 0.3474100946828813652 ) ) ;
#3214 = CARTESIAN_POINT ( 'NONE',  ( 1.142774914274140352, 2.999900000000000233, 0.2364644427986457020 ) ) ;
#3215 = CARTESIAN_POINT ( 'NONE',  ( -1.911310959992163383, 3.000000000000000000, -0.7001102362204623120 ) ) ;
#3216 = PLANE ( 'NONE',  #3660 ) ;
#3217 = CARTESIAN_POINT ( 'NONE',  ( 2.635047234864875687, 3.000000000000001332, -0.5356193963078226261 ) ) ;
#3218 = DIRECTION ( 'NONE',  ( -0.8599778663242775290, 0.000000000000000000, 0.5103313329909725526 ) ) ;
#3219 = SURFACE_STYLE_FILL_AREA ( #1762 ) ;
#3220 = ORIENTED_EDGE ( 'NONE', *, *, #1152, .F. ) ;
#3221 = FILL_AREA_STYLE_COLOUR ( '', #4634 ) ;
#3222 = EDGE_LOOP ( 'NONE', ( #3884, #1489, #964, #2586 ) ) ;
#3223 = STYLED_ITEM ( 'NONE', ( #2583 ), #3635 ) ;
#3224 = DIRECTION ( 'NONE',  ( -0.000000000000000000, 1.000000000000000000, -0.000000000000000000 ) ) ;
#3225 = EDGE_CURVE ( 'NONE', #2452, #2961, #601, .T. ) ;
#3226 = B_SPLINE_SURFACE_WITH_KNOTS ( 'NONE', 3, 1, ( 
 ( #55, #11 ),
 ( #4399, #3598 ),
 ( #4043, #1457 ),
 ( #2214, #4023 ) ),
 .UNSPECIFIED., .F., .F., .F.,
 ( 4, 4 ),
 ( 2, 2 ),
 ( 0.5454545454545455252, 0.6363636363636364646 ),
 ( 0.000000000000000000, 1.000000000000000000 ),
 .UNSPECIFIED. ) ;
#3227 =( NAMED_UNIT ( * ) PLANE_ANGLE_UNIT ( ) SI_UNIT ( $, .RADIAN. ) );
#3228 = DIRECTION ( 'NONE',  ( -0.000000000000000000, 1.000000000000000000, 0.000000000000000000 ) ) ;
#3229 = CARTESIAN_POINT ( 'NONE',  ( -2.943241815541270956, 3.000000000000000000, 2.819567424523459209 ) ) ;
#3230 = VECTOR ( 'NONE', #4166, 1000.000000000000000 ) ;
#3231 = VECTOR ( 'NONE', #656, 1000.000000000000000 ) ;
#3232 = CARTESIAN_POINT ( 'NONE',  ( 2.584843896998424650, 3.000000000000000444, 0.3798333286028665601 ) ) ;
#3233 =( NAMED_UNIT ( * ) SI_UNIT ( $, .STERADIAN. ) SOLID_ANGLE_UNIT ( ) );
#3234 = CARTESIAN_POINT ( 'NONE',  ( 1.149120405164141490, 2.999900000000001121, 0.1751744068123526343 ) ) ;
#3235 = CARTESIAN_POINT ( 'NONE',  ( 1.175344842613581742, 3.000000000000000000, 0.1449430713849993169 ) ) ;
#3236 = SURFACE_SIDE_STYLE ('',( #400 ) ) ;
#3237 = CARTESIAN_POINT ( 'NONE',  ( 1.148772520324219615, 3.000000000000000888, -0.6911083878248586165 ) ) ;
#3238 = LINE ( 'NONE', #4717, #596 ) ;
#3239 =( NAMED_UNIT ( * ) PLANE_ANGLE_UNIT ( ) SI_UNIT ( $, .RADIAN. ) );
#3240 =( NAMED_UNIT ( * ) PLANE_ANGLE_UNIT ( ) SI_UNIT ( $, .RADIAN. ) );
#3241 = FILL_AREA_STYLE ('',( #1783 ) ) ;
#3242 = STYLED_ITEM ( 'NONE', ( #1375 ), #4105 ) ;
#3243 = ORIENTED_EDGE ( 'NONE', *, *, #3807, .T. ) ;
#3244 = APPLICATION_PROTOCOL_DEFINITION ( 'draft international standard', 'automotive_design', 1998, #2651 ) ;
#3245 = CARTESIAN_POINT ( 'NONE',  ( 2.584843896998424650, 3.000000000000000444, 0.3798333286028665601 ) ) ;
#3246 = FACE_OUTER_BOUND ( 'NONE', #4698, .T. ) ;
#3247 =( GEOMETRIC_REPRESENTATION_CONTEXT ( 3 ) GLOBAL_UNCERTAINTY_ASSIGNED_CONTEXT ( ( #383 ) ) GLOBAL_UNIT_ASSIGNED_CONTEXT ( ( #1768, #3634, #4383 ) ) REPRESENTATION_CONTEXT ( 'NONE', 'WORKASPACE' ) );
#3248 =( NAMED_UNIT ( * ) SI_UNIT ( $, .STERADIAN. ) SOLID_ANGLE_UNIT ( ) );
#3249 =( LENGTH_UNIT ( ) NAMED_UNIT ( * ) SI_UNIT ( .MILLI., .METRE. ) );
#3250 = SURFACE_SIDE_STYLE ('',( #4337 ) ) ;
#3251 = EDGE_CURVE ( 'NONE', #553, #995, #3136, .T. ) ;
#3252 = FILL_AREA_STYLE_COLOUR ( '', #3147 ) ;
#3253 = FILL_AREA_STYLE_COLOUR ( '', #277 ) ;
#3254 = DIRECTION ( 'NONE',  ( 0.000000000000000000, -0.000000000000000000, 1.000000000000000000 ) ) ;
#3255 = CARTESIAN_POINT ( 'NONE',  ( -2.644999999999999130, -0.1000000000000000056, 2.500000000000000000 ) ) ;
#3256 = ORIENTED_EDGE ( 'NONE', *, *, #3501, .T. ) ;
#3257 = PRESENTATION_STYLE_ASSIGNMENT (( #756 ) ) ;
#3258 = SURFACE_STYLE_FILL_AREA ( #30 ) ;
#3259 = CARTESIAN_POINT ( 'NONE',  ( -1.608094424559088464, 3.000000000000000000, -0.3819212598425155147 ) ) ;
#3260 = EDGE_CURVE ( 'NONE', #2308, #3831, #1643, .T. ) ;
#3261 = B_SPLINE_SURFACE_WITH_KNOTS ( 'NONE', 3, 1, ( 
 ( #2807, #4274 ),
 ( #3822, #2728 ),
 ( #906, #1688 ),
 ( #615, #539 ),
 ( #590, #219 ),
 ( #292, #1666 ),
 ( #564, #4225 ),
 ( #2750, #2419 ),
 ( #4590, #1310 ),
 ( #3546, #3449 ),
 ( #1003, #953 ) ),
 .UNSPECIFIED., .F., .F., .F.,
 ( 4, 1, 1, 1, 1, 1, 1, 1, 4 ),
 ( 2, 2 ),
 ( 0.000000000000000000, 0.1506145446497700602, 0.2596734740599796476, 0.3388177727155970431, 0.4102835628096077603, 0.5019338459622255666, 0.6260648387140322901, 0.7889788725463123820, 0.9999999999999998890 ),
 ( 0.000000000000000000, 1.000000000000000000 ),
 .UNSPECIFIED. ) ;
#3262 = CARTESIAN_POINT ( 'NONE',  ( 2.015737587998739588, 2.999900000000000233, 1.065291158783549630 ) ) ;
#3263 = PRESENTATION_STYLE_ASSIGNMENT (( #2542 ) ) ;
#3264 = SURFACE_STYLE_USAGE ( .BOTH. , #719 ) ;
#3265 = MECHANICAL_DESIGN_GEOMETRIC_PRESENTATION_REPRESENTATION (  '', ( #3570 ), #456 ) ;
#3266 = ORIENTED_EDGE ( 'NONE', *, *, #1496, .T. ) ;
#3267 = CARTESIAN_POINT ( 'NONE',  ( -1.394999999999999352, -0.1000000000000000056, 2.500000000000000000 ) ) ;
#3268 = CARTESIAN_POINT ( 'NONE',  ( 1.175344842613581742, 2.999900000000000233, -1.090351046262059587 ) ) ;
#3269 = CARTESIAN_POINT ( 'NONE',  ( 2.636813255159033975, 3.000000000000000000, 0.5267886985446531556 ) ) ;
#3270 = ORIENTED_EDGE ( 'NONE', *, *, #233, .T. ) ;
#3271 = FILL_AREA_STYLE_COLOUR ( '', #1121 ) ;
#3272 = B_SPLINE_CURVE_WITH_KNOTS ( 'NONE', 3,
 ( #3586, #4273, #1363, #2438, #3919, #638, #2091, #1515, #2201, #2649, #3305 ),
 .UNSPECIFIED., .F., .F.,
 ( 4, 1, 1, 1, 1, 1, 1, 1, 4 ),
 ( 0.000000000000000000, 0.1506145446497700602, 0.2596734740599796476, 0.3388177727155970431, 0.4102835628096077603, 0.5019338459622255666, 0.6260648387140322901, 0.7889788725463123820, 0.9999999999999998890 ),
 .UNSPECIFIED. ) ;
#3273 = SURFACE_STYLE_USAGE ( .BOTH. , #345 ) ;
#3274 = CARTESIAN_POINT ( 'NONE',  ( 1.143951580070069030, 2.999900000000001565, 0.2108991456630259498 ) ) ;
#3275 = DIRECTION ( 'NONE',  ( 0.8604455470465084410, 0.000000000000000000, -0.5095424031107078644 ) ) ;
#3276 =( GEOMETRIC_REPRESENTATION_CONTEXT ( 3 ) GLOBAL_UNCERTAINTY_ASSIGNED_CONTEXT ( ( #3981 ) ) GLOBAL_UNIT_ASSIGNED_CONTEXT ( ( #3962, #1071, #1555 ) ) REPRESENTATION_CONTEXT ( 'NONE', 'WORKASPACE' ) );
#3277 = STYLED_ITEM ( 'NONE', ( #2414 ), #2274 ) ;
#3278 = STYLED_ITEM ( 'NONE', ( #2153 ), #609 ) ;
#3279 = CARTESIAN_POINT ( 'NONE',  ( -0.8947361568425546974, 2.999900000000000233, -0.3477952755905496796 ) ) ;
#3280 = VERTEX_POINT ( 'NONE', #2405 ) ;
#3281 =( NAMED_UNIT ( * ) PLANE_ANGLE_UNIT ( ) SI_UNIT ( $, .RADIAN. ) );
#3282 = CARTESIAN_POINT ( 'NONE',  ( 2.635606768424067603, 2.999899999999998901, 1.436603339640501797 ) ) ;
#3283 = CARTESIAN_POINT ( 'NONE',  ( -1.702027495425233905, 3.000000000000000000, -0.8668464566929088289 ) ) ;
#3284 = EDGE_CURVE ( 'NONE', #2322, #3183, #1037, .T. ) ;
#3285 = CARTESIAN_POINT ( 'NONE',  ( 2.642682354305278203, 3.000000000000000000, -0.9564263157231580603 ) ) ;
#3286 = ADVANCED_FACE ( 'NONE', ( #4601 ), #1326, .T. ) ;
#3287 =( GEOMETRIC_REPRESENTATION_CONTEXT ( 3 ) GLOBAL_UNCERTAINTY_ASSIGNED_CONTEXT ( ( #25 ) ) GLOBAL_UNIT_ASSIGNED_CONTEXT ( ( #338, #3240, #718 ) ) REPRESENTATION_CONTEXT ( 'NONE', 'WORKASPACE' ) );
#3288 = CARTESIAN_POINT ( 'NONE',  ( 1.154974464376837373, 3.000000000000000000, -0.7057670336135434264 ) ) ;
#3289 =( GEOMETRIC_REPRESENTATION_CONTEXT ( 3 ) GLOBAL_UNCERTAINTY_ASSIGNED_CONTEXT ( ( #1682 ) ) GLOBAL_UNIT_ASSIGNED_CONTEXT ( ( #4545, #3802, #595 ) ) REPRESENTATION_CONTEXT ( 'NONE', 'WORKASPACE' ) );
#3290 = LINE ( 'NONE', #3647, #1833 ) ;
#3291 = EDGE_CURVE ( 'NONE', #1906, #380, #741, .T. ) ;
#3292 = AXIS2_PLACEMENT_3D ( 'NONE', #1163, #830, #4075 ) ;
#3293 = CARTESIAN_POINT ( 'NONE',  ( 2.642636186262781628, 3.000000000000000888, 1.536114780270610991 ) ) ;
#3294 = CARTESIAN_POINT ( 'NONE',  ( 2.610351767915529031, 2.999900000000000677, -0.5066395791305088325 ) ) ;
#3295 = ORIENTED_EDGE ( 'NONE', *, *, #4492, .T. ) ;
#3296 =( LENGTH_UNIT ( ) NAMED_UNIT ( * ) SI_UNIT ( .MILLI., .METRE. ) );
#3297 = CARTESIAN_POINT ( 'NONE',  ( 1.142720842757629418, 2.999900000000000677, -0.9798606003582994717 ) ) ;
#3298 = CARTESIAN_POINT ( 'NONE',  ( -2.943241815541270956, 2.999900000000000233, -2.819567424523458321 ) ) ;
#3299 = ADVANCED_FACE ( 'NONE', ( #2931 ), #3226, .F. ) ;
#3300 = EDGE_LOOP ( 'NONE', ( #4402, #121, #3907, #1984 ) ) ;
#3301 = SURFACE_STYLE_USAGE ( .BOTH. , #344 ) ;
#3302 = COLOUR_RGB ( '',1.000000000000000000, 1.000000000000000000, 1.000000000000000000 ) ;
#3303 =( NAMED_UNIT ( * ) SI_UNIT ( $, .STERADIAN. ) SOLID_ANGLE_UNIT ( ) );
#3304 =( NAMED_UNIT ( * ) SI_UNIT ( $, .STERADIAN. ) SOLID_ANGLE_UNIT ( ) );
#3305 = CARTESIAN_POINT ( 'NONE',  ( 2.642690712998740032, 2.999900000000000677, -1.861294319157627442 ) ) ;
#3306 = VERTEX_POINT ( 'NONE', #1504 ) ;
#3307 = CARTESIAN_POINT ( 'NONE',  ( 2.607189793881092843, 3.000000000000000444, 1.403756232312961538 ) ) ;
#3308 = CARTESIAN_POINT ( 'NONE',  ( 2.607189793881092399, 2.999900000000000233, -0.5050213412164505922 ) ) ;
#3309 = UNCERTAINTY_MEASURE_WITH_UNIT (LENGTH_MEASURE( 1.000000000000000082E-05 ), #1047, 'distance_accuracy_value', 'NONE');
#3310 =( GEOMETRIC_REPRESENTATION_CONTEXT ( 3 ) GLOBAL_UNCERTAINTY_ASSIGNED_CONTEXT ( ( #2721 ) ) GLOBAL_UNIT_ASSIGNED_CONTEXT ( ( #4187, #1601, #1938 ) ) REPRESENTATION_CONTEXT ( 'NONE', 'WORKASPACE' ) );
#3311 = ADVANCED_FACE ( 'NONE', ( #3648 ), #4350, .T. ) ;
#3312 = CARTESIAN_POINT ( 'NONE',  ( 2.624753711275633172, 2.999899999999998457, -1.054265172619019975 ) ) ;
#3313 = CARTESIAN_POINT ( 'NONE',  ( 1.142690712998739588, 3.000000000000000000, -0.6146261206282154221 ) ) ;
#3314 = CARTESIAN_POINT ( 'NONE',  ( 2.602780714937743323, 2.999899999999999789, -0.7316181716930250101 ) ) ;
#3315 = B_SPLINE_SURFACE_WITH_KNOTS ( 'NONE', 3, 1, ( 
 ( #4684, #2150 ),
 ( #2528, #23 ),
 ( #753, #780 ),
 ( #3609, #1164 ) ),
 .UNSPECIFIED., .F., .F., .F.,
 ( 4, 4 ),
 ( 2, 2 ),
 ( 0.09090909090909091161, 0.1818181818181818232 ),
 ( 0.000000000000000000, 1.000000000000000000 ),
 .UNSPECIFIED. ) ;
#3316 = CARTESIAN_POINT ( 'NONE',  ( 2.618218846677510037, 3.000000000000000000, -0.7323642708057511719 ) ) ;
#3317 = CARTESIAN_POINT ( 'NONE',  ( 1.178191632116386556, 3.000000000000000444, -0.5015746500399800301 ) ) ;
#3318 = COLOUR_RGB ( '',1.000000000000000000, 1.000000000000000000, 1.000000000000000000 ) ;
#3319 = CARTESIAN_POINT ( 'NONE',  ( 2.635047234864875687, 2.999900000000001121, -0.5356193963078226261 ) ) ;
#3320 = ORIENTED_EDGE ( 'NONE', *, *, #4713, .F. ) ;
#3321 = SURFACE_STYLE_USAGE ( .BOTH. , #1315 ) ;
#3322 = STYLED_ITEM ( 'NONE', ( #13 ), #2738 ) ;
#3323 = STYLED_ITEM ( 'NONE', ( #182 ), #4133 ) ;
#3324 = CARTESIAN_POINT ( 'NONE',  ( 2.644999999999999130, -0.1000000000000000056, 2.500000000000000444 ) ) ;
#3325 = CARTESIAN_POINT ( 'NONE',  ( 2.642646007643794981, 3.000000000000000000, 0.5973372741872973180 ) ) ;
#3326 = ORIENTED_EDGE ( 'NONE', *, *, #584, .T. ) ;
#3327 =( NAMED_UNIT ( * ) SI_UNIT ( $, .STERADIAN. ) SOLID_ANGLE_UNIT ( ) );
#3328 = CARTESIAN_POINT ( 'NONE',  ( 0.000000000000000000, 2.999900000000000233, 0.000000000000000000 ) ) ;
#3329 =( GEOMETRIC_REPRESENTATION_CONTEXT ( 3 ) GLOBAL_UNCERTAINTY_ASSIGNED_CONTEXT ( ( #453 ) ) GLOBAL_UNIT_ASSIGNED_CONTEXT ( ( #1398, #3491, #1709 ) ) REPRESENTATION_CONTEXT ( 'NONE', 'WORKASPACE' ) );
#3330 = CARTESIAN_POINT ( 'NONE',  ( 2.607189793881092399, 2.999900000000000233, 0.1684621146659023849 ) ) ;
#3331 =( LENGTH_UNIT ( ) NAMED_UNIT ( * ) SI_UNIT ( .MILLI., .METRE. ) );
#3332 = STYLED_ITEM ( 'NONE', ( #4428 ), #2432 ) ;
#3333 = FACE_OUTER_BOUND ( 'NONE', #371, .T. ) ;
#3334 = ORIENTED_EDGE ( 'NONE', *, *, #4374, .T. ) ;
#3335 = FACE_OUTER_BOUND ( 'NONE', #3860, .T. ) ;
#3336 = FACE_OUTER_BOUND ( 'NONE', #2725, .T. ) ;
#3337 = CARTESIAN_POINT ( 'NONE',  ( 1.200042968348131511, 2.999900000000000677, 1.596098812939187983 ) ) ;
#3338 = PRESENTATION_STYLE_ASSIGNMENT (( #1877 ) ) ;
#3339 = MECHANICAL_DESIGN_GEOMETRIC_PRESENTATION_REPRESENTATION (  '', ( #672 ), #2265 ) ;
#3340 = EDGE_CURVE ( 'NONE', #943, #1549, #4156, .T. ) ;
#3341 = CARTESIAN_POINT ( 'NONE',  ( 1.142690712998739588, 3.000000000000000000, 0.2660034749600200255 ) ) ;
#3342 = ORIENTED_EDGE ( 'NONE', *, *, #3291, .T. ) ;
#3343 = FACE_OUTER_BOUND ( 'NONE', #3412, .T. ) ;
#3344 = CARTESIAN_POINT ( 'NONE',  ( 1.175322422394289079, 3.000000000000000444, -0.5035271435553383412 ) ) ;
#3345 = PRESENTATION_STYLE_ASSIGNMENT (( #1884 ) ) ;
#3346 = CARTESIAN_POINT ( 'NONE',  ( 1.143951580070068585, 2.999900000000000677, 1.446193263310085131 ) ) ;
#3347 = VERTEX_POINT ( 'NONE', #2283 ) ;
#3348 = CARTESIAN_POINT ( 'NONE',  ( 1.142722440240110604, 2.999900000000000677, -1.839812128119887813 ) ) ;
#3349 = UNCERTAINTY_MEASURE_WITH_UNIT (LENGTH_MEASURE( 1.000000000000000082E-05 ), #1393, 'distance_accuracy_value', 'NONE');
#3350 = LINE ( 'NONE', #3938, #1454 ) ;
#3351 = ORIENTED_EDGE ( 'NONE', *, *, #3402, .T. ) ;
#3352 = CARTESIAN_POINT ( 'NONE',  ( 2.640243940541739054, 3.000000000000000444, -0.8878840229641778992 ) ) ;
#3353 = COLOUR_RGB ( '',1.000000000000000000, 1.000000000000000000, 1.000000000000000000 ) ;
#3354 = EDGE_CURVE ( 'NONE', #3527, #1718, #1862, .T. ) ;
#3355 =( LENGTH_UNIT ( ) NAMED_UNIT ( * ) SI_UNIT ( .MILLI., .METRE. ) );
#3356 = ORIENTED_EDGE ( 'NONE', *, *, #4430, .T. ) ;
#3357 = LINE ( 'NONE', #3714, #2797 ) ;
#3358 = CARTESIAN_POINT ( 'NONE',  ( 2.564450823292857340, 2.999900000000000233, -0.8669239147458623895 ) ) ;
#3359 = CARTESIAN_POINT ( 'NONE',  ( 1.149120405164141268, 3.000000000000000000, -1.060119710834706241 ) ) ;
#3360 = B_SPLINE_SURFACE_WITH_KNOTS ( 'NONE', 3, 1, ( 
 ( #1670, #4640 ),
 ( #3921, #2399 ),
 ( #3214, #2810 ),
 ( #2833, #2466 ),
 ( #1755, #4277 ),
 ( #3234, #4710 ),
 ( #1053, #4666 ),
 ( #3873, #2096 ),
 ( #3942, #4230 ),
 ( #4303, #667 ),
 ( #2754, #3568 ) ),
 .UNSPECIFIED., .F., .F., .F.,
 ( 4, 1, 1, 1, 1, 1, 1, 1, 4 ),
 ( 2, 2 ),
 ( 0.000000000000000000, 0.2339648385054098612, 0.4198783559695589140, 0.5659151998979449205, 0.6801214999993744348, 0.7723010949812569859, 0.8443163158709258154, 0.9185860088431486714, 1.000000000000000000 ),
 ( 0.000000000000000000, 1.000000000000000000 ),
 .UNSPECIFIED. ) ;
#3361 =( NAMED_UNIT ( * ) PLANE_ANGLE_UNIT ( ) SI_UNIT ( $, .RADIAN. ) );
#3362 = EDGE_CURVE ( 'NONE', #2010, #2389, #556, .T. ) ;
#3363 = ORIENTED_EDGE ( 'NONE', *, *, #2020, .F. ) ;
#3364 = CARTESIAN_POINT ( 'NONE',  ( 1.144617761972858805, 2.999999999999999556, -1.906695153511921870 ) ) ;
#3365 = LINE ( 'NONE', #4081, #2943 ) ;
#3366 = VECTOR ( 'NONE', #3444, 1000.000000000000000 ) ;
#3367 = SURFACE_SIDE_STYLE ('',( #4439 ) ) ;
#3368 = PRODUCT_DEFINITION ( 'UNKNOWN', '', #2393, #3643 ) ;
#3369 = CARTESIAN_POINT ( 'NONE',  ( 2.636813255159033975, 3.000000000000000000, -0.7085054191024058312 ) ) ;
#3370 = ORIENTED_EDGE ( 'NONE', *, *, #1474, .F. ) ;
#3371 = CARTESIAN_POINT ( 'NONE',  ( 1.394999999999999796, 0.000000000000000000, -2.500000000000000444 ) ) ;
#3372 = STYLED_ITEM ( 'NONE', ( #3345 ), #3311 ) ;
#3373 = CARTESIAN_POINT ( 'NONE',  ( 2.642690712998740032, 3.000000000000000444, 1.524735092607079290 ) ) ;
#3374 = ORIENTED_EDGE ( 'NONE', *, *, #2723, .T. ) ;
#3375 = VECTOR ( 'NONE', #4506, 1000.000000000000000 ) ;
#3376 = PLANE ( 'NONE',  #4004 ) ;
#3377 = CARTESIAN_POINT ( 'NONE',  ( -1.974192849755940671, 2.999900000000000233, -0.4815314960629848984 ) ) ;
#3378 = ORIENTED_EDGE ( 'NONE', *, *, #3540, .F. ) ;
#3379 = CARTESIAN_POINT ( 'NONE',  ( 1.213298624243933199, 2.999899999999999789, 0.3537943151832227962 ) ) ;
#3380 = FACE_OUTER_BOUND ( 'NONE', #2641, .T. ) ;
#3381 = PRESENTATION_STYLE_ASSIGNMENT (( #3735 ) ) ;
#3382 = SURFACE_STYLE_USAGE ( .BOTH. , #464 ) ;
#3383 = CARTESIAN_POINT ( 'NONE',  ( 1.394999999999999796, -0.1000000000000000056, 2.500000000000000444 ) ) ;
#3384 = ORIENTED_EDGE ( 'NONE', *, *, #3001, .F. ) ;
#3385 = CARTESIAN_POINT ( 'NONE',  ( 1.181887395167976917, 2.999899999999999345, -1.949014349443141114 ) ) ;
#3386 = CARTESIAN_POINT ( 'NONE',  ( 2.639169935549310786, 2.999900000000000233, 1.451371765112962287 ) ) ;
#3387 = PRESENTATION_STYLE_ASSIGNMENT (( #4440 ) ) ;
#3388 = CARTESIAN_POINT ( 'NONE',  ( 1.142778724780127986, 2.999899999999999789, 0.6487080264322963030 ) ) ;
#3389 = ORIENTED_EDGE ( 'NONE', *, *, #1539, .F. ) ;
#3390 =( NAMED_UNIT ( * ) SI_UNIT ( $, .STERADIAN. ) SOLID_ANGLE_UNIT ( ) );
#3391 = CARTESIAN_POINT ( 'NONE',  ( -0.1988070229842903158, 3.000000000000000000, -1.102125984251967505 ) ) ;
#3392 = ORIENTED_EDGE ( 'NONE', *, *, #2244, .T. ) ;
#3393 = CARTESIAN_POINT ( 'NONE',  ( 1.143068033057007771, 3.000000000000000000, 0.5902078922491580393 ) ) ;
#3394 = CARTESIAN_POINT ( 'NONE',  ( 1.181887395167976917, 2.999999999999999556, 0.5215738858509758602 ) ) ;
#3395 = CARTESIAN_POINT ( 'NONE',  ( 2.642690712998740032, 2.999900000000000677, -1.861294319157627442 ) ) ;
#3396 = VERTEX_POINT ( 'NONE', #3750 ) ;
#3397 = CARTESIAN_POINT ( 'NONE',  ( 2.642673057520803503, 2.999999999999999556, 0.6397636803903865577 ) ) ;
#3398 = DIRECTION ( 'NONE',  ( -0.000000000000000000, 1.000000000000000000, -0.000000000000000000 ) ) ;
#3399 = FILL_AREA_STYLE ('',( #1584 ) ) ;
#3400 =( GEOMETRIC_REPRESENTATION_CONTEXT ( 3 ) GLOBAL_UNCERTAINTY_ASSIGNED_CONTEXT ( ( #580 ) ) GLOBAL_UNIT_ASSIGNED_CONTEXT ( ( #921, #557, #3486 ) ) REPRESENTATION_CONTEXT ( 'NONE', 'WORKASPACE' ) );
#3401 = CARTESIAN_POINT ( 'NONE',  ( 2.642690712998740032, 3.000000000000000444, -1.861294319157627442 ) ) ;
#3402 = EDGE_CURVE ( 'NONE', #1115, #84, #3778, .T. ) ;
#3403 = CARTESIAN_POINT ( 'NONE',  ( -0.8321574166850701504, 3.000000000000000000, 0.6509448818897678457 ) ) ;
#3404 = COLOUR_RGB ( '',1.000000000000000000, 1.000000000000000000, 1.000000000000000000 ) ;
#3405 = ORIENTED_EDGE ( 'NONE', *, *, #4300, .T. ) ;
#3406 = CARTESIAN_POINT ( 'NONE',  ( 2.564450823292857340, 2.999900000000000233, 1.603664320548255473 ) ) ;
#3407 = CARTESIAN_POINT ( 'NONE',  ( 2.640139079277641354, 2.999900000000001121, -0.6872634109033418648 ) ) ;
#3408 =( NAMED_UNIT ( * ) PLANE_ANGLE_UNIT ( ) SI_UNIT ( $, .RADIAN. ) );
#3409 = CARTESIAN_POINT ( 'NONE',  ( 1.166537727726019158, 3.000000000000000444, 1.605130029749845644 ) ) ;
#3410 = CARTESIAN_POINT ( 'NONE',  ( 1.169738862666132251, 2.999899999999999789, 0.7279673688980394797 ) ) ;
#3411 = ORIENTED_EDGE ( 'NONE', *, *, #1900, .F. ) ;
#3412 = EDGE_LOOP ( 'NONE', ( #2997, #4130, #3879, #4237 ) ) ;
#3413 = PRESENTATION_STYLE_ASSIGNMENT (( #2668 ) ) ;
#3414 = CARTESIAN_POINT ( 'NONE',  ( 1.144617761972859249, 3.000000000000000000, 0.5638930817821957708 ) ) ;
#3415 =( NAMED_UNIT ( * ) SI_UNIT ( $, .STERADIAN. ) SOLID_ANGLE_UNIT ( ) );
#3416 = ORIENTED_EDGE ( 'NONE', *, *, #4495, .T. ) ;
#3417 = CARTESIAN_POINT ( 'NONE',  ( 1.154045461959793961, 2.999900000000000233, 0.3628258946615842695 ) ) ;
#3418 = DIRECTION ( 'NONE',  ( -0.8571493051170773203, 0.000000000000000000, -0.5150680234078907072 ) ) ;
#3419 = CARTESIAN_POINT ( 'NONE',  ( -1.447834582039406515, 3.000000000000000000, -0.9164999999999924318 ) ) ;
#3420 = LINE ( 'NONE', #2320, #3584 ) ;
#3421 = ORIENTED_EDGE ( 'NONE', *, *, #1325, .T. ) ;
#3422 = CARTESIAN_POINT ( 'NONE',  ( 1.200201249945042958, 3.000000000000000000, -1.942981210129772762 ) ) ;
#3423 = CARTESIAN_POINT ( 'NONE',  ( 2.635606768424067603, 2.999999999999998668, 1.436603339640501797 ) ) ;
#3424 = CARTESIAN_POINT ( 'NONE',  ( 1.142930022522763878, 2.999900000000000233, 1.513348390898309415 ) ) ;
#3425 = LINE ( 'NONE', #3824, #875 ) ;
#3426 = EDGE_CURVE ( 'NONE', #2497, #3132, #2263, .T. ) ;
#3427 = DIRECTION ( 'NONE',  ( -0.8571493051170774313, 0.000000000000000000, -0.5150680234078904851 ) ) ;
#3428 = CARTESIAN_POINT ( 'NONE',  ( 1.143793079353702780, 3.000000000000000444, 0.3276079968011174626 ) ) ;
#3429 = ADVANCED_FACE ( 'NONE', ( #4185 ), #4692, .T. ) ;
#3430 = ORIENTED_EDGE ( 'NONE', *, *, #1595, .T. ) ;
#3431 = COLOUR_RGB ( '',1.000000000000000000, 1.000000000000000000, 1.000000000000000000 ) ;
#3432 =( LENGTH_UNIT ( ) NAMED_UNIT ( * ) SI_UNIT ( .MILLI., .METRE. ) );
#3433 = ORIENTED_EDGE ( 'NONE', *, *, #4520, .T. ) ;
#3434 = VECTOR ( 'NONE', #317, 1000.000000000000000 ) ;
#3435 = EDGE_CURVE ( 'NONE', #2474, #1906, #1758, .T. ) ;
#3436 = CARTESIAN_POINT ( 'NONE',  ( 1.142825864974269079, 2.999900000000000233, 0.6097575159981364346 ) ) ;
#3437 = ORIENTED_EDGE ( 'NONE', *, *, #1850, .F. ) ;
#3438 = CARTESIAN_POINT ( 'NONE',  ( 1.166537727726019158, 2.999900000000000677, 1.605130029749845644 ) ) ;
#3439 =( NAMED_UNIT ( * ) SI_UNIT ( $, .STERADIAN. ) SOLID_ANGLE_UNIT ( ) );
#3440 = CARTESIAN_POINT ( 'NONE',  ( -2.644999999999999130, -0.1000000000000000056, -2.500000000000000000 ) ) ;
#3441 = EDGE_CURVE ( 'NONE', #380, #279, #1413, .T. ) ;
#3442 = CARTESIAN_POINT ( 'NONE',  ( -0.1988070229842903158, 2.999900000000000233, -1.102125984251967505 ) ) ;
#3443 = CARTESIAN_POINT ( 'NONE',  ( 2.610351767915529031, 2.999999999999999556, -1.741933696777567597 ) ) ;
#3444 = DIRECTION ( 'NONE',  ( 1.000000000000000000, -0.000000000000000000, -0.000000000000000000 ) ) ;
#3445 = ORIENTED_EDGE ( 'NONE', *, *, #2499, .F. ) ;
#3446 = CARTESIAN_POINT ( 'NONE',  ( 1.220930602704621837, 2.999899999999999789, -1.932296157392921154 ) ) ;
#3447 = CARTESIAN_POINT ( 'NONE',  ( 2.641316205600277023, 2.999899999999998901, 1.470570637816364545 ) ) ;
#3448 = CARTESIAN_POINT ( 'NONE',  ( -0.8321574166850701504, 3.000000000000000000, 0.6509448818897678457 ) ) ;
#3449 = CARTESIAN_POINT ( 'NONE',  ( 2.642646007643794537, 2.999999999999999112, -1.873250961106820212 ) ) ;
#3450 = CARTESIAN_POINT ( 'NONE',  ( 1.178191632116386556, 2.999900000000000233, 0.7337194676070789567 ) ) ;
#3451 = VECTOR ( 'NONE', #1452, 1000.000000000000000 ) ;
#3452 = CARTESIAN_POINT ( 'NONE',  ( 1.161416586822689556, 2.999899999999999789, -1.748260057134093604 ) ) ;
#3453 = SURFACE_STYLE_FILL_AREA ( #3472 ) ;
#3454 = CARTESIAN_POINT ( 'NONE',  ( 1.142722440240110604, 3.000000000000000888, -0.6045180104728291592 ) ) ;
#3455 = ORIENTED_EDGE ( 'NONE', *, *, #3013, .F. ) ;
#3456 = CARTESIAN_POINT ( 'NONE',  ( 2.642636186262781628, 2.999900000000000677, 1.536114780270610991 ) ) ;
#3457 = EDGE_LOOP ( 'NONE', ( #1934, #1508, #1940, #843 ) ) ;
#3458 = CARTESIAN_POINT ( 'NONE',  ( -0.8321574166850701504, 2.999900000000000233, 0.6509448818897678457 ) ) ;
#3459 = CARTESIAN_POINT ( 'NONE',  ( 2.607189793881092399, 3.000000000000000000, -0.5050213412164505922 ) ) ;
#3460 = ORIENTED_EDGE ( 'NONE', *, *, #3807, .F. ) ;
#3461 = CARTESIAN_POINT ( 'NONE',  ( 2.641323004694411392, 2.999900000000002009, 0.6654049053627252297 ) ) ;
#3462 = VERTEX_POINT ( 'NONE', #938 ) ;
#3463 = CARTESIAN_POINT ( 'NONE',  ( 2.610351767915529031, 3.000000000000000000, -1.741933696777567597 ) ) ;
#3464 = CARTESIAN_POINT ( 'NONE',  ( 2.564450823292857340, 3.000000000000000000, -0.8669239147458623895 ) ) ;
#3465 = CARTESIAN_POINT ( 'NONE',  ( 1.154045461959794405, 3.000000000000000000, -0.8724682229854747728 ) ) ;
#3466 = CARTESIAN_POINT ( 'NONE',  ( 1.146505634764222181, 2.999900000000000233, -1.044398651139731404 ) ) ;
#3467 = CARTESIAN_POINT ( 'NONE',  ( 1.881316632116386556, 3.000000000000000000, -0.04213071621645054360 ) ) ;
#3468 = DIRECTION ( 'NONE',  ( 0.8589240550050705192, 0.000000000000000000, 0.5121029854762093603 ) ) ;
#3469 = VECTOR ( 'NONE', #363, 1000.000000000000000 ) ;
#3470 = PRESENTATION_LAYER_ASSIGNMENT (  '', '', ( #665 ) ) ;
#3471 = CARTESIAN_POINT ( 'NONE',  ( 1.149025747743360082, 2.999900000000000233, -1.766056774136323115 ) ) ;
#3472 = FILL_AREA_STYLE ('',( #545 ) ) ;
#3473 = PLANE ( 'NONE',  #431 ) ;
#3474 = SURFACE_STYLE_USAGE ( .BOTH. , #1386 ) ;
#3475 = VERTEX_POINT ( 'NONE', #2401 ) ;
#3476 = COLOUR_RGB ( '',1.000000000000000000, 1.000000000000000000, 1.000000000000000000 ) ;
#3477 = CARTESIAN_POINT ( 'NONE',  ( 2.584843896998425095, 2.999900000000001121, 1.615127446249926102 ) ) ;
#3478 = ORIENTED_EDGE ( 'NONE', *, *, #1277, .F. ) ;
#3479 = STYLED_ITEM ( 'NONE', ( #3387 ), #401 ) ;
#3480 = SURFACE_STYLE_USAGE ( .BOTH. , #1676 ) ;
#3481 = EDGE_LOOP ( 'NONE', ( #3363, #4630, #3047, #1847 ) ) ;
#3482 = LINE ( 'NONE', #1412, #500 ) ;
#3483 = ORIENTED_EDGE ( 'NONE', *, *, #116, .T. ) ;
#3484 = DIRECTION ( 'NONE',  ( 0.7901669519244139961, 0.000000000000000000, 0.6128916609699309737 ) ) ;
#3485 = EDGE_CURVE ( 'NONE', #2954, #2058, #4597, .T. ) ;
#3486 =( NAMED_UNIT ( * ) SI_UNIT ( $, .STERADIAN. ) SOLID_ANGLE_UNIT ( ) );
#3487 = B_SPLINE_CURVE_WITH_KNOTS ( 'NONE', 3,
 ( #1881, #3035, #1854, #1550, #3316, #1195, #1501, #1218, #815, #1525, #2637 ),
 .UNSPECIFIED., .F., .F.,
 ( 4, 1, 1, 1, 1, 1, 1, 1, 4 ),
 ( 0.000000000000000000, 0.1506145446497699492, 0.2596734740599798696, 0.3388177727155972097, 0.4102835628096070941, 0.5019338459622260107, 0.6260648387140314020, 0.7889788725463112717, 1.000000000000000000 ),
 .UNSPECIFIED. ) ;
#3488 = CARTESIAN_POINT ( 'NONE',  ( 1.149025747743360526, 2.999900000000001121, -0.5307626564892643506 ) ) ;
#3489 = CARTESIAN_POINT ( 'NONE',  ( 1.149025747743360526, 3.000000000000000888, -0.5307626564892643506 ) ) ;
#3490 = CARTESIAN_POINT ( 'NONE',  ( 1.142690712998739588, 2.999900000000000233, 1.501297592607079068 ) ) ;
#3491 =( NAMED_UNIT ( * ) PLANE_ANGLE_UNIT ( ) SI_UNIT ( $, .RADIAN. ) );
#3492 = SURFACE_STYLE_FILL_AREA ( #1686 ) ;
#3493 = UNCERTAINTY_MEASURE_WITH_UNIT (LENGTH_MEASURE( 1.000000000000000082E-05 ), #722, 'distance_accuracy_value', 'NONE');
#3494 = EDGE_CURVE ( 'NONE', #2744, #1296, #3127, .T. ) ;
#3495 = COLOUR_RGB ( '',1.000000000000000000, 1.000000000000000000, 1.000000000000000000 ) ;
#3496 = PRESENTATION_STYLE_ASSIGNMENT (( #2050 ) ) ;
#3497 = FILL_AREA_STYLE ('',( #1712 ) ) ;
#3498 = CARTESIAN_POINT ( 'NONE',  ( 1.142690712998739588, 3.000000000000000000, -1.849920238275274187 ) ) ;
#3499 = DIRECTION ( 'NONE',  ( 0.8679317172888709742, 0.000000000000000000, 0.4966835351851230929 ) ) ;
#3500 = PRESENTATION_STYLE_ASSIGNMENT (( #3944 ) ) ;
#3501 = EDGE_CURVE ( 'NONE', #3810, #1576, #2100, .T. ) ;
#3502 = CARTESIAN_POINT ( 'NONE',  ( 1.147672671593930938, 3.000000000000000000, -0.8872635176779756216 ) ) ;
#3503 = B_SPLINE_CURVE_WITH_KNOTS ( 'NONE', 3,
 ( #4002, #2525, #726, #4408 ),
 .UNSPECIFIED., .F., .F.,
 ( 4, 4 ),
 ( 0.3636363636363636465, 0.4545454545454545858 ),
 .UNSPECIFIED. ) ;
#3504 = ORIENTED_EDGE ( 'NONE', *, *, #3090, .F. ) ;
#3505 = COLOUR_RGB ( '',0.1921568627450980227, 0.2039215686274509776, 0.2039215686274509776 ) ;
#3506 = CARTESIAN_POINT ( 'NONE',  ( 2.607189793881092399, 3.000000000000000000, -0.5050213412164505922 ) ) ;
#3507 = ORIENTED_EDGE ( 'NONE', *, *, #2837, .F. ) ;
#3508 = CARTESIAN_POINT ( 'NONE',  ( 1.143354133692981112, 2.999900000000000677, 1.534705159652830053 ) ) ;
#3509 = ORIENTED_EDGE ( 'NONE', *, *, #817, .F. ) ;
#3510 = VECTOR ( 'NONE', #1720, 1000.000000000000000 ) ;
#3511 = EDGE_LOOP ( 'NONE', ( #1320, #1136, #2604, #2735 ) ) ;
#3512 = DIRECTION ( 'NONE',  ( 0.5027042891722013351, 0.000000000000000000, 0.8644584418281031635 ) ) ;
#3513 = SURFACE_SIDE_STYLE ('',( #184 ) ) ;
#3514 = AXIS2_PLACEMENT_3D ( 'NONE', #79, #2985, #122 ) ;
#3515 = CARTESIAN_POINT ( 'NONE',  ( 2.636771313881896450, 3.000000000000000000, -0.8682515664157633983 ) ) ;
#3516 =( NAMED_UNIT ( * ) PLANE_ANGLE_UNIT ( ) SI_UNIT ( $, .RADIAN. ) );
#3517 = CARTESIAN_POINT ( 'NONE',  ( 1.143793079353702558, 2.999899999999999789, -0.9076861208459413577 ) ) ;
#3518 = SURFACE_SIDE_STYLE ('',( #3544 ) ) ;
#3519 = PLANE ( 'NONE',  #1068 ) ;
#3520 = CARTESIAN_POINT ( 'NONE',  ( 2.639295963283396329, 2.999899999999998901, 0.6850376199589710557 ) ) ;
#3521 = COLOUR_RGB ( '',1.000000000000000000, 1.000000000000000000, 1.000000000000000000 ) ;
#3522 = CARTESIAN_POINT ( 'NONE',  ( 2.584843896998424650, 2.999900000000000677, 0.3798333286028665601 ) ) ;
#3523 = PRESENTATION_STYLE_ASSIGNMENT (( #617 ) ) ;
#3524 = CARTESIAN_POINT ( 'NONE',  ( 2.642684319598296749, 2.999899999999999789, -0.6149664925970361740 ) ) ;
#3525 = PLANE ( 'NONE',  #3937 ) ;
#3526 = CARTESIAN_POINT ( 'NONE',  ( 2.584843896998425095, 3.000000000000001332, 1.615127446249926102 ) ) ;
#3527 = VERTEX_POINT ( 'NONE', #225 ) ;
#3528 = CARTESIAN_POINT ( 'NONE',  ( 2.610467510789358681, 2.999899999999999789, 0.1704409359852467054 ) ) ;
#3529 = VECTOR ( 'NONE', #3590, 1000.000000000000000 ) ;
#3530 = DIRECTION ( 'NONE',  ( 1.000000000000000000, 0.000000000000000000, -0.000000000000000000 ) ) ;
#3531 = SURFACE_STYLE_FILL_AREA ( #300 ) ;
#3532 = ORIENTED_EDGE ( 'NONE', *, *, #367, .T. ) ;
#3533 = LINE ( 'NONE', #2388, #2780 ) ;
#3534 = ORIENTED_EDGE ( 'NONE', *, *, #3939, .F. ) ;
#3535 = EDGE_LOOP ( 'NONE', ( #1294, #4058, #602, #2843 ) ) ;
#3536 = FILL_AREA_STYLE_COLOUR ( '', #4560 ) ;
#3537 = STYLED_ITEM ( 'NONE', ( #600 ), #1250 ) ;
#3538 = UNCERTAINTY_MEASURE_WITH_UNIT (LENGTH_MEASURE( 1.000000000000000082E-05 ), #3957, 'distance_accuracy_value', 'NONE');
#3539 = CARTESIAN_POINT ( 'NONE',  ( 0.4081181738661062708, 2.999900000000000233, 4.336808689942017736E-16 ) ) ;
#3540 = EDGE_CURVE ( 'NONE', #301, #380, #2422, .T. ) ;
#3541 =( LENGTH_UNIT ( ) NAMED_UNIT ( * ) SI_UNIT ( .MILLI., .METRE. ) );
#3542 = PLANE ( 'NONE',  #1228 ) ;
#3543 = CARTESIAN_POINT ( 'NONE',  ( 1.142930022522763656, 2.999900000000000233, -0.9572398443958084480 ) ) ;
#3544 = SURFACE_STYLE_FILL_AREA ( #1380 ) ;
#3545 = CARTESIAN_POINT ( 'NONE',  ( 2.642690712998739588, 2.999900000000000233, -0.9458531426870389058 ) ) ;
#3546 = CARTESIAN_POINT ( 'NONE',  ( 2.642646007643794537, 2.999899999999999345, -1.873250961106820212 ) ) ;
#3547 = EDGE_CURVE ( 'NONE', #2197, #888, #3175, .T. ) ;
#3548 = CARTESIAN_POINT ( 'NONE',  ( 2.617887197584240599, 2.999899999999999789, 0.3880593156605338656 ) ) ;
#3549 =( GEOMETRIC_REPRESENTATION_CONTEXT ( 3 ) GLOBAL_UNCERTAINTY_ASSIGNED_CONTEXT ( ( #4452 ) ) GLOBAL_UNIT_ASSIGNED_CONTEXT ( ( #3249, #4725, #3327 ) ) REPRESENTATION_CONTEXT ( 'NONE', 'WORKASPACE' ) );
#3550 = CARTESIAN_POINT ( 'NONE',  ( -3.354999999999999094, 3.000000000000000000, -3.454999999999999627 ) ) ;
#3551 = DIRECTION ( 'NONE',  ( 0.000000000000000000, 0.000000000000000000, 1.000000000000000000 ) ) ;
#3552 = PRESENTATION_LAYER_ASSIGNMENT (  '', '', ( #3242 ) ) ;
#3553 = STYLED_ITEM ( 'NONE', ( #3564 ), #4553 ) ;
#3554 = LINE ( 'NONE', #3262, #2714 ) ;
#3555 = CARTESIAN_POINT ( 'NONE',  ( 1.200201249945042958, 2.999900000000000233, -1.942981210129772762 ) ) ;
#3556 = PRESENTATION_STYLE_ASSIGNMENT (( #3480 ) ) ;
#3557 = ORIENTED_EDGE ( 'NONE', *, *, #3225, .F. ) ;
#3558 = DIRECTION ( 'NONE',  ( -0.000000000000000000, 1.000000000000000000, -0.000000000000000000 ) ) ;
#3559 = ORIENTED_EDGE ( 'NONE', *, *, #3146, .F. ) ;
#3560 = CARTESIAN_POINT ( 'NONE',  ( 2.607189793881092399, 2.999900000000000233, -1.066832002981156435 ) ) ;
#3561 =( NAMED_UNIT ( * ) PLANE_ANGLE_UNIT ( ) SI_UNIT ( $, .RADIAN. ) );
#3562 =( NAMED_UNIT ( * ) SI_UNIT ( $, .STERADIAN. ) SOLID_ANGLE_UNIT ( ) );
#3563 = LINE ( 'NONE', #2070, #1239 ) ;
#3564 = PRESENTATION_STYLE_ASSIGNMENT (( #2324 ) ) ;
#3565 = LINE ( 'NONE', #347, #3731 ) ;
#3566 = CARTESIAN_POINT ( 'NONE',  ( 2.639169935549310786, 3.000000000000000444, 1.451371765112962287 ) ) ;
#3567 = B_SPLINE_SURFACE_WITH_KNOTS ( 'NONE', 3, 1, ( 
 ( #370, #2181 ),
 ( #2897, #2555 ),
 ( #4341, #1096 ),
 ( #1820, #421 ) ),
 .UNSPECIFIED., .F., .F., .F.,
 ( 4, 4 ),
 ( 2, 2 ),
 ( 0.000000000000000000, 0.09090909090909091161 ),
 ( 0.000000000000000000, 1.000000000000000000 ),
 .UNSPECIFIED. ) ;
#3568 = CARTESIAN_POINT ( 'NONE',  ( 1.178191632116386556, 3.000000000000000000, 0.1426119308423729748 ) ) ;
#3569 = CARTESIAN_POINT ( 'NONE',  ( -1.911310959992163383, 2.999900000000000233, -0.7001102362204623120 ) ) ;
#3570 = STYLED_ITEM ( 'NONE', ( #2374 ), #1711 ) ;
#3571 = B_SPLINE_CURVE_WITH_KNOTS ( 'NONE', 3,
 ( #4356, #2219, #4032, #386, #4094, #3680, #3269, #2270, #1837, #3325, #61 ),
 .UNSPECIFIED., .F., .F.,
 ( 4, 1, 1, 1, 1, 1, 1, 1, 4 ),
 ( 0.000000000000000000, 0.1506145446497699492, 0.2596734740599798696, 0.3388177727155972097, 0.4102835628096070941, 0.5019338459622260107, 0.6260648387140314020, 0.7889788725463112717, 1.000000000000000000 ),
 .UNSPECIFIED. ) ;
#3572 = ADVANCED_FACE ( 'NONE', ( #962 ), #248, .T. ) ;
#3573 = CARTESIAN_POINT ( 'NONE',  ( 2.618218846677510037, 2.999900000000000233, 0.5029298468413077039 ) ) ;
#3574 =( LENGTH_UNIT ( ) NAMED_UNIT ( * ) SI_UNIT ( .MILLI., .METRE. ) );
#3575 = CARTESIAN_POINT ( 'NONE',  ( 2.631385331497116731, 3.000000000000001776, -1.045620101869273677 ) ) ;
#3576 = EDGE_LOOP ( 'NONE', ( #2260, #4100, #422, #4011 ) ) ;
#3577 =( NAMED_UNIT ( * ) SI_UNIT ( $, .STERADIAN. ) SOLID_ANGLE_UNIT ( ) );
#3578 = ORIENTED_EDGE ( 'NONE', *, *, #2457, .F. ) ;
#3579 = VECTOR ( 'NONE', #2321, 1000.000000000000000 ) ;
#3580 = CARTESIAN_POINT ( 'NONE',  ( 1.394999999999999796, -0.1000000000000000056, 2.500000000000000444 ) ) ;
#3581 = UNCERTAINTY_MEASURE_WITH_UNIT (LENGTH_MEASURE( 1.000000000000000082E-05 ), #50, 'distance_accuracy_value', 'NONE');
#3582 = CARTESIAN_POINT ( 'NONE',  ( 2.642690712998740032, 3.000000000000000444, 0.6092939161364908651 ) ) ;
#3583 = CARTESIAN_POINT ( 'NONE',  ( 2.642539632016172924, 3.000000000000000888, -0.9143226583606161029 ) ) ;
#3584 = VECTOR ( 'NONE', #1208, 1000.000000000000000 ) ;
#3585 =( NAMED_UNIT ( * ) PLANE_ANGLE_UNIT ( ) SI_UNIT ( $, .RADIAN. ) );
#3586 = CARTESIAN_POINT ( 'NONE',  ( 2.564450823292857784, 2.999900000000000677, -1.948840275039980474 ) ) ;
#3587 = EDGE_CURVE ( 'NONE', #2409, #4456, #1054, .T. ) ;
#3588 = MECHANICAL_DESIGN_GEOMETRIC_PRESENTATION_REPRESENTATION (  '', ( #1160 ), #776 ) ;
#3589 = DIRECTION ( 'NONE',  ( -1.255226827769035407E-16, 0.000000000000000000, -1.000000000000000000 ) ) ;
#3590 = DIRECTION ( 'NONE',  ( -0.000000000000000000, -0.000000000000000000, 1.000000000000000000 ) ) ;
#3591 = SURFACE_STYLE_FILL_AREA ( #71 ) ;
#3592 = CARTESIAN_POINT ( 'NONE',  ( 2.644999999999999130, -0.1000000000000000056, 2.500000000000000444 ) ) ;
#3593 = CARTESIAN_POINT ( 'NONE',  ( 0.3034685675668905014, 2.999900000000000233, -1.102125984251969282 ) ) ;
#3594 = CARTESIAN_POINT ( 'NONE',  ( 1.144617761972859249, 3.000000000000000000, -0.6714010358648633270 ) ) ;
#3595 = CARTESIAN_POINT ( 'NONE',  ( 2.641316205600277023, 2.999899999999999789, 0.2352765201693059749 ) ) ;
#3596 = DIRECTION ( 'NONE',  ( 0.5150680234078907072, 0.000000000000000000, -0.8571493051170773203 ) ) ;
#3597 = EDGE_CURVE ( 'NONE', #1549, #1357, #1826, .T. ) ;
#3598 = CARTESIAN_POINT ( 'NONE',  ( -1.486720408811058380, 3.000000000000000000, -0.6494015748031420898 ) ) ;
#3599 = CARTESIAN_POINT ( 'NONE',  ( 1.161530783382917820, 2.999899999999999789, 1.390679619410485790 ) ) ;
#3600 = EDGE_LOOP ( 'NONE', ( #3559, #1482, #3374, #2124 ) ) ;
#3601 = STYLED_ITEM ( 'NONE', ( #1337 ), #3817 ) ;
#3602 = CARTESIAN_POINT ( 'NONE',  ( 2.617887197584240599, 2.999999999999999556, 0.3880593156605338656 ) ) ;
#3603 = STYLED_ITEM ( 'NONE', ( #1592 ), #1947 ) ;
#3604 = CARTESIAN_POINT ( 'NONE',  ( 1.734142918881092399, 2.999900000000000233, -1.415981819157627219 ) ) ;
#3605 = B_SPLINE_SURFACE_WITH_KNOTS ( 'NONE', 3, 1, ( 
 ( #2032, #2355 ),
 ( #4203, #3078 ),
 ( #2006, #3825 ),
 ( #3452, #2267 ),
 ( #909, #436 ),
 ( #3471, #4423 ),
 ( #1267, #1886 ),
 ( #521, #3128 ),
 ( #768, #2379 ),
 ( #3348, #1858 ),
 ( #2217, #3801 ) ),
 .UNSPECIFIED., .F., .F., .F.,
 ( 4, 1, 1, 1, 1, 1, 1, 1, 4 ),
 ( 2, 2 ),
 ( 0.000000000000000000, 0.08269940838263233063, 0.1609352856402981591, 0.2384022412677351266, 0.3252932597831262318, 0.4321161260274608562, 0.5729322032451388269, 0.7592645677637461787, 1.000000000000000000 ),
 ( 0.000000000000000000, 1.000000000000000000 ),
 .UNSPECIFIED. ) ;
#3606 = SURFACE_SIDE_STYLE ('',( #1066 ) ) ;
#3607 = CARTESIAN_POINT ( 'NONE',  ( 1.734142918881092399, 2.999900000000000233, -1.415981819157627219 ) ) ;
#3608 = CARTESIAN_POINT ( 'NONE',  ( 0.7799370715039031232, 3.000000000000000000, -0.02874015748031673659 ) ) ;
#3609 = CARTESIAN_POINT ( 'NONE',  ( 0.7799370715039031232, 2.999900000000000233, -0.02874015748031673659 ) ) ;
#3610 = DIRECTION ( 'NONE',  ( -0.000000000000000000, 1.000000000000000000, -0.000000000000000000 ) ) ;
#3611 = LINE ( 'NONE', #3229, #3902 ) ;
#3612 = MECHANICAL_DESIGN_GEOMETRIC_PRESENTATION_REPRESENTATION (  '', ( #4699 ), #2925 ) ;
#3613 = EDGE_CURVE ( 'NONE', #2947, #365, #2952, .T. ) ;
#3614 = CARTESIAN_POINT ( 'NONE',  ( 1.175322422394289079, 3.000000000000000000, 0.7317669740917206456 ) ) ;
#3615 = SURFACE_STYLE_FILL_AREA ( #29 ) ;
#3616 =( NAMED_UNIT ( * ) PLANE_ANGLE_UNIT ( ) SI_UNIT ( $, .RADIAN. ) );
#3617 = DIRECTION ( 'NONE',  ( -0.000000000000000000, 1.000000000000000000, -0.000000000000000000 ) ) ;
#3618 = FACE_OUTER_BOUND ( 'NONE', #2427, .T. ) ;
#3619 = CARTESIAN_POINT ( 'NONE',  ( 2.642566788542308309, 2.999999999999999112, -0.6591443372887454411 ) ) ;
#3620 = PRESENTATION_LAYER_ASSIGNMENT (  '', '', ( #3032 ) ) ;
#3621 = STYLED_ITEM ( 'NONE', ( #1713 ), #4352 ) ;
#3622 = VECTOR ( 'NONE', #511, 1000.000000000000000 ) ;
#3623 = LINE ( 'NONE', #1807, #1663 ) ;
#3624 = FILL_AREA_STYLE ('',( #2164 ) ) ;
#3625 = SURFACE_STYLE_USAGE ( .BOTH. , #968 ) ;
#3626 = CARTESIAN_POINT ( 'NONE',  ( 2.571937412355976171, 3.000000000000000444, 1.607872597963731831 ) ) ;
#3627 = VECTOR ( 'NONE', #3847, 1000.000000000000114 ) ;
#3628 = ORIENTED_EDGE ( 'NONE', *, *, #2957, .F. ) ;
#3629 = DIRECTION ( 'NONE',  ( -0.000000000000000000, 1.000000000000000000, -0.000000000000000000 ) ) ;
#3630 = UNCERTAINTY_MEASURE_WITH_UNIT (LENGTH_MEASURE( 1.000000000000000082E-05 ), #1846, 'distance_accuracy_value', 'NONE');
#3631 = CARTESIAN_POINT ( 'NONE',  ( 0.1242165990629554018, 2.999900000000000233, -0.7788346456692936126 ) ) ;
#3632 = AXIS2_PLACEMENT_3D ( 'NONE', #2598, #4034, #2624 ) ;
#3633 = VERTEX_POINT ( 'NONE', #2209 ) ;
#3634 =( NAMED_UNIT ( * ) PLANE_ANGLE_UNIT ( ) SI_UNIT ( $, .RADIAN. ) );
#3635 = ADVANCED_FACE ( 'NONE', ( #3618 ), #3964, .T. ) ;
#3636 = EDGE_CURVE ( 'NONE', #2864, #3112, #4394, .T. ) ;
#3637 = CARTESIAN_POINT ( 'NONE',  ( -1.193625920622085834, 3.000000000000000000, -0.9661574803149570734 ) ) ;
#3638 = DIRECTION ( 'NONE',  ( -0.000000000000000000, 1.000000000000000000, -0.000000000000000000 ) ) ;
#3639 = ORIENTED_EDGE ( 'NONE', *, *, #513, .T. ) ;
#3640 = CARTESIAN_POINT ( 'NONE',  ( 2.564450823292857340, 2.999900000000000233, 1.603664320548255473 ) ) ;
#3641 = FILL_AREA_STYLE_COLOUR ( '', #1358 ) ;
#3642 = CARTESIAN_POINT ( 'NONE',  ( 1.181887395167976917, 2.999999999999999556, -0.7137202317960829046 ) ) ;
#3643 = PRODUCT_DEFINITION_CONTEXT ( 'detailed design', #2651, 'design' ) ;
#3644 = FILL_AREA_STYLE_COLOUR ( '', #1041 ) ;
#3645 = SURFACE_STYLE_USAGE ( .BOTH. , #1145 ) ;
#3646 = EDGE_CURVE ( 'NONE', #3689, #4604, #402, .T. ) ;
#3647 = CARTESIAN_POINT ( 'NONE',  ( 1.734142918881092399, 2.999900000000000233, 1.054606416136490754 ) ) ;
#3648 = FACE_OUTER_BOUND ( 'NONE', #3010, .T. ) ;
#3649 = DIRECTION ( 'NONE',  ( -0.000000000000000000, 1.000000000000000000, -0.000000000000000000 ) ) ;
#3650 = CARTESIAN_POINT ( 'NONE',  ( 1.175344842613581742, 3.000000000000000000, 1.380237189032058387 ) ) ;
#3651 = VERTEX_POINT ( 'NONE', #3341 ) ;
#3652 = FILL_AREA_STYLE ('',( #2193 ) ) ;
#3653 = CARTESIAN_POINT ( 'NONE',  ( 1.161530783382918042, 2.999900000000000233, -1.079908615883631962 ) ) ;
#3654 = ORIENTED_EDGE ( 'NONE', *, *, #1015, .F. ) ;
#3655 =( LENGTH_UNIT ( ) NAMED_UNIT ( * ) SI_UNIT ( .MILLI., .METRE. ) );
#3656 = FILL_AREA_STYLE_COLOUR ( '', #4606 ) ;
#3657 = EDGE_CURVE ( 'NONE', #1357, #3930, #1522, .T. ) ;
#3658 = CARTESIAN_POINT ( 'NONE',  ( 0.000000000000000000, 0.000000000000000000, 0.000000000000000000 ) ) ;
#3659 = CARTESIAN_POINT ( 'NONE',  ( 1.169738862666132251, 2.999899999999999789, 0.7279673688980394797 ) ) ;
#3660 = AXIS2_PLACEMENT_3D ( 'NONE', #2381, #2034, #570 ) ;
#3661 = B_SPLINE_CURVE_WITH_KNOTS ( 'NONE', 3,
 ( #4694, #3155, #4623, #1350, #991, #3928, #650, #2104, #3555, #299, #1741 ),
 .UNSPECIFIED., .F., .F.,
 ( 4, 1, 1, 1, 1, 1, 1, 1, 4 ),
 ( 0.000000000000000000, 0.2009044012478315988, 0.3599846282170894862, 0.4835952109184644687, 0.5715364693554766395, 0.6460191871590637014, 0.7285858147531647511, 0.8430130251172092137, 0.9999999999999998890 ),
 .UNSPECIFIED. ) ;
#3662 = STYLED_ITEM ( 'NONE', ( #4537 ), #2149 ) ;
#3663 = STYLED_ITEM ( 'NONE', ( #4380 ), #2930 ) ;
#3664 = VECTOR ( 'NONE', #1182, 1000.000000000000000 ) ;
#3665 = MECHANICAL_DESIGN_GEOMETRIC_PRESENTATION_REPRESENTATION (  '', ( #1609 ), #167 ) ;
#3666 = FILL_AREA_STYLE_COLOUR ( '', #2012 ) ;
#3667 = ORIENTED_EDGE ( 'NONE', *, *, #982, .T. ) ;
#3668 = PRESENTATION_LAYER_ASSIGNMENT (  '', '', ( #1160 ) ) ;
#3669 = LINE ( 'NONE', #4125, #3985 ) ;
#3670 = CARTESIAN_POINT ( 'NONE',  ( -2.665451921499553123, 3.000000000000000000, -2.819567424523458321 ) ) ;
#3671 =( LENGTH_UNIT ( ) NAMED_UNIT ( * ) SI_UNIT ( .MILLI., .METRE. ) );
#3672 = LINE ( 'NONE', #4446, #278 ) ;
#3673 = SURFACE_STYLE_FILL_AREA ( #52 ) ;
#3674 = STYLED_ITEM ( 'NONE', ( #1540 ), #4046 ) ;
#3675 =( NAMED_UNIT ( * ) SI_UNIT ( $, .STERADIAN. ) SOLID_ANGLE_UNIT ( ) );
#3676 = CARTESIAN_POINT ( 'NONE',  ( 1.178191632116386556, 2.999900000000000233, -1.092682186804686095 ) ) ;
#3677 = ORIENTED_EDGE ( 'NONE', *, *, #2858, .T. ) ;
#3678 = FILL_AREA_STYLE ('',( #4593 ) ) ;
#3679 = CARTESIAN_POINT ( 'NONE',  ( 1.142774914274140574, 2.999899999999999789, -0.9988296748484128962 ) ) ;
#3680 = CARTESIAN_POINT ( 'NONE',  ( 2.629964885561349330, 2.999999999999999556, 0.5115929380281439842 ) ) ;
#3681 = ORIENTED_EDGE ( 'NONE', *, *, #3976, .F. ) ;
#3682 = PRESENTATION_LAYER_ASSIGNMENT (  '', '', ( #2990 ) ) ;
#3683 = MECHANICAL_DESIGN_GEOMETRIC_PRESENTATION_REPRESENTATION (  '', ( #2760 ), #187 ) ;
#3684 = CARTESIAN_POINT ( 'NONE',  ( 0.8045827407952444998, 3.000000000000000000, 0.7392322834645667085 ) ) ;
#3685 =( NAMED_UNIT ( * ) PLANE_ANGLE_UNIT ( ) SI_UNIT ( $, .RADIAN. ) );
#3686 = UNCERTAINTY_MEASURE_WITH_UNIT (LENGTH_MEASURE( 1.000000000000000082E-05 ), #2662, 'distance_accuracy_value', 'NONE');
#3687 = EDGE_CURVE ( 'NONE', #2737, #3748, #2535, .T. ) ;
#3688 = LINE ( 'NONE', #2508, #4074 ) ;
#3689 = VERTEX_POINT ( 'NONE', #3640 ) ;
#3690 = CARTESIAN_POINT ( 'NONE',  ( 2.641316205600277023, 2.999899999999999345, 1.470570637816364545 ) ) ;
#3691 = CARTESIAN_POINT ( 'NONE',  ( 1.154045461959793961, 3.000000000000000000, 0.3628258946615842695 ) ) ;
#3692 = UNCERTAINTY_MEASURE_WITH_UNIT (LENGTH_MEASURE( 1.000000000000000082E-05 ), #1520, 'distance_accuracy_value', 'NONE');
#3693 = EDGE_CURVE ( 'NONE', #84, #4434, #2178, .T. ) ;
#3694 =( GEOMETRIC_REPRESENTATION_CONTEXT ( 3 ) GLOBAL_UNCERTAINTY_ASSIGNED_CONTEXT ( ( #920 ) ) GLOBAL_UNIT_ASSIGNED_CONTEXT ( ( #3574, #4262, #1369 ) ) REPRESENTATION_CONTEXT ( 'NONE', 'WORKASPACE' ) );
#3695 = LINE ( 'NONE', #860, #384 ) ;
#3696 = SURFACE_STYLE_FILL_AREA ( #3990 ) ;
#3697 =( NAMED_UNIT ( * ) SI_UNIT ( $, .STERADIAN. ) SOLID_ANGLE_UNIT ( ) );
#3698 = SURFACE_SIDE_STYLE ('',( #4416 ) ) ;
#3699 = B_SPLINE_SURFACE_WITH_KNOTS ( 'NONE', 3, 1, ( 
 ( #396, #3307 ),
 ( #1491, #4412 ),
 ( #2280, #1950 ),
 ( #517, #1924 ),
 ( #904, #2350 ),
 ( #4146, #3423 ),
 ( #3386, #191 ),
 ( #3447, #1974 ),
 ( #3795, #2727 ),
 ( #4199, #1211 ),
 ( #4513, #926 ) ),
 .UNSPECIFIED., .F., .F., .F.,
 ( 4, 1, 1, 1, 1, 1, 1, 1, 4 ),
 ( 2, 2 ),
 ( 0.000000000000000000, 0.08608748684242689686, 0.1612668260071323245, 0.2388542627190386181, 0.3281828305663082035, 0.4373273942705390160, 0.5807184561777902765, 0.7620511388035712264, 1.000000000000000000 ),
 ( 0.000000000000000000, 1.000000000000000000 ),
 .UNSPECIFIED. ) ;
#3700 = ORIENTED_EDGE ( 'NONE', *, *, #2574, .T. ) ;
#3701 = PRESENTATION_STYLE_ASSIGNMENT (( #1907 ) ) ;
#3702 =( NAMED_UNIT ( * ) SI_UNIT ( $, .STERADIAN. ) SOLID_ANGLE_UNIT ( ) );
#3703 = PRESENTATION_LAYER_ASSIGNMENT (  '', '', ( #810 ) ) ;
#3704 = SURFACE_SIDE_STYLE ('',( #793 ) ) ;
#3705 = ORIENTED_EDGE ( 'NONE', *, *, #4051, .T. ) ;
#3706 = CARTESIAN_POINT ( 'NONE',  ( 2.015737587998739588, 2.999900000000000233, -0.1700029588635093569 ) ) ;
#3707 = EDGE_LOOP ( 'NONE', ( #4381, #4198, #814, #4063 ) ) ;
#3708 =( GEOMETRIC_REPRESENTATION_CONTEXT ( 3 ) GLOBAL_UNCERTAINTY_ASSIGNED_CONTEXT ( ( #2924 ) ) GLOBAL_UNIT_ASSIGNED_CONTEXT ( ( #823, #2959, #933 ) ) REPRESENTATION_CONTEXT ( 'NONE', 'WORKASPACE' ) );
#3709 = LINE ( 'NONE', #772, #930 ) ;
#3710 = EDGE_CURVE ( 'NONE', #2689, #3280, #2, .T. ) ;
#3711 = FILL_AREA_STYLE_COLOUR ( '', #1531 ) ;
#3712 = ORIENTED_EDGE ( 'NONE', *, *, #555, .T. ) ;
#3713 = SURFACE_STYLE_FILL_AREA ( #4096 ) ;
#3714 = CARTESIAN_POINT ( 'NONE',  ( 1.178191632116386556, 3.000000000000000000, 0.1426119308423729748 ) ) ;
#3715 = MECHANICAL_DESIGN_GEOMETRIC_PRESENTATION_REPRESENTATION (  '', ( #665 ), #4563 ) ;
#3716 = FILL_AREA_STYLE_COLOUR ( '', #3521 ) ;
#3717 = CARTESIAN_POINT ( 'NONE',  ( 1.142774914274140574, 2.999999999999999556, -0.9988296748484128962 ) ) ;
#3718 = COLOUR_RGB ( '',1.000000000000000000, 1.000000000000000000, 1.000000000000000000 ) ;
#3719 = CARTESIAN_POINT ( 'NONE',  ( 1.876491264469327458, 3.000000000000000000, 0.9291468573129612052 ) ) ;
#3720 = ORIENTED_EDGE ( 'NONE', *, *, #233, .F. ) ;
#3721 = CARTESIAN_POINT ( 'NONE',  ( 1.154974464376838039, 2.999900000000000677, -1.941061151260603079 ) ) ;
#3722 = LINE ( 'NONE', #3308, #4603 ) ;
#3723 = CARTESIAN_POINT ( 'NONE',  ( 1.166537727726019158, 2.999900000000000677, 1.605130029749845644 ) ) ;
#3724 = CARTESIAN_POINT ( 'NONE',  ( 2.642690712998740032, 2.999900000000000677, 0.6092939161364908651 ) ) ;
#3725 = ORIENTED_EDGE ( 'NONE', *, *, #3201, .F. ) ;
#3726 = FILL_AREA_STYLE ('',( #3776 ) ) ;
#3727 = DIRECTION ( 'NONE',  ( -1.000000000000000000, 0.000000000000000000, 0.000000000000000000 ) ) ;
#3728 = EDGE_LOOP ( 'NONE', ( #4417, #1330, #3478, #3882, #177, #2301, #340, #1414, #2337, #2550, #2232, #3507, #4445, #2278, #3681, #2819 ) ) ;
#3729 = CARTESIAN_POINT ( 'NONE',  ( 2.642682354305278647, 3.000000000000000000, 1.514161919570959913 ) ) ;
#3730 = FILL_AREA_STYLE ('',( #411 ) ) ;
#3731 = VECTOR ( 'NONE', #663, 1000.000000000000000 ) ;
#3732 = ORIENTED_EDGE ( 'NONE', *, *, #1746, .T. ) ;
#3733 = CARTESIAN_POINT ( 'NONE',  ( 1.213298624243933643, 2.999900000000000233, 1.589088432830282116 ) ) ;
#3734 = CARTESIAN_POINT ( 'NONE',  ( 2.602780714937743323, 2.999999999999999556, 0.5036759459540341988 ) ) ;
#3735 = SURFACE_STYLE_USAGE ( .BOTH. , #803 ) ;
#3736 =( NAMED_UNIT ( * ) SI_UNIT ( $, .STERADIAN. ) SOLID_ANGLE_UNIT ( ) );
#3737 = UNCERTAINTY_MEASURE_WITH_UNIT (LENGTH_MEASURE( 1.000000000000000082E-05 ), #563, 'distance_accuracy_value', 'NONE');
#3738 = LINE ( 'NONE', #1995, #3366 ) ;
#3739 = ORIENTED_EDGE ( 'NONE', *, *, #4492, .F. ) ;
#3740 = CARTESIAN_POINT ( 'NONE',  ( 1.143068033057008215, 3.000000000000000444, -1.880380343044960378 ) ) ;
#3741 = CARTESIAN_POINT ( 'NONE',  ( 1.200201249945043180, 2.999900000000001565, 0.5276070251643458775 ) ) ;
#3742 = PRESENTATION_LAYER_ASSIGNMENT (  '', '', ( #3277 ) ) ;
#3743 = CARTESIAN_POINT ( 'NONE',  ( 1.734142918881092399, 2.999900000000000233, 1.054606416136490754 ) ) ;
#3744 = UNCERTAINTY_MEASURE_WITH_UNIT (LENGTH_MEASURE( 1.000000000000000082E-05 ), #288, 'distance_accuracy_value', 'NONE');
#3745 = CARTESIAN_POINT ( 'NONE',  ( 1.154045461959794405, 2.999900000000000233, 1.598120012308643201 ) ) ;
#3746 = SURFACE_SIDE_STYLE ('',( #714 ) ) ;
#3747 = COLOUR_RGB ( '',1.000000000000000000, 1.000000000000000000, 1.000000000000000000 ) ;
#3748 = VERTEX_POINT ( 'NONE', #688 ) ;
#3749 = DIRECTION ( 'NONE',  ( -0.000000000000000000, 1.000000000000000000, -0.000000000000000000 ) ) ;
#3750 = CARTESIAN_POINT ( 'NONE',  ( 2.644999999999999130, 0.000000000000000000, -2.500000000000000444 ) ) ;
#3751 = VERTEX_POINT ( 'NONE', #4038 ) ;
#3752 = VECTOR ( 'NONE', #668, 1000.000000000000000 ) ;
#3753 = ADVANCED_FACE ( 'NONE', ( #705 ), #395, .T. ) ;
#3754 = MECHANICAL_DESIGN_GEOMETRIC_PRESENTATION_REPRESENTATION (  '', ( #1841 ), #2752 ) ;
#3755 = FILL_AREA_STYLE_COLOUR ( '', #2823 ) ;
#3756 = LINE ( 'NONE', #2621, #4284 ) ;
#3757 = DIRECTION ( 'NONE',  ( -0.000000000000000000, 0.000000000000000000, -1.000000000000000000 ) ) ;
#3758 = ORIENTED_EDGE ( 'NONE', *, *, #543, .F. ) ;
#3759 =( NAMED_UNIT ( * ) SI_UNIT ( $, .STERADIAN. ) SOLID_ANGLE_UNIT ( ) );
#3760 = CARTESIAN_POINT ( 'NONE',  ( 2.642566788542308309, 2.999899999999999345, 0.5761497803583132127 ) ) ;
#3761 = CARTESIAN_POINT ( 'NONE',  ( 2.631385331497114954, 3.000000000000000444, 0.1896740157777860591 ) ) ;
#3762 = FACE_OUTER_BOUND ( 'NONE', #3481, .T. ) ;
#3763 = CARTESIAN_POINT ( 'NONE',  ( 2.617887197584241044, 2.999900000000000677, -0.8472348019865251212 ) ) ;
#3764 = CARTESIAN_POINT ( 'NONE',  ( -0.2367637158976684808, 2.999900000000000233, 0.8929055118110230671 ) ) ;
#3765 = ORIENTED_EDGE ( 'NONE', *, *, #3441, .F. ) ;
#3766 = CARTESIAN_POINT ( 'NONE',  ( 1.154974464376838039, 3.000000000000000888, -1.941061151260603079 ) ) ;
#3767 = COLOUR_RGB ( '',1.000000000000000000, 1.000000000000000000, 1.000000000000000000 ) ;
#3768 = CARTESIAN_POINT ( 'NONE',  ( 3.355000000000000870, 3.000000000000000000, -3.454999999999999627 ) ) ;
#3769 = DIRECTION ( 'NONE',  ( -0.8660872391925200642, 0.000000000000000000, -0.4998928826337482034 ) ) ;
#3770 = STYLED_ITEM ( 'NONE', ( #2659 ), #1945 ) ;
#3771 = CARTESIAN_POINT ( 'NONE',  ( 1.876491264469327680, 2.999900000000000233, -0.3061472603340976151 ) ) ;
#3772 = ADVANCED_FACE ( 'NONE', ( #1490 ), #335, .T. ) ;
#3773 = CARTESIAN_POINT ( 'NONE',  ( 1.161416586822690222, 3.000000000000000444, 0.7223281781600243701 ) ) ;
#3774 = ORIENTED_EDGE ( 'NONE', *, *, #1746, .F. ) ;
#3775 = AXIS2_PLACEMENT_3D ( 'NONE', #498, #789, #2233 ) ;
#3776 = FILL_AREA_STYLE_COLOUR ( '', #2926 ) ;
#3777 = DIRECTION ( 'NONE',  ( -1.000000000000000000, -0.000000000000000000, -0.000000000000000000 ) ) ;
#3778 = LINE ( 'NONE', #1220, #171 ) ;
#3779 = ORIENTED_EDGE ( 'NONE', *, *, #53, .T. ) ;
#3780 = DIRECTION ( 'NONE',  ( -0.000000000000000000, 1.000000000000000000, -0.000000000000000000 ) ) ;
#3781 = CARTESIAN_POINT ( 'NONE',  ( 1.881316632116386556, 2.999900000000000233, -0.04213071621645054360 ) ) ;
#3782 = CARTESIAN_POINT ( 'NONE',  ( 2.564450823292857340, 2.999900000000000233, -0.8669239147458623895 ) ) ;
#3783 = ORIENTED_EDGE ( 'NONE', *, *, #1611, .F. ) ;
#3784 = STYLED_ITEM ( 'NONE', ( #3835 ), #2447 ) ;
#3785 = B_SPLINE_CURVE_WITH_KNOTS ( 'NONE', 3,
 ( #1078, #2139, #298, #2081, #3573, #649, #1017, #1740, #3202, #1410, #2163 ),
 .UNSPECIFIED., .F., .F.,
 ( 4, 1, 1, 1, 1, 1, 1, 1, 4 ),
 ( 0.000000000000000000, 0.1506145446497699492, 0.2596734740599798696, 0.3388177727155972097, 0.4102835628096070941, 0.5019338459622260107, 0.6260648387140314020, 0.7889788725463112717, 1.000000000000000000 ),
 .UNSPECIFIED. ) ;
#3786 = CARTESIAN_POINT ( 'NONE',  ( 2.564450823292857340, 3.000000000000000000, 0.5217479602541378325 ) ) ;
#3787 = CARTESIAN_POINT ( 'NONE',  ( 2.641316205600277023, 2.999899999999999789, 0.2352765201693059749 ) ) ;
#3788 = CARTESIAN_POINT ( 'NONE',  ( 1.142778724780127986, 2.999899999999999789, -0.5865860912147627948 ) ) ;
#3789 = EDGE_CURVE ( 'NONE', #3748, #4427, #881, .T. ) ;
#3790 = CARTESIAN_POINT ( 'NONE',  ( 2.642690712998739588, 2.999900000000000233, -0.9458531426870389058 ) ) ;
#3791 = STYLED_ITEM ( 'NONE', ( #4 ), #4505 ) ;
#3792 = EDGE_CURVE ( 'NONE', #4434, #152, #419, .T. ) ;
#3793 = EDGE_LOOP ( 'NONE', ( #4628, #81, #3029, #3176 ) ) ;
#3794 = CARTESIAN_POINT ( 'NONE',  ( 1.142825864974269523, 3.000000000000000444, -1.860830719295981650 ) ) ;
#3795 = CARTESIAN_POINT ( 'NONE',  ( 2.642667625737632253, 2.999899999999999789, 1.495531293261620709 ) ) ;
#3796 = SURFACE_STYLE_USAGE ( .BOTH. , #1237 ) ;
#3797 = PLANE ( 'NONE',  #4127 ) ;
#3798 = CARTESIAN_POINT ( 'NONE',  ( -2.172936944244125979, 2.999900000000000233, 0.2092480314960713517 ) ) ;
#3799 = CARTESIAN_POINT ( 'NONE',  ( 1.142690712998739588, 3.000000000000000000, 0.6206679970188436757 ) ) ;
#3800 = EDGE_CURVE ( 'NONE', #1225, #1021, #2565, .T. ) ;
#3801 = CARTESIAN_POINT ( 'NONE',  ( 1.142690712998739588, 3.000000000000000000, -1.849920238275274187 ) ) ;
#3802 =( NAMED_UNIT ( * ) PLANE_ANGLE_UNIT ( ) SI_UNIT ( $, .RADIAN. ) );
#3803 = CARTESIAN_POINT ( 'NONE',  ( 1.146497715025989406, 2.999900000000001121, -0.5447044079106079240 ) ) ;
#3804 = ORIENTED_EDGE ( 'NONE', *, *, #899, .T. ) ;
#3805 = CARTESIAN_POINT ( 'NONE',  ( 2.607189793881092399, 3.000000000000000000, 0.1684621146659023849 ) ) ;
#3806 = ORIENTED_EDGE ( 'NONE', *, *, #1794, .T. ) ;
#3807 = EDGE_CURVE ( 'NONE', #4622, #3689, #4531, .T. ) ;
#3808 = CARTESIAN_POINT ( 'NONE',  ( 1.142690712998739588, 2.999900000000000233, 0.6206679970188436757 ) ) ;
#3809 = CARTESIAN_POINT ( 'NONE',  ( 1.394999999999999796, 0.000000000000000000, 2.500000000000000444 ) ) ;
#3810 = VERTEX_POINT ( 'NONE', #2253 ) ;
#3811 = CARTESIAN_POINT ( 'NONE',  ( 2.607189793881092399, 3.000000000000000000, -0.5050213412164505922 ) ) ;
#3812 = FILL_AREA_STYLE ('',( #4532 ) ) ;
#3813 = B_SPLINE_CURVE_WITH_KNOTS ( 'NONE', 3,
 ( #1135, #2549, #2916, #2569, #2994, #4048, #2196, #773, #747, #1860, #1439 ),
 .UNSPECIFIED., .F., .F.,
 ( 4, 1, 1, 1, 1, 1, 1, 1, 4 ),
 ( 0.000000000000000000, 0.2090174448045497568, 0.3701215845098707047, 0.4868884033316095428, 0.5748632755078623147, 0.6458207185090945046, 0.7281441267704360509, 0.8423061535616729323, 1.000000000000000000 ),
 .UNSPECIFIED. ) ;
#3814 = CARTESIAN_POINT ( 'NONE',  ( 0.7799370715039031232, 2.999900000000000233, -0.02874015748031673659 ) ) ;
#3815 = CARTESIAN_POINT ( 'NONE',  ( 2.624191191930991707, 3.000000000000000888, -1.751155427735973547 ) ) ;
#3816 =( NAMED_UNIT ( * ) PLANE_ANGLE_UNIT ( ) SI_UNIT ( $, .RADIAN. ) );
#3817 = ADVANCED_FACE ( 'NONE', ( #2679 ), #4342, .T. ) ;
#3818 = VERTEX_POINT ( 'NONE', #3891 ) ;
#3819 = CARTESIAN_POINT ( 'NONE',  ( 2.602775380086245871, 2.999899999999999345, 1.622405431260541597 ) ) ;
#3820 = DIRECTION ( 'NONE',  ( -0.8701091694029018386, 0.000000000000000000, 0.4928590400114340464 ) ) ;
#3821 = LINE ( 'NONE', #2001, #2887 ) ;
#3822 = CARTESIAN_POINT ( 'NONE',  ( 2.571941074772256641, 2.999900000000001121, -1.952950128405642749 ) ) ;
#3823 = SURFACE_STYLE_FILL_AREA ( #592 ) ;
#3824 = CARTESIAN_POINT ( 'NONE',  ( -1.394999999999999352, -0.1000000000000000056, -2.500000000000000000 ) ) ;
#3825 = CARTESIAN_POINT ( 'NONE',  ( 1.169738862666132473, 3.000000000000000000, -1.742620866396078938 ) ) ;
#3826 = CARTESIAN_POINT ( 'NONE',  ( 1.220930602704621837, 3.000000000000000000, 0.3497580705482553065 ) ) ;
#3827 = CARTESIAN_POINT ( 'NONE',  ( 1.142722440240110604, 2.999900000000000677, -0.6045180104728291592 ) ) ;
#3828 = EDGE_LOOP ( 'NONE', ( #2566, #2992, #1199, #1724 ) ) ;
#3829 = STYLED_ITEM ( 'NONE', ( #1438 ), #1050 ) ;
#3830 = SURFACE_SIDE_STYLE ('',( #3016 ) ) ;
#3831 = VERTEX_POINT ( 'NONE', #612 ) ;
#3832 = LINE ( 'NONE', #1297, #194 ) ;
#3833 = CARTESIAN_POINT ( 'NONE',  ( 2.639295963283396329, 2.999999999999998668, -0.5502564976880873759 ) ) ;
#3834 = EDGE_LOOP ( 'NONE', ( #503, #1209, #3532, #1580 ) ) ;
#3835 = PRESENTATION_STYLE_ASSIGNMENT (( #4190 ) ) ;
#3836 = FILL_AREA_STYLE_COLOUR ( '', #2704 ) ;
#3837 = UNCERTAINTY_MEASURE_WITH_UNIT (LENGTH_MEASURE( 1.000000000000000082E-05 ), #4616, 'distance_accuracy_value', 'NONE');
#3838 = CARTESIAN_POINT ( 'NONE',  ( 2.642690712998739588, 2.999900000000000233, -0.9458531426870389058 ) ) ;
#3839 = LINE ( 'NONE', #514, #1006 ) ;
#3840 = CARTESIAN_POINT ( 'NONE',  ( -1.399055054480345284, 3.000000000000000000, 0.9207283464566988762 ) ) ;
#3841 = CARTESIAN_POINT ( 'NONE',  ( 2.644999999999999130, -0.1000000000000000056, -2.500000000000000444 ) ) ;
#3842 = UNCERTAINTY_MEASURE_WITH_UNIT (LENGTH_MEASURE( 1.000000000000000082E-05 ), #2851, 'distance_accuracy_value', 'NONE');
#3843 =( NAMED_UNIT ( * ) PLANE_ANGLE_UNIT ( ) SI_UNIT ( $, .RADIAN. ) );
#3844 = CARTESIAN_POINT ( 'NONE',  ( 1.143897626635291154, 3.000000000000000444, 0.6725800144058668995 ) ) ;
#3845 = STYLED_ITEM ( 'NONE', ( #4013 ), #3753 ) ;
#3846 =( GEOMETRIC_REPRESENTATION_CONTEXT ( 3 ) GLOBAL_UNCERTAINTY_ASSIGNED_CONTEXT ( ( #4404 ) ) GLOBAL_UNIT_ASSIGNED_CONTEXT ( ( #4730, #3361, #1421 ) ) REPRESENTATION_CONTEXT ( 'NONE', 'WORKASPACE' ) );
#3847 = DIRECTION ( 'NONE',  ( -0.8599778663242775290, 0.000000000000000000, 0.5103313329909725526 ) ) ;
#3848 = CARTESIAN_POINT ( 'NONE',  ( 1.142930022522763656, 3.000000000000000000, 0.2780542732512504278 ) ) ;
#3849 = CARTESIAN_POINT ( 'NONE',  ( 1.220930602704621837, 3.000000000000000000, -1.932296157392921154 ) ) ;
#3850 = DIRECTION ( 'NONE',  ( 0.000000000000000000, 1.000000000000000000, 0.000000000000000000 ) ) ;
#3851 = ORIENTED_EDGE ( 'NONE', *, *, #3693, .T. ) ;
#3852 = CARTESIAN_POINT ( 'NONE',  ( 2.571937412355976171, 3.000000000000000444, 1.607872597963731831 ) ) ;
#3853 = ORIENTED_EDGE ( 'NONE', *, *, #2339, .T. ) ;
#3854 = EDGE_CURVE ( 'NONE', #3462, #528, #4660, .T. ) ;
#3855 = MECHANICAL_DESIGN_GEOMETRIC_PRESENTATION_REPRESENTATION (  '', ( #1340 ), #1184 ) ;
#3856 = STYLED_ITEM ( 'NONE', ( #2146 ), #1016 ) ;
#3857 = CARTESIAN_POINT ( 'NONE',  ( 1.200201249945043180, 2.999900000000001565, 0.5276070251643458775 ) ) ;
#3858 = ORIENTED_EDGE ( 'NONE', *, *, #4210, .F. ) ;
#3859 = CARTESIAN_POINT ( 'NONE',  ( 1.178191632116386556, 2.999900000000000233, -1.736868767687038906 ) ) ;
#3860 = EDGE_LOOP ( 'NONE', ( #3911, #2524, #3416, #1089 ) ) ;
#3861 = FACE_OUTER_BOUND ( 'NONE', #3793, .T. ) ;
#3862 = EDGE_CURVE ( 'NONE', #1880, #2709, #3563, .T. ) ;
#3863 = CARTESIAN_POINT ( 'NONE',  ( -0.6555708025118480720, 3.000000000000000000, -0.6561377952755882426 ) ) ;
#3864 = CARTESIAN_POINT ( 'NONE',  ( 1.143897626635291154, 2.999900000000000677, -0.5627141032411921984 ) ) ;
#3865 = CARTESIAN_POINT ( 'NONE',  ( 1.161416586822690222, 3.000000000000000444, -0.5129659394870350608 ) ) ;
#3866 = CARTESIAN_POINT ( 'NONE',  ( 2.642684319598297193, 2.999900000000000677, -1.850260610244095494 ) ) ;
#3867 = CARTESIAN_POINT ( 'NONE',  ( 1.154027076143226971, 2.999899999999998901, -1.071967582049080159 ) ) ;
#3868 = CARTESIAN_POINT ( 'NONE',  ( -1.763090487551214780, 3.000000000000000000, -0.04034645669290454206 ) ) ;
#3869 = VECTOR ( 'NONE', #2126, 1000.000000000000000 ) ;
#3870 = CARTESIAN_POINT ( 'NONE',  ( 1.734142918881092399, 2.999900000000000233, -1.415981819157627219 ) ) ;
#3871 = PLANE ( 'NONE',  #929 ) ;
#3872 = CARTESIAN_POINT ( 'NONE',  ( 2.636771313881896894, 3.000000000000000000, 0.3670425512312954774 ) ) ;
#3873 = CARTESIAN_POINT ( 'NONE',  ( 1.161530783382918042, 2.999900000000000677, 0.1553855017634269697 ) ) ;
#3874 = SURFACE_STYLE_USAGE ( .BOTH. , #2078 ) ;
#3875 = LINE ( 'NONE', #4154, #2706 ) ;
#3876 =( NAMED_UNIT ( * ) SI_UNIT ( $, .STERADIAN. ) SOLID_ANGLE_UNIT ( ) );
#3877 = STYLED_ITEM ( 'NONE', ( #4073 ), #2315 ) ;
#3878 = CARTESIAN_POINT ( 'NONE',  ( 1.154045461959794405, 3.000000000000000000, -0.8724682229854747728 ) ) ;
#3879 = ORIENTED_EDGE ( 'NONE', *, *, #2581, .F. ) ;
#3880 = FILL_AREA_STYLE ('',( #2839 ) ) ;
#3881 = CARTESIAN_POINT ( 'NONE',  ( 2.639169935549310786, 2.999999999999999112, -1.019216470181155465 ) ) ;
#3882 = ORIENTED_EDGE ( 'NONE', *, *, #2650, .F. ) ;
#3883 = CARTESIAN_POINT ( 'NONE',  ( -3.354999999999998206, 3.000000000000000000, 3.455000000000000515 ) ) ;
#3884 = ORIENTED_EDGE ( 'NONE', *, *, #4293, .F. ) ;
#3885 = ORIENTED_EDGE ( 'NONE', *, *, #2142, .T. ) ;
#3886 = FILL_AREA_STYLE ('',( #3836 ) ) ;
#3887 = UNCERTAINTY_MEASURE_WITH_UNIT (LENGTH_MEASURE( 1.000000000000000082E-05 ), #1212, 'distance_accuracy_value', 'NONE');
#3888 = CARTESIAN_POINT ( 'NONE',  ( -0.8947361568425546974, 3.000000000000000000, -0.3477952755905496796 ) ) ;
#3889 = SURFACE_STYLE_USAGE ( .BOTH. , #2501 ) ;
#3890 = CARTESIAN_POINT ( 'NONE',  ( 1.143897626635291154, 3.000000000000000444, -0.5627141032411921984 ) ) ;
#3891 = CARTESIAN_POINT ( 'NONE',  ( 1.220930602704622059, 2.999900000000000677, -0.6970020397458625006 ) ) ;
#3892 = CARTESIAN_POINT ( 'NONE',  ( 1.142774914274140574, 2.999899999999999345, -0.9988296748484128962 ) ) ;
#3893 =( NAMED_UNIT ( * ) SI_UNIT ( $, .STERADIAN. ) SOLID_ANGLE_UNIT ( ) );
#3894 = AXIS2_PLACEMENT_3D ( 'NONE', #2072, #4200, #4177 ) ;
#3895 = CARTESIAN_POINT ( 'NONE',  ( -2.943241815541270956, 3.000000000000000000, 2.819567424523459209 ) ) ;
#3896 = SURFACE_SIDE_STYLE ('',( #986 ) ) ;
#3897 = CARTESIAN_POINT ( 'NONE',  ( 1.147672671593931160, 3.000000000000000000, 0.3480305999690833096 ) ) ;
#3898 = CARTESIAN_POINT ( 'NONE',  ( 2.639295963283396329, 2.999999999999999112, -0.5502564976880873759 ) ) ;
#3899 = DIRECTION ( 'NONE',  ( -0.000000000000000000, 1.000000000000000000, -0.000000000000000000 ) ) ;
#3900 = CARTESIAN_POINT ( 'NONE',  ( 2.617887197584241488, 3.000000000000000444, 1.623353433307592963 ) ) ;
#3901 = ORIENTED_EDGE ( 'NONE', *, *, #4117, .F. ) ;
#3902 = VECTOR ( 'NONE', #4707, 1000.000000000000000 ) ;
#3903 = B_SPLINE_CURVE_WITH_KNOTS ( 'NONE', 3,
 ( #2684, #1956, #2614, #4087 ),
 .UNSPECIFIED., .F., .F.,
 ( 4, 4 ),
 ( 0.7272727272727274039, 0.8181818181818183433 ),
 .UNSPECIFIED. ) ;
#3904 =( NAMED_UNIT ( * ) SI_UNIT ( $, .STERADIAN. ) SOLID_ANGLE_UNIT ( ) );
#3905 = PRESENTATION_LAYER_ASSIGNMENT (  '', '', ( #1609 ) ) ;
#3906 = CARTESIAN_POINT ( 'NONE',  ( 2.616607625011923233, 3.000000000000001332, -1.061146275523525695 ) ) ;
#3907 = ORIENTED_EDGE ( 'NONE', *, *, #1752, .F. ) ;
#3908 = SURFACE_STYLE_USAGE ( .BOTH. , #2453 ) ;
#3909 = ORIENTED_EDGE ( 'NONE', *, *, #3084, .T. ) ;
#3910 = MECHANICAL_DESIGN_GEOMETRIC_PRESENTATION_REPRESENTATION (  '', ( #2073 ), #542 ) ;
#3911 = ORIENTED_EDGE ( 'NONE', *, *, #584, .F. ) ;
#3912 = CARTESIAN_POINT ( 'NONE',  ( 0.3986378589054800359, 2.999900000000000233, 0.6848070866141745539 ) ) ;
#3913 = EDGE_CURVE ( 'NONE', #2799, #1906, #306, .T. ) ;
#3914 = FILL_AREA_STYLE_COLOUR ( '', #3431 ) ;
#3915 = AXIS2_PLACEMENT_3D ( 'NONE', #3014, #818, #740 ) ;
#3916 = CARTESIAN_POINT ( 'NONE',  ( 1.146497715025989406, 3.000000000000000888, -0.5447044079106079240 ) ) ;
#3917 = PRESENTATION_LAYER_ASSIGNMENT (  '', '', ( #256 ) ) ;
#3918 = CARTESIAN_POINT ( 'NONE',  ( 1.142720842757629418, 2.999900000000000233, -0.9798606003582994717 ) ) ;
#3919 = CARTESIAN_POINT ( 'NONE',  ( 2.618218846677510481, 2.999900000000000233, -1.967658388452810492 ) ) ;
#3920 = VECTOR ( 'NONE', #778, 1000.000000000000000 ) ;
#3921 = CARTESIAN_POINT ( 'NONE',  ( 1.142720842757628974, 2.999899999999999789, 0.2554335172887596817 ) ) ;
#3922 = FILL_AREA_STYLE ('',( #1448 ) ) ;
#3923 = CARTESIAN_POINT ( 'NONE',  ( 2.641323004694411392, 3.000000000000002220, -0.5698892122843346453 ) ) ;
#3924 = DIRECTION ( 'NONE',  ( -1.000000000000000000, -0.000000000000000000, -0.000000000000000000 ) ) ;
#3925 = SURFACE_STYLE_USAGE ( .BOTH. , #1032 ) ;
#3926 = B_SPLINE_SURFACE_WITH_KNOTS ( 'NONE', 3, 1, ( 
 ( #4197, #560 ),
 ( #2300, #2023 ),
 ( #3764, #490 ),
 ( #1946, #3403 ) ),
 .UNSPECIFIED., .F., .F., .F.,
 ( 4, 4 ),
 ( 2, 2 ),
 ( 0.7272727272727274039, 0.8181818181818183433 ),
 ( 0.000000000000000000, 1.000000000000000000 ),
 .UNSPECIFIED. ) ;
#3927 = LINE ( 'NONE', #3969, #4721 ) ;
#3928 = CARTESIAN_POINT ( 'NONE',  ( 1.154974464376838039, 2.999900000000001121, -1.941061151260603079 ) ) ;
#3929 = DIRECTION ( 'NONE',  ( -0.000000000000000000, -0.000000000000000000, 1.000000000000000000 ) ) ;
#3930 = VERTEX_POINT ( 'NONE', #4636 ) ;
#3931 = CARTESIAN_POINT ( 'NONE',  ( 1.154538716452736091, 2.999900000000000233, -1.755906955505793121 ) ) ;
#3932 = ORIENTED_EDGE ( 'NONE', *, *, #285, .T. ) ;
#3933 = CARTESIAN_POINT ( 'NONE',  ( -0.2367637158976684808, 2.999900000000000233, 0.8929055118110230671 ) ) ;
#3934 = LINE ( 'NONE', #2088, #3869 ) ;
#3935 = CARTESIAN_POINT ( 'NONE',  ( 2.640243940541739054, 2.999900000000000233, -0.8878840229641778992 ) ) ;
#3936 = CARTESIAN_POINT ( 'NONE',  ( 1.178191632116386556, 3.000000000000000000, -0.5015746500399800301 ) ) ;
#3937 = AXIS2_PLACEMENT_3D ( 'NONE', #223, #3174, #4642 ) ;
#3938 = CARTESIAN_POINT ( 'NONE',  ( -2.665451921499553123, 2.999900000000000233, -2.819567424523458321 ) ) ;
#3939 = EDGE_CURVE ( 'NONE', #1172, #1511, #2726, .T. ) ;
#3940 = EDGE_CURVE ( 'NONE', #1225, #1296, #2395, .T. ) ;
#3941 =( GEOMETRIC_REPRESENTATION_CONTEXT ( 3 ) GLOBAL_UNCERTAINTY_ASSIGNED_CONTEXT ( ( #437 ) ) GLOBAL_UNIT_ASSIGNED_CONTEXT ( ( #2364, #4481, #3759 ) ) REPRESENTATION_CONTEXT ( 'NONE', 'WORKASPACE' ) );
#3942 = CARTESIAN_POINT ( 'NONE',  ( 1.169901077095653052, 2.999899999999999345, 0.1494007885751505449 ) ) ;
#3943 = SURFACE_STYLE_FILL_AREA ( #3922 ) ;
#3944 = SURFACE_STYLE_USAGE ( .BOTH. , #1346 ) ;
#3945 =( LENGTH_UNIT ( ) NAMED_UNIT ( * ) SI_UNIT ( .MILLI., .METRE. ) );
#3946 = EDGE_CURVE ( 'NONE', #4523, #3396, #2024, .T. ) ;
#3947 = COLOUR_RGB ( '',1.000000000000000000, 1.000000000000000000, 1.000000000000000000 ) ;
#3948 = VECTOR ( 'NONE', #2052, 1000.000000000000114 ) ;
#3949 = MECHANICAL_DESIGN_GEOMETRIC_PRESENTATION_REPRESENTATION (  '', ( #966 ), #1498 ) ;
#3950 = CARTESIAN_POINT ( 'NONE',  ( 2.624191191930992595, 3.000000000000001776, -0.5158613100889147818 ) ) ;
#3951 = PRESENTATION_STYLE_ASSIGNMENT (( #2471 ) ) ;
#3952 = ORIENTED_EDGE ( 'NONE', *, *, #245, .T. ) ;
#3953 = LINE ( 'NONE', #3883, #4164 ) ;
#3954 = EDGE_CURVE ( 'NONE', #3997, #2964, #1896, .T. ) ;
#3955 = ORIENTED_EDGE ( 'NONE', *, *, #4547, .T. ) ;
#3956 = CARTESIAN_POINT ( 'NONE',  ( 2.642539632016172035, 3.000000000000000000, 0.3209714592864429394 ) ) ;
#3957 =( LENGTH_UNIT ( ) NAMED_UNIT ( * ) SI_UNIT ( .MILLI., .METRE. ) );
#3958 = DIRECTION ( 'NONE',  ( -0.8701091694029018386, 0.000000000000000000, 0.4928590400114340464 ) ) ;
#3959 = SURFACE_SIDE_STYLE ('',( #2850 ) ) ;
#3960 = PLANE ( 'NONE',  #2518 ) ;
#3961 = DIRECTION ( 'NONE',  ( -1.255226827769035407E-16, -0.000000000000000000, -1.000000000000000000 ) ) ;
#3962 =( LENGTH_UNIT ( ) NAMED_UNIT ( * ) SI_UNIT ( .MILLI., .METRE. ) );
#3963 = CARTESIAN_POINT ( 'NONE',  ( 2.636771313881896894, 2.999900000000000233, 0.3670425512312954774 ) ) ;
#3964 = B_SPLINE_SURFACE_WITH_KNOTS ( 'NONE', 3, 1, ( 
 ( #2230, #3313 ),
 ( #4691, #710 ),
 ( #2861, #4325 ),
 ( #693, #3594 ),
 ( #1780, #3237 ),
 ( #4715, #3288 ),
 ( #1426, #1852 ),
 ( #2162, #2928 ),
 ( #355, #1804 ),
 ( #2538, #4017 ),
 ( #737, #33 ) ),
 .UNSPECIFIED., .F., .F., .F.,
 ( 4, 1, 1, 1, 1, 1, 1, 1, 4 ),
 ( 2, 2 ),
 ( 0.000000000000000000, 0.2009044012478304053, 0.3599846282170884315, 0.4835952109184648018, 0.5715364693554770836, 0.6460191871590634793, 0.7285858147531646400, 0.8430130251172095468, 1.000000000000000000 ),
 ( 0.000000000000000000, 1.000000000000000000 ),
 .UNSPECIFIED. ) ;
#3965 = LINE ( 'NONE', #2781, #3101 ) ;
#3966 = CARTESIAN_POINT ( 'NONE',  ( 1.142774914274140352, 3.000000000000000000, 0.2364644427986457020 ) ) ;
#3967 = CARTESIAN_POINT ( 'NONE',  ( 2.607189793881092399, 3.000000000000000000, -1.066832002981156435 ) ) ;
#3968 = STYLED_ITEM ( 'NONE', ( #2224 ), #1912 ) ;
#3969 = CARTESIAN_POINT ( 'NONE',  ( -0.8275196214094782121, 2.999900000000000233, 1.076720472440948484 ) ) ;
#3970 = FACE_OUTER_BOUND ( 'NONE', #103, .T. ) ;
#3971 = CARTESIAN_POINT ( 'NONE',  ( 2.635350662869938354, 2.999900000000000233, -0.7104140660571425236 ) ) ;
#3972 = ORIENTED_EDGE ( 'NONE', *, *, #2541, .F. ) ;
#3973 = CARTESIAN_POINT ( 'NONE',  ( 1.142720842757629640, 3.000000000000000888, 1.490727634935819168 ) ) ;
#3974 = ORIENTED_EDGE ( 'NONE', *, *, #1806, .F. ) ;
#3975 = COLOUR_RGB ( '',1.000000000000000000, 1.000000000000000000, 1.000000000000000000 ) ;
#3976 = EDGE_CURVE ( 'NONE', #3064, #2197, #821, .T. ) ;
#3977 = LINE ( 'NONE', #2822, #3231 ) ;
#3978 = MECHANICAL_DESIGN_GEOMETRIC_PRESENTATION_REPRESENTATION (  '', ( #2667 ), #3139 ) ;
#3979 =( NAMED_UNIT ( * ) PLANE_ANGLE_UNIT ( ) SI_UNIT ( $, .RADIAN. ) );
#3980 = SURFACE_SIDE_STYLE ('',( #4685 ) ) ;
#3981 = UNCERTAINTY_MEASURE_WITH_UNIT (LENGTH_MEASURE( 1.000000000000000082E-05 ), #3962, 'distance_accuracy_value', 'NONE');
#3982 = VECTOR ( 'NONE', #2909, 1000.000000000000227 ) ;
#3983 = CARTESIAN_POINT ( 'NONE',  ( 2.607189793881092399, 3.000000000000000000, 0.7302727764306083946 ) ) ;
#3984 = CARTESIAN_POINT ( 'NONE',  ( 1.154538716452735647, 2.999999999999999112, 0.7146812797883247415 ) ) ;
#3985 = VECTOR ( 'NONE', #2608, 1000.000000000000000 ) ;
#3986 = DIRECTION ( 'NONE',  ( -0.5121029854762093603, 0.000000000000000000, 0.8589240550050705192 ) ) ;
#3987 = CARTESIAN_POINT ( 'NONE',  ( -1.608094424559088464, 2.999900000000000233, -0.3819212598425155147 ) ) ;
#3988 = CARTESIAN_POINT ( 'NONE',  ( 1.178191632116386556, 2.999900000000000233, -0.5015746500399800301 ) ) ;
#3989 = VECTOR ( 'NONE', #1749, 1000.000000000000000 ) ;
#3990 = FILL_AREA_STYLE ('',( #1144 ) ) ;
#3991 = CARTESIAN_POINT ( 'NONE',  ( 2.631385331497114954, 2.999900000000000233, 0.1896740157777860591 ) ) ;
#3992 = FACE_OUTER_BOUND ( 'NONE', #4286, .T. ) ;
#3993 = EDGE_CURVE ( 'NONE', #888, #1764, #2873, .T. ) ;
#3994 = CARTESIAN_POINT ( 'NONE',  ( 2.636771313881897338, 3.000000000000000888, 1.602336668878354686 ) ) ;
#3995 = CARTESIAN_POINT ( 'NONE',  ( 1.142690712998739588, 2.999900000000000233, 1.501297592607079068 ) ) ;
#3996 = EDGE_CURVE ( 'NONE', #77, #3396, #4386, .T. ) ;
#3997 = VERTEX_POINT ( 'NONE', #2503 ) ;
#3998 =( GEOMETRIC_REPRESENTATION_CONTEXT ( 3 ) GLOBAL_UNCERTAINTY_ASSIGNED_CONTEXT ( ( #589 ) ) GLOBAL_UNIT_ASSIGNED_CONTEXT ( ( #1446, #330, #3233 ) ) REPRESENTATION_CONTEXT ( 'NONE', 'WORKASPACE' ) );
#3999 = MECHANICAL_DESIGN_GEOMETRIC_PRESENTATION_REPRESENTATION (  '', ( #407 ), #3077 ) ;
#4000 = B_SPLINE_SURFACE_WITH_KNOTS ( 'NONE', 3, 1, ( 
 ( #1170, #1568 ),
 ( #4148, #2256 ),
 ( #3337, #1214 ),
 ( #3075, #2658 ),
 ( #3723, #3409 ),
 ( #3745, #471 ),
 ( #4542, #2326 ),
 ( #4178, #1976 ),
 ( #1262, #143 ),
 ( #3424, #2977 ),
 ( #454, #1903 ) ),
 .UNSPECIFIED., .F., .F., .F.,
 ( 4, 1, 1, 1, 1, 1, 1, 1, 4 ),
 ( 2, 2 ),
 ( 0.000000000000000000, 0.1528910399261250719, 0.2655498866055906459, 0.3469726293230765979, 0.4171409348174461851, 0.5027291515886442852, 0.6212628926146345210, 0.7862933040589763500, 1.000000000000000000 ),
 ( 0.000000000000000000, 1.000000000000000000 ),
 .UNSPECIFIED. ) ;
#4001 = EDGE_LOOP ( 'NONE', ( #158, #94, #2556, #4242 ) ) ;
#4002 = CARTESIAN_POINT ( 'NONE',  ( -0.6555708025118480720, 2.999900000000000233, -0.6561377952755882426 ) ) ;
#4003 = CARTESIAN_POINT ( 'NONE',  ( -0.1988070229842903158, 2.999900000000000233, -1.102125984251967505 ) ) ;
#4004 = AXIS2_PLACEMENT_3D ( 'NONE', #4212, #575, #4159 ) ;
#4005 = CARTESIAN_POINT ( 'NONE',  ( 2.624191191930991707, 2.999900000000001121, -1.751155427735973547 ) ) ;
#4006 = CARTESIAN_POINT ( 'NONE',  ( 1.146505634764221959, 2.999899999999998901, 0.1908954665073277213 ) ) ;
#4007 = LINE ( 'NONE', #4638, #1675 ) ;
#4008 = ADVANCED_FACE ( 'NONE', ( #1117 ), #3960, .F. ) ;
#4009 = CARTESIAN_POINT ( 'NONE',  ( 2.640139079277641798, 3.000000000000000888, -1.922557528550401074 ) ) ;
#4010 = SURFACE_STYLE_FILL_AREA ( #449 ) ;
#4011 = ORIENTED_EDGE ( 'NONE', *, *, #328, .T. ) ;
#4012 = ADVANCED_FACE ( 'NONE', ( #751 ), #1769, .T. ) ;
#4013 = PRESENTATION_STYLE_ASSIGNMENT (( #1871 ) ) ;
#4014 =( LENGTH_UNIT ( ) NAMED_UNIT ( * ) SI_UNIT ( .MILLI., .METRE. ) );
#4015 =( LENGTH_UNIT ( ) NAMED_UNIT ( * ) SI_UNIT ( .MILLI., .METRE. ) );
#4016 = CARTESIAN_POINT ( 'NONE',  ( 2.642667625737631809, 2.999999999999999112, -0.9750569420324970427 ) ) ;
#4017 = CARTESIAN_POINT ( 'NONE',  ( 1.213334361882071777, 3.000000000000000444, -0.7009175616018576971 ) ) ;
#4018 = CARTESIAN_POINT ( 'NONE',  ( 2.584854964514850639, 3.000000000000000444, -0.7247417799571702623 ) ) ;
#4019 = VECTOR ( 'NONE', #994, 1000.000000000000000 ) ;
#4020 = VECTOR ( 'NONE', #3205, 1000.000000000000000 ) ;
#4021 = PRESENTATION_LAYER_ASSIGNMENT (  '', '', ( #1266 ) ) ;
#4022 = CARTESIAN_POINT ( 'NONE',  ( 1.142690712998739588, 3.000000000000000000, -0.9692906426870387948 ) ) ;
#4023 = CARTESIAN_POINT ( 'NONE',  ( -0.8947361568425546974, 3.000000000000000000, -0.3477952755905496796 ) ) ;
#4024 = SURFACE_STYLE_FILL_AREA ( #1108 ) ;
#4025 = CARTESIAN_POINT ( 'NONE',  ( 1.149120405164141490, 3.000000000000000444, 1.410468524459412176 ) ) ;
#4026 = PRESENTATION_LAYER_ASSIGNMENT (  '', '', ( #3791 ) ) ;
#4027 = EDGE_CURVE ( 'NONE', #2964, #4460, #260, .T. ) ;
#4028 = VERTEX_POINT ( 'NONE', #4703 ) ;
#4029 = DIRECTION ( 'NONE',  ( 1.000000000000000000, 0.000000000000000000, 0.000000000000000000 ) ) ;
#4030 = UNCERTAINTY_MEASURE_WITH_UNIT (LENGTH_MEASURE( 1.000000000000000082E-05 ), #3671, 'distance_accuracy_value', 'NONE');
#4031 = DIRECTION ( 'NONE',  ( 0.000000000000000000, 0.000000000000000000, 1.000000000000000000 ) ) ;
#4032 = CARTESIAN_POINT ( 'NONE',  ( 2.584854964514850639, 3.000000000000000444, 0.5105523376898889465 ) ) ;
#4033 = ORIENTED_EDGE ( 'NONE', *, *, #3710, .F. ) ;
#4034 = DIRECTION ( 'NONE',  ( 4.339854026963915729E-13, 1.000000000000000000, 8.964652375096779660E-13 ) ) ;
#4035 =( LENGTH_UNIT ( ) NAMED_UNIT ( * ) SI_UNIT ( .MILLI., .METRE. ) );
#4036 = FILL_AREA_STYLE_COLOUR ( '', #3353 ) ;
#4037 = ORIENTED_EDGE ( 'NONE', *, *, #3646, .F. ) ;
#4038 = CARTESIAN_POINT ( 'NONE',  ( -1.608094424559088464, 2.999900000000000233, -0.3819212598425155147 ) ) ;
#4039 = FACE_OUTER_BOUND ( 'NONE', #822, .T. ) ;
#4040 = FACE_OUTER_BOUND ( 'NONE', #4411, .T. ) ;
#4041 =( NAMED_UNIT ( * ) SI_UNIT ( $, .STERADIAN. ) SOLID_ANGLE_UNIT ( ) );
#4042 = CARTESIAN_POINT ( 'NONE',  ( 1.178191632116386556, 2.999900000000000233, -0.5015746500399800301 ) ) ;
#4043 = CARTESIAN_POINT ( 'NONE',  ( -1.110830645031533503, 2.999900000000000233, -0.5935826771653525125 ) ) ;
#4044 = CARTESIAN_POINT ( 'NONE',  ( 2.616279699699928241, 2.999899999999999789, -0.5096733813885260256 ) ) ;
#4045 = VERTEX_POINT ( 'NONE', #1968 ) ;
#4046 = ADVANCED_FACE ( 'NONE', ( #109 ), #2967, .T. ) ;
#4047 = CARTESIAN_POINT ( 'NONE',  ( 2.584843896998425539, 3.000000000000000444, -0.8554607890441922047 ) ) ;
#4048 = CARTESIAN_POINT ( 'NONE',  ( 2.629826558503598921, 2.999899999999999789, 0.3809373397381750070 ) ) ;
#4049 = ORIENTED_EDGE ( 'NONE', *, *, #1465, .F. ) ;
#4050 =( NAMED_UNIT ( * ) PLANE_ANGLE_UNIT ( ) SI_UNIT ( $, .RADIAN. ) );
#4051 = EDGE_CURVE ( 'NONE', #361, #4538, #2998, .T. ) ;
#4052 = DIRECTION ( 'NONE',  ( -0.000000000000000000, 1.000000000000000000, -0.000000000000000000 ) ) ;
#4053 = CARTESIAN_POINT ( 'NONE',  ( 1.178191632116386556, 2.999900000000000233, 0.7337194676070789567 ) ) ;
#4054 = VECTOR ( 'NONE', #2485, 999.9999999999998863 ) ;
#4055 = VECTOR ( 'NONE', #942, 1000.000000000000227 ) ;
#4056 =( GEOMETRIC_REPRESENTATION_CONTEXT ( 3 ) GLOBAL_UNCERTAINTY_ASSIGNED_CONTEXT ( ( #975 ) ) GLOBAL_UNIT_ASSIGNED_CONTEXT ( ( #724, #1376, #1415 ) ) REPRESENTATION_CONTEXT ( 'NONE', 'WORKASPACE' ) );
#4057 = CARTESIAN_POINT ( 'NONE',  ( 1.142778724780127986, 2.999999999999999556, 0.6487080264322963030 ) ) ;
#4058 = ORIENTED_EDGE ( 'NONE', *, *, #3251, .F. ) ;
#4059 = MECHANICAL_DESIGN_GEOMETRIC_PRESENTATION_REPRESENTATION (  '', ( #2589 ), #4679 ) ;
#4060 = DIRECTION ( 'NONE',  ( 0.8589240550050705192, 0.000000000000000000, 0.5121029854762093603 ) ) ;
#4061 =( LENGTH_UNIT ( ) NAMED_UNIT ( * ) SI_UNIT ( .MILLI., .METRE. ) );
#4062 = CARTESIAN_POINT ( 'NONE',  ( 1.178191632116386556, 3.000000000000000000, 1.377906048489432100 ) ) ;
#4063 = ORIENTED_EDGE ( 'NONE', *, *, #1120, .T. ) ;
#4064 = LINE ( 'NONE', #790, #2255 ) ;
#4065 = CARTESIAN_POINT ( 'NONE',  ( -1.486720408811058380, 2.999900000000000233, -0.6494015748031420898 ) ) ;
#4066 = ORIENTED_EDGE ( 'NONE', *, *, #1123, .F. ) ;
#4067 = SURFACE_STYLE_FILL_AREA ( #3678 ) ;
#4068 = UNCERTAINTY_MEASURE_WITH_UNIT (LENGTH_MEASURE( 1.000000000000000082E-05 ), #3655, 'distance_accuracy_value', 'NONE');
#4069 = VERTEX_POINT ( 'NONE', #1915 ) ;
#4070 = CARTESIAN_POINT ( 'NONE',  ( 2.629826558503599809, 2.999999999999999556, -0.8543567779088838687 ) ) ;
#4071 = EDGE_LOOP ( 'NONE', ( #3765, #3378, #864, #3295 ) ) ;
#4072 = COLOUR_RGB ( '',1.000000000000000000, 1.000000000000000000, 1.000000000000000000 ) ;
#4073 = PRESENTATION_STYLE_ASSIGNMENT (( #1416 ) ) ;
#4074 = VECTOR ( 'NONE', #1444, 1000.000000000000000 ) ;
#4075 = DIRECTION ( 'NONE',  ( -0.8701091694029018386, 0.000000000000000000, 0.4928590400114340464 ) ) ;
#4076 = FACE_BOUND ( 'NONE', #3222, .T. ) ;
#4077 = CARTESIAN_POINT ( 'NONE',  ( 1.142778724780127986, 2.999899999999999789, 0.6487080264322963030 ) ) ;
#4078 = FACE_OUTER_BOUND ( 'NONE', #990, .T. ) ;
#4079 = EDGE_LOOP ( 'NONE', ( #2500, #1204, #4311, #3152, #4598, #3700, #224, #2678, #2798, #3952, #3430, #2173, #3853, #3732, #3392, #2084 ) ) ;
#4080 = CARTESIAN_POINT ( 'NONE',  ( 1.734142918881092399, 2.999900000000000233, -0.1806877015105681772 ) ) ;
#4081 = CARTESIAN_POINT ( 'NONE',  ( 1.394999999999999796, 0.000000000000000000, 2.500000000000000444 ) ) ;
#4082 = CARTESIAN_POINT ( 'NONE',  ( -2.644999999999999130, -0.1000000000000000056, 2.500000000000000000 ) ) ;
#4083 = ADVANCED_FACE ( 'NONE', ( #3380 ), #2881, .T. ) ;
#4084 = CARTESIAN_POINT ( 'NONE',  ( -1.193625920622085834, 3.000000000000000000, -0.9661574803149570734 ) ) ;
#4085 = CARTESIAN_POINT ( 'NONE',  ( 2.636813255159033975, 2.999900000000000233, -0.7085054191024058312 ) ) ;
#4086 = VERTEX_POINT ( 'NONE', #974 ) ;
#4087 = CARTESIAN_POINT ( 'NONE',  ( -0.8321574166850701504, 3.000000000000000000, 0.6509448818897678457 ) ) ;
#4088 = CARTESIAN_POINT ( 'NONE',  ( 2.631385331497114954, 3.000000000000000000, 0.1896740157777860591 ) ) ;
#4089 = DIRECTION ( 'NONE',  ( -0.8571493051170775423, 0.000000000000000000, -0.5150680234078904851 ) ) ;
#4090 = VERTEX_POINT ( 'NONE', #3141 ) ;
#4091 = CARTESIAN_POINT ( 'NONE',  ( 2.564450823292857340, 3.000000000000000000, 0.3683702029011965418 ) ) ;
#4092 = SURFACE_STYLE_USAGE ( .BOTH. , #2620 ) ;
#4093 = FACE_OUTER_BOUND ( 'NONE', #3300, .T. ) ;
#4094 = CARTESIAN_POINT ( 'NONE',  ( 2.618218846677510037, 3.000000000000000000, 0.5029298468413077039 ) ) ;
#4095 = ORIENTED_EDGE ( 'NONE', *, *, #315, .F. ) ;
#4096 = FILL_AREA_STYLE ('',( #4382 ) ) ;
#4097 = CARTESIAN_POINT ( 'NONE',  ( 2.602780714937743323, 2.999899999999999789, 0.5036759459540341988 ) ) ;
#4098 = CARTESIAN_POINT ( 'NONE',  ( 2.642682354305278203, 2.999899999999999789, 0.2788678019239007599 ) ) ;
#4099 = STYLED_ITEM ( 'NONE', ( #2929 ), #2340 ) ;
#4100 = ORIENTED_EDGE ( 'NONE', *, *, #762, .F. ) ;
#4101 = CARTESIAN_POINT ( 'NONE',  ( 1.143068033057008215, 3.000000000000000444, -1.880380343044960378 ) ) ;
#4102 = CARTESIAN_POINT ( 'NONE',  ( 2.642690712998740032, 2.999900000000000677, -0.6260002015105683437 ) ) ;
#4103 = SURFACE_SIDE_STYLE ('',( #4467 ) ) ;
#4104 = MECHANICAL_DESIGN_GEOMETRIC_PRESENTATION_REPRESENTATION (  '', ( #3479 ), #1828 ) ;
#4105 = ADVANCED_FACE ( 'NONE', ( #2821 ), #946, .T. ) ;
#4106 = ORIENTED_EDGE ( 'NONE', *, *, #1075, .T. ) ;
#4107 = CARTESIAN_POINT ( 'NONE',  ( 2.629826558503599365, 2.999899999999999345, 1.616231457385233883 ) ) ;
#4108 = ORIENTED_EDGE ( 'NONE', *, *, #267, .F. ) ;
#4109 = CARTESIAN_POINT ( 'NONE',  ( 1.142690712998739588, 3.000000000000000000, 0.6206679970188436757 ) ) ;
#4110 = CARTESIAN_POINT ( 'NONE',  ( 1.178191632116386556, 2.999900000000000233, -1.092682186804686095 ) ) ;
#4111 = VECTOR ( 'NONE', #3275, 999.9999999999998863 ) ;
#4112 = CARTESIAN_POINT ( 'NONE',  ( 2.630254047037110965, 2.999999999999999556, -0.5243396465367895498 ) ) ;
#4113 = ORIENTED_EDGE ( 'NONE', *, *, #1960, .T. ) ;
#4114 = CARTESIAN_POINT ( 'NONE',  ( 1.166537727726018936, 2.999899999999999789, 0.3698359121027862684 ) ) ;
#4115 = CARTESIAN_POINT ( 'NONE',  ( 2.640139079277641354, 2.999900000000001121, 0.5480307067437175661 ) ) ;
#4116 = CARTESIAN_POINT ( 'NONE',  ( 2.607189793881092399, 3.000000000000000444, 0.1684621146659023849 ) ) ;
#4117 = EDGE_CURVE ( 'NONE', #4086, #3810, #2809, .T. ) ;
#4118 = LINE ( 'NONE', #1165, #4501 ) ;
#4119 = CARTESIAN_POINT ( 'NONE',  ( 2.616279699699928685, 2.999999999999999556, -1.744967499035585012 ) ) ;
#4120 = ORIENTED_EDGE ( 'NONE', *, *, #1775, .F. ) ;
#4121 = CARTESIAN_POINT ( 'NONE',  ( 1.166518503127165873, 2.999899999999998901, -1.949304656196183982 ) ) ;
#4122 = STYLED_ITEM ( 'NONE', ( #3413 ), #750 ) ;
#4123 = CARTESIAN_POINT ( 'NONE',  ( 1.143068033057007771, 2.999900000000000233, 0.5902078922491580393 ) ) ;
#4124 = COLOUR_RGB ( '',0.8274509803921568096, 0.8392156862745098200, 0.8274509803921568096 ) ;
#4125 = CARTESIAN_POINT ( 'NONE',  ( -2.943241815541270956, 2.999900000000000233, -2.819567424523458321 ) ) ;
#4126 = UNCERTAINTY_MEASURE_WITH_UNIT (LENGTH_MEASURE( 1.000000000000000082E-05 ), #2483, 'distance_accuracy_value', 'NONE');
#4127 = AXIS2_PLACEMENT_3D ( 'NONE', #519, #166, #73 ) ;
#4128 = CARTESIAN_POINT ( 'NONE',  ( 1.149025747743360526, 2.999900000000001121, 0.7045314611577949693 ) ) ;
#4129 = COLOUR_RGB ( '',1.000000000000000000, 1.000000000000000000, 1.000000000000000000 ) ;
#4130 = ORIENTED_EDGE ( 'NONE', *, *, #1517, .F. ) ;
#4131 = CARTESIAN_POINT ( 'NONE',  ( -3.354999999999999094, 0.000000000000000000, -3.454999999999999627 ) ) ;
#4132 = ORIENTED_EDGE ( 'NONE', *, *, #1928, .T. ) ;
#4133 = ADVANCED_FACE ( 'NONE', ( #3861 ), #579, .F. ) ;
#4134 =( GEOMETRIC_REPRESENTATION_CONTEXT ( 3 ) GLOBAL_UNCERTAINTY_ASSIGNED_CONTEXT ( ( #4413 ) ) GLOBAL_UNIT_ASSIGNED_CONTEXT ( ( #154, #897, #2695 ) ) REPRESENTATION_CONTEXT ( 'NONE', 'WORKASPACE' ) );
#4135 = ADVANCED_FACE ( 'NONE', ( #2718 ), #2411, .F. ) ;
#4136 = CARTESIAN_POINT ( 'NONE',  ( -1.911310959992163383, 2.999900000000000233, -0.7001102362204623120 ) ) ;
#4137 = ORIENTED_EDGE ( 'NONE', *, *, #2541, .T. ) ;
#4138 = SURFACE_STYLE_FILL_AREA ( #483 ) ;
#4139 = SURFACE_STYLE_FILL_AREA ( #2600 ) ;
#4140 = CARTESIAN_POINT ( 'NONE',  ( 2.624753711275634060, 3.000000000000001332, 0.1810289450280383738 ) ) ;
#4141 = EDGE_CURVE ( 'NONE', #2333, #2106, #17, .T. ) ;
#4142 = DIRECTION ( 'NONE',  ( 0.000000000000000000, -0.000000000000000000, 1.000000000000000000 ) ) ;
#4143 = DIRECTION ( 'NONE',  ( -0.8599778663242776400, 0.000000000000000000, 0.5103313329909725526 ) ) ;
#4144 = EDGE_LOOP ( 'NONE', ( #3557, #139, #1481, #766 ) ) ;
#4145 = SURFACE_STYLE_FILL_AREA ( #451 ) ;
#4146 = CARTESIAN_POINT ( 'NONE',  ( 2.635606768424067603, 2.999899999999998457, 1.436603339640501797 ) ) ;
#4147 =( NAMED_UNIT ( * ) SI_UNIT ( $, .STERADIAN. ) SOLID_ANGLE_UNIT ( ) );
#4148 = CARTESIAN_POINT ( 'NONE',  ( 1.213298624243933643, 2.999900000000000233, 1.589088432830282116 ) ) ;
#4149 =( NAMED_UNIT ( * ) PLANE_ANGLE_UNIT ( ) SI_UNIT ( $, .RADIAN. ) );
#4150 = EDGE_CURVE ( 'NONE', #2216, #3930, #2935, .T. ) ;
#4151 = PRESENTATION_LAYER_ASSIGNMENT (  '', '', ( #1340 ) ) ;
#4152 = PRESENTATION_LAYER_ASSIGNMENT (  '', '', ( #1478 ) ) ;
#4153 =( NAMED_UNIT ( * ) PLANE_ANGLE_UNIT ( ) SI_UNIT ( $, .RADIAN. ) );
#4154 = CARTESIAN_POINT ( 'NONE',  ( 1.881316632116386556, 3.000000000000000000, -0.04213071621645054360 ) ) ;
#4155 = ORIENTED_EDGE ( 'NONE', *, *, #915, .F. ) ;
#4156 = LINE ( 'NONE', #2617, #2213 ) ;
#4157 = ORIENTED_EDGE ( 'NONE', *, *, #326, .F. ) ;
#4158 = LINE ( 'NONE', #149, #1005 ) ;
#4159 = DIRECTION ( 'NONE',  ( 1.000000000000000000, 0.000000000000000000, 0.000000000000000000 ) ) ;
#4160 = EDGE_CURVE ( 'NONE', #943, #995, #2546, .T. ) ;
#4161 = CARTESIAN_POINT ( 'NONE',  ( 2.015737587998739588, 2.999900000000000233, -0.1700029588635093569 ) ) ;
#4162 = EDGE_LOOP ( 'NONE', ( #1966, #3455, #3017, #551 ) ) ;
#4163 = CARTESIAN_POINT ( 'NONE',  ( 1.220930602704621837, 2.999900000000000233, 0.3497580705482553065 ) ) ;
#4164 = VECTOR ( 'NONE', #603, 1000.000000000000000 ) ;
#4165 = VERTEX_POINT ( 'NONE', #4313 ) ;
#4166 = DIRECTION ( 'NONE',  ( -0.000000000000000000, 1.000000000000000000, -0.000000000000000000 ) ) ;
#4167 = UNCERTAINTY_MEASURE_WITH_UNIT (LENGTH_MEASURE( 1.000000000000000082E-05 ), #3331, 'distance_accuracy_value', 'NONE');
#4168 = MECHANICAL_DESIGN_GEOMETRIC_PRESENTATION_REPRESENTATION (  '', ( #124 ), #3708 ) ;
#4169 = CARTESIAN_POINT ( 'NONE',  ( 2.630254047037111409, 2.999899999999999789, -1.759633764183848870 ) ) ;
#4170 = CARTESIAN_POINT ( 'NONE',  ( -1.447834582039406515, 2.999900000000000233, -0.9164999999999924318 ) ) ;
#4171 = CARTESIAN_POINT ( 'NONE',  ( -0.6555708025118480720, 2.999900000000000233, -0.6561377952755882426 ) ) ;
#4172 = PRESENTATION_LAYER_ASSIGNMENT (  '', '', ( #3553 ) ) ;
#4173 = ORIENTED_EDGE ( 'NONE', *, *, #715, .T. ) ;
#4174 = CARTESIAN_POINT ( 'NONE',  ( 1.200201249945042958, 3.000000000000000000, -1.942981210129772762 ) ) ;
#4175 = CARTESIAN_POINT ( 'NONE',  ( 1.220930602704622059, 2.999900000000000677, 0.5382920779011968193 ) ) ;
#4176 = COLOUR_RGB ( '',1.000000000000000000, 1.000000000000000000, 1.000000000000000000 ) ;
#4177 = DIRECTION ( 'NONE',  ( 0.8679317172888709742, 0.000000000000000000, 0.4966835351851230929 ) ) ;
#4178 = CARTESIAN_POINT ( 'NONE',  ( 1.143793079353702558, 2.999900000000000677, 1.562902114448176283 ) ) ;
#4179 = SURFACE_SIDE_STYLE ('',( #2730 ) ) ;
#4180 = DIRECTION ( 'NONE',  ( 0.8589240550050705192, 0.000000000000000000, 0.5121029854762093603 ) ) ;
#4181 = LINE ( 'NONE', #82, #2170 ) ;
#4182 = CARTESIAN_POINT ( 'NONE',  ( 1.147672671593931160, 2.999900000000000233, 0.3480305999690833096 ) ) ;
#4183 = LINE ( 'NONE', #2330, #2110 ) ;
#4184 = ORIENTED_EDGE ( 'NONE', *, *, #1503, .F. ) ;
#4185 = FACE_OUTER_BOUND ( 'NONE', #2888, .T. ) ;
#4186 = ORIENTED_EDGE ( 'NONE', *, *, #982, .F. ) ;
#4187 =( LENGTH_UNIT ( ) NAMED_UNIT ( * ) SI_UNIT ( .MILLI., .METRE. ) );
#4188 = CARTESIAN_POINT ( 'NONE',  ( 2.642673057520803503, 2.999999999999998668, -0.5955304372566720961 ) ) ;
#4189 = ORIENTED_EDGE ( 'NONE', *, *, #1451, .F. ) ;
#4190 = SURFACE_STYLE_USAGE ( .BOTH. , #918 ) ;
#4191 = EDGE_CURVE ( 'NONE', #1352, #3132, #4354, .T. ) ;
#4192 = SURFACE_SIDE_STYLE ('',( #4292 ) ) ;
#4193 = MECHANICAL_DESIGN_GEOMETRIC_PRESENTATION_REPRESENTATION (  '', ( #4661 ), #2277 ) ;
#4194 = SURFACE_STYLE_USAGE ( .BOTH. , #3513 ) ;
#4195 = DIRECTION ( 'NONE',  ( 0.000000000000000000, 1.000000000000000000, 0.000000000000000000 ) ) ;
#4196 = ADVANCED_FACE ( 'NONE', ( #4403 ), #4720, .T. ) ;
#4197 = CARTESIAN_POINT ( 'NONE',  ( 0.4081181738661062708, 2.999900000000000233, 4.336808689942017736E-16 ) ) ;
#4198 = ORIENTED_EDGE ( 'NONE', *, *, #4657, .F. ) ;
#4199 = CARTESIAN_POINT ( 'NONE',  ( 2.642682354305278647, 2.999899999999999789, 1.514161919570959913 ) ) ;
#4200 = DIRECTION ( 'NONE',  ( -0.4966835351851230929, 0.000000000000000000, 0.8679317172888709742 ) ) ;
#4201 = CARTESIAN_POINT ( 'NONE',  ( 2.607189793881092399, 2.999900000000000233, 0.7302727764306083946 ) ) ;
#4202 = EDGE_CURVE ( 'NONE', #2922, #604, #1785, .T. ) ;
#4203 = CARTESIAN_POINT ( 'NONE',  ( 1.175322422394288857, 2.999899999999999789, -1.738821261202396995 ) ) ;
#4204 = CARTESIAN_POINT ( 'NONE',  ( 1.220930602704621837, 2.999900000000000233, 0.3497580705482553065 ) ) ;
#4205 = DIRECTION ( 'NONE',  ( -0.000000000000000000, 0.000000000000000000, -1.000000000000000000 ) ) ;
#4206 = ORIENTED_EDGE ( 'NONE', *, *, #112, .F. ) ;
#4207 = VECTOR ( 'NONE', #527, 1000.000000000000000 ) ;
#4208 = CARTESIAN_POINT ( 'NONE',  ( 1.142690712998739588, 3.000000000000000000, -0.9692906426870387948 ) ) ;
#4209 = ORIENTED_EDGE ( 'NONE', *, *, #1752, .T. ) ;
#4210 = EDGE_CURVE ( 'NONE', #1718, #528, #2390, .T. ) ;
#4211 = AXIS2_PLACEMENT_3D ( 'NONE', #3971, #4420, #1431 ) ;
#4212 = CARTESIAN_POINT ( 'NONE',  ( -2.644999999999999130, -0.1000000000000000056, -2.500000000000000000 ) ) ;
#4213 = CARTESIAN_POINT ( 'NONE',  ( -1.447834582039406515, 2.999900000000000233, -0.9164999999999924318 ) ) ;
#4214 = ORIENTED_EDGE ( 'NONE', *, *, #3169, .F. ) ;
#4215 = CARTESIAN_POINT ( 'NONE',  ( 1.143793079353702780, 2.999900000000000677, 0.3276079968011174626 ) ) ;
#4216 = ORIENTED_EDGE ( 'NONE', *, *, #3441, .T. ) ;
#4217 =( LENGTH_UNIT ( ) NAMED_UNIT ( * ) SI_UNIT ( .MILLI., .METRE. ) );
#4218 = STYLED_ITEM ( 'NONE', ( #3257 ), #3772 ) ;
#4219 = DIRECTION ( 'NONE',  ( -0.000000000000000000, 1.000000000000000000, -0.000000000000000000 ) ) ;
#4220 = CARTESIAN_POINT ( 'NONE',  ( 2.635047234864875687, 3.000000000000000888, -1.770913513954881502 ) ) ;
#4221 = PRESENTATION_STYLE_ASSIGNMENT (( #2747 ) ) ;
#4222 = CARTESIAN_POINT ( 'NONE',  ( 1.178191632116386556, 3.000000000000000444, -1.092682186804686095 ) ) ;
#4223 = LINE ( 'NONE', #2396, #608 ) ;
#4224 = UNCERTAINTY_MEASURE_WITH_UNIT (LENGTH_MEASURE( 1.000000000000000082E-05 ), #3296, 'distance_accuracy_value', 'NONE');
#4225 = CARTESIAN_POINT ( 'NONE',  ( 2.636813255159033975, 2.999999999999999556, -1.943799536749464485 ) ) ;
#4226 = FACE_BOUND ( 'NONE', #4079, .T. ) ;
#4227 = CARTESIAN_POINT ( 'NONE',  ( 2.629826558503598921, 2.999999999999999556, 0.3809373397381750070 ) ) ;
#4228 = VECTOR ( 'NONE', #75, 1000.000000000000114 ) ;
#4229 = MECHANICAL_DESIGN_GEOMETRIC_PRESENTATION_REPRESENTATION (  '', ( #950 ), #3846 ) ;
#4230 = CARTESIAN_POINT ( 'NONE',  ( 1.169901077095653052, 2.999999999999999112, 0.1494007885751505449 ) ) ;
#4231 = FILL_AREA_STYLE ('',( #2755 ) ) ;
#4232 = FILL_AREA_STYLE_COLOUR ( '', #2868 ) ;
#4233 = PLANE ( 'NONE',  #1644 ) ;
#4234 = CARTESIAN_POINT ( 'NONE',  ( 2.607189793881092399, 2.999900000000000233, -1.740315458863509468 ) ) ;
#4235 =( GEOMETRIC_REPRESENTATION_CONTEXT ( 3 ) GLOBAL_UNCERTAINTY_ASSIGNED_CONTEXT ( ( #4367 ) ) GLOBAL_UNIT_ASSIGNED_CONTEXT ( ( #446, #554, #3115 ) ) REPRESENTATION_CONTEXT ( 'NONE', 'WORKASPACE' ) );
#4236 = STYLED_ITEM ( 'NONE', ( #3701 ), #1311 ) ;
#4237 = ORIENTED_EDGE ( 'NONE', *, *, #607, .T. ) ;
#4238 = CARTESIAN_POINT ( 'NONE',  ( 1.144617761972859249, 2.999900000000000233, 0.5638930817821957708 ) ) ;
#4239 =( LENGTH_UNIT ( ) NAMED_UNIT ( * ) SI_UNIT ( .MILLI., .METRE. ) );
#4240 = ORIENTED_EDGE ( 'NONE', *, *, #3954, .F. ) ;
#4241 = CARTESIAN_POINT ( 'NONE',  ( 2.644999999999999130, 0.000000000000000000, 2.500000000000000444 ) ) ;
#4242 = ORIENTED_EDGE ( 'NONE', *, *, #4191, .T. ) ;
#4243 = EDGE_LOOP ( 'NONE', ( #1699, #4186, #2545, #1626 ) ) ;
#4244 = FILL_AREA_STYLE_COLOUR ( '', #2629 ) ;
#4245 = CARTESIAN_POINT ( 'NONE',  ( 2.641323004694410059, 3.000000000000000888, -1.805183329931393077 ) ) ;
#4246 = PRESENTATION_LAYER_ASSIGNMENT (  '', '', ( #3621 ) ) ;
#4247 = CARTESIAN_POINT ( 'NONE',  ( 1.220930602704621837, 3.000000000000000000, -0.8855360470988036248 ) ) ;
#4248 = CARTESIAN_POINT ( 'NONE',  ( 1.142720842757629418, 3.000000000000000888, -0.9798606003582994717 ) ) ;
#4249 = CARTESIAN_POINT ( 'NONE',  ( 1.394999999999999796, -0.1000000000000000056, -2.500000000000000444 ) ) ;
#4250 = COLOUR_RGB ( '',1.000000000000000000, 1.000000000000000000, 1.000000000000000000 ) ;
#4251 = LINE ( 'NONE', #983, #618 ) ;
#4252 = VECTOR ( 'NONE', #958, 1000.000000000000227 ) ;
#4253 =( LENGTH_UNIT ( ) NAMED_UNIT ( * ) SI_UNIT ( .MILLI., .METRE. ) );
#4254 = FILL_AREA_STYLE ('',( #2077 ) ) ;
#4255 = CARTESIAN_POINT ( 'NONE',  ( 1.213298624243933199, 2.999899999999999789, 0.3537943151832227962 ) ) ;
#4256 = CARTESIAN_POINT ( 'NONE',  ( 2.642684319598296749, 3.000000000000000000, -0.6149664925970361740 ) ) ;
#4257 = SURFACE_STYLE_FILL_AREA ( #4324 ) ;
#4258 = STYLED_ITEM ( 'NONE', ( #41 ), #2442 ) ;
#4259 = CARTESIAN_POINT ( 'NONE',  ( 1.220930602704621837, 3.000000000000000000, 1.585052188195314349 ) ) ;
#4260 = EDGE_CURVE ( 'NONE', #1654, #77, #2240, .T. ) ;
#4261 = VERTEX_POINT ( 'NONE', #2593 ) ;
#4262 =( NAMED_UNIT ( * ) PLANE_ANGLE_UNIT ( ) SI_UNIT ( $, .RADIAN. ) );
#4263 = CARTESIAN_POINT ( 'NONE',  ( 2.607189793881092399, 3.000000000000000000, -1.066832002981156435 ) ) ;
#4264 = EDGE_LOOP ( 'NONE', ( #2245, #1811, #2410, #62 ) ) ;
#4265 = CARTESIAN_POINT ( 'NONE',  ( -1.974192849755940671, 2.999900000000000233, -0.4815314960629848984 ) ) ;
#4266 = ORIENTED_EDGE ( 'NONE', *, *, #4202, .T. ) ;
#4267 = VERTEX_POINT ( 'NONE', #3706 ) ;
#4268 = SURFACE_SIDE_STYLE ('',( #3163 ) ) ;
#4269 = PRESENTATION_STYLE_ASSIGNMENT (( #1359 ) ) ;
#4270 = DIRECTION ( 'NONE',  ( 0.5095424031107078644, 0.000000000000000000, 0.8604455470465084410 ) ) ;
#4271 = CARTESIAN_POINT ( 'NONE',  ( 2.639295963283396773, 2.999899999999999789, -1.785550615335146363 ) ) ;
#4272 = CARTESIAN_POINT ( 'NONE',  ( 1.161530783382918042, 2.999899999999999789, -1.079908615883631962 ) ) ;
#4273 = CARTESIAN_POINT ( 'NONE',  ( 2.571941074772256641, 2.999900000000001121, -1.952950128405642749 ) ) ;
#4274 = CARTESIAN_POINT ( 'NONE',  ( 2.564450823292857784, 3.000000000000000444, -1.948840275039980474 ) ) ;
#4275 =( NAMED_UNIT ( * ) PLANE_ANGLE_UNIT ( ) SI_UNIT ( $, .RADIAN. ) );
#4276 =( NAMED_UNIT ( * ) PLANE_ANGLE_UNIT ( ) SI_UNIT ( $, .RADIAN. ) );
#4277 = CARTESIAN_POINT ( 'NONE',  ( 1.146505634764221959, 2.999999999999998668, 0.1908954665073277213 ) ) ;
#4278 = CARTESIAN_POINT ( 'NONE',  ( 2.642673057520803503, 2.999999999999999112, -0.5955304372566720961 ) ) ;
#4279 = CARTESIAN_POINT ( 'NONE',  ( 1.200042968348131511, 3.000000000000000444, 1.596098812939187983 ) ) ;
#4280 = STYLED_ITEM ( 'NONE', ( #3500 ), #752 ) ;
#4281 = MECHANICAL_DESIGN_GEOMETRIC_PRESENTATION_REPRESENTATION (  '', ( #2154 ), #2131 ) ;
#4282 = PRESENTATION_STYLE_ASSIGNMENT (( #4646 ) ) ;
#4283 = AXIS2_PLACEMENT_3D ( 'NONE', #4406, #1114, #1464 ) ;
#4284 = VECTOR ( 'NONE', #4031, 1000.000000000000000 ) ;
#4285 = DIRECTION ( 'NONE',  ( -0.5103313329909725526, 0.000000000000000000, -0.8599778663242776400 ) ) ;
#4286 = EDGE_LOOP ( 'NONE', ( #4719, #3041, #3083, #1111 ) ) ;
#4287 = CARTESIAN_POINT ( 'NONE',  ( 1.142690712998739588, 2.999900000000000233, -1.849920238275274187 ) ) ;
#4288 = EDGE_LOOP ( 'NONE', ( #4602, #4066, #101, #4173 ) ) ;
#4289 = SHAPE_DEFINITION_REPRESENTATION ( #2970, #4558 ) ;
#4290 = COLOUR_RGB ( '',1.000000000000000000, 1.000000000000000000, 1.000000000000000000 ) ;
#4291 = EDGE_LOOP ( 'NONE', ( #2037, #891, #917, #2061 ) ) ;
#4292 = SURFACE_STYLE_FILL_AREA ( #4654 ) ;
#4293 = EDGE_CURVE ( 'NONE', #3396, #2497, #4181, .T. ) ;
#4294 = ADVANCED_FACE ( 'NONE', ( #544 ), #3605, .T. ) ;
#4295 = CLOSED_SHELL ( 'NONE', ( #4644, #2788, #4008, #1250, #609, #99, #764, #4083, #2447, #2930, #1667, #4505, #3429, #2761, #2094, #398, #2738, #4105, #1563, #1945, #1174, #1947, #2415, #2228, #2345, #276, #941, #2340, #4645, #1971, #3311, #3193, #1408, #4352, #2432, #4196, #126, #3635, #3753, #3286, #2286, #474, #827, #4046, #1311, #805, #2402, #1256, #4012, #3817, #4553, #3572, #1016, #4294, #3772, #1912, #401, #1400, #70, #2686, #1050, #2315, #2063, #4611, #2751, #1428, #1791, #4133, #3299, #4447, #2149, #4571, #2290, #752, #2274, #2948, #4135, #1449, #1599, #1998, #161, #1162, #750, #1711 ) ) ;
#4296 = CARTESIAN_POINT ( 'NONE',  ( -2.943241815541270956, 2.999900000000000233, 2.819567424523459209 ) ) ;
#4297 = CARTESIAN_POINT ( 'NONE',  ( 1.142690712998739588, 2.999900000000000233, -0.9692906426870387948 ) ) ;
#4298 =( NAMED_UNIT ( * ) SI_UNIT ( $, .STERADIAN. ) SOLID_ANGLE_UNIT ( ) );
#4299 = CARTESIAN_POINT ( 'NONE',  ( -0.6555708025118480720, 2.999900000000000233, -0.6561377952755882426 ) ) ;
#4300 = EDGE_CURVE ( 'NONE', #1543, #2744, #4574, .T. ) ;
#4301 = MECHANICAL_DESIGN_GEOMETRIC_PRESENTATION_REPRESENTATION (  '', ( #3674 ), #4134 ) ;
#4302 =( NAMED_UNIT ( * ) SI_UNIT ( $, .STERADIAN. ) SOLID_ANGLE_UNIT ( ) );
#4303 = CARTESIAN_POINT ( 'NONE',  ( 1.175344842613581742, 2.999900000000000233, 0.1449430713849993169 ) ) ;
#4304 = PRESENTATION_STYLE_ASSIGNMENT (( #3474 ) ) ;
#4305 = EDGE_CURVE ( 'NONE', #2689, #1648, #1979, .T. ) ;
#4306 = VECTOR ( 'NONE', #2557, 1000.000000000000000 ) ;
#4307 = CARTESIAN_POINT ( 'NONE',  ( 1.142690712998739588, 3.000000000000000000, 1.501297592607079068 ) ) ;
#4308 = B_SPLINE_SURFACE_WITH_KNOTS ( 'NONE', 3, 1, ( 
 ( #4204, #3826 ),
 ( #4255, #2007 ),
 ( #934, #174 ),
 ( #1714, #2053 ),
 ( #987, #3129 ),
 ( #196, #1645 ),
 ( #4182, #3897 ),
 ( #959, #3428 ),
 ( #1671, #4594 ),
 ( #3100, #3848 ),
 ( #2033, #1316 ) ),
 .UNSPECIFIED., .F., .F., .F.,
 ( 4, 1, 1, 1, 1, 1, 1, 1, 4 ),
 ( 2, 2 ),
 ( 0.000000000000000000, 0.1528910399261251274, 0.2655498866055909235, 0.3469726293230768754, 0.4171409348174465181, 0.5027291515886446183, 0.6212628926146345210, 0.7862933040589767941, 1.000000000000000000 ),
 ( 0.000000000000000000, 1.000000000000000000 ),
 .UNSPECIFIED. ) ;
#4309 = CARTESIAN_POINT ( 'NONE',  ( 2.642667625737632253, 2.999900000000000233, 0.2602371756145618331 ) ) ;
#4310 = CARTESIAN_POINT ( 'NONE',  ( 2.642673057520803503, 2.999999999999998668, 0.6397636803903865577 ) ) ;
#4311 = ORIENTED_EDGE ( 'NONE', *, *, #1395, .T. ) ;
#4312 = EDGE_LOOP ( 'NONE', ( #125, #3445, #3974, #4376 ) ) ;
#4313 = CARTESIAN_POINT ( 'NONE',  ( 2.607189793881092399, 3.000000000000000000, 0.7302727764306083946 ) ) ;
#4314 = VECTOR ( 'NONE', #4718, 1000.000000000000000 ) ;
#4315 =( NAMED_UNIT ( * ) PLANE_ANGLE_UNIT ( ) SI_UNIT ( $, .RADIAN. ) );
#4316 = FILL_AREA_STYLE_COLOUR ( '', #3718 ) ;
#4317 =( LENGTH_UNIT ( ) NAMED_UNIT ( * ) SI_UNIT ( .MILLI., .METRE. ) );
#4318 = CARTESIAN_POINT ( 'NONE',  ( -1.447834582039406515, 2.999900000000000233, -0.9164999999999924318 ) ) ;
#4319 = VECTOR ( 'NONE', #3899, 1000.000000000000000 ) ;
#4320 = SURFACE_STYLE_FILL_AREA ( #1181 ) ;
#4321 =( NAMED_UNIT ( * ) SI_UNIT ( $, .STERADIAN. ) SOLID_ANGLE_UNIT ( ) );
#4322 =( NAMED_UNIT ( * ) SI_UNIT ( $, .STERADIAN. ) SOLID_ANGLE_UNIT ( ) );
#4323 = CARTESIAN_POINT ( 'NONE',  ( 1.200201249945043180, 3.000000000000001332, -0.7076870924827134424 ) ) ;
#4324 = FILL_AREA_STYLE ('',( #2785 ) ) ;
#4325 = CARTESIAN_POINT ( 'NONE',  ( 1.143068033057007771, 3.000000000000000000, -0.6450862253979010585 ) ) ;
#4326 = PRESENTATION_LAYER_ASSIGNMENT (  '', '', ( #3099 ) ) ;
#4327 = MECHANICAL_DESIGN_GEOMETRIC_PRESENTATION_REPRESENTATION (  '', ( #980 ), #2634 ) ;
#4328 = CARTESIAN_POINT ( 'NONE',  ( 2.616607625011923233, 2.999900000000000233, 0.1741478421235338192 ) ) ;
#4329 = CARTESIAN_POINT ( 'NONE',  ( 2.635047234864875687, 3.000000000000000888, 0.6996747213392368048 ) ) ;
#4330 = LINE ( 'NONE', #1677, #4522 ) ;
#4331 = DIRECTION ( 'NONE',  ( 0.8679317172888709742, 0.000000000000000000, 0.4966835351851230929 ) ) ;
#4332 = ORIENTED_EDGE ( 'NONE', *, *, #4160, .F. ) ;
#4333 =( NAMED_UNIT ( * ) SI_UNIT ( $, .STERADIAN. ) SOLID_ANGLE_UNIT ( ) );
#4334 = COLOUR_RGB ( '',1.000000000000000000, 1.000000000000000000, 1.000000000000000000 ) ;
#4335 = FILL_AREA_STYLE_COLOUR ( '', #1185 ) ;
#4336 = CARTESIAN_POINT ( 'NONE',  ( 2.642636186262781628, 3.000000000000000888, -0.9344734550235077597 ) ) ;
#4337 = SURFACE_STYLE_FILL_AREA ( #2526 ) ;
#4338 =( NAMED_UNIT ( * ) SI_UNIT ( $, .STERADIAN. ) SOLID_ANGLE_UNIT ( ) );
#4339 = B_SPLINE_CURVE_WITH_KNOTS ( 'NONE', 3,
 ( #1447, #2901, #2158, #1169, #2558, #3282, #2254, #3690, #1802, #423, #1099 ),
 .UNSPECIFIED., .F., .F.,
 ( 4, 1, 1, 1, 1, 1, 1, 1, 4 ),
 ( 0.000000000000000000, 0.08608748684242689686, 0.1612668260071323245, 0.2388542627190386181, 0.3281828305663082035, 0.4373273942705390160, 0.5807184561777902765, 0.7620511388035712264, 1.000000000000000000 ),
 .UNSPECIFIED. ) ;
#4340 = FACE_OUTER_BOUND ( 'NONE', #4312, .T. ) ;
#4341 = CARTESIAN_POINT ( 'NONE',  ( 0.6067008510314587655, 2.999900000000000233, -0.7267047244094460012 ) ) ;
#4342 = B_SPLINE_SURFACE_WITH_KNOTS ( 'NONE', 3, 1, ( 
 ( #1588, #4247 ),
 ( #2416, #925 ),
 ( #3188, #1685 ),
 ( #2437, #2047 ),
 ( #214, #979 ),
 ( #2460, #3465 ),
 ( #661, #263 ),
 ( #3517, #4589 ),
 ( #2089, #1001 ),
 ( #3543, #585 ),
 ( #4297, #951 ) ),
 .UNSPECIFIED., .F., .F., .F.,
 ( 4, 1, 1, 1, 1, 1, 1, 1, 4 ),
 ( 2, 2 ),
 ( 0.000000000000000000, 0.1528910399261251551, 0.2655498866055909790, 0.3469726293230769865, 0.4171409348174466292, 0.5027291515886447293, 0.6212628926146344099, 0.7862933040589770162, 1.000000000000000000 ),
 ( 0.000000000000000000, 1.000000000000000000 ),
 .UNSPECIFIED. ) ;
#4343 = CARTESIAN_POINT ( 'NONE',  ( 1.142722440240110604, 3.000000000000000444, -1.839812128119887813 ) ) ;
#4344 = CARTESIAN_POINT ( 'NONE',  ( 1.142690712998739588, 2.999900000000000233, -0.9692906426870387948 ) ) ;
#4345 = CARTESIAN_POINT ( 'NONE',  ( 1.142690712998739588, 3.000000000000000000, -0.6146261206282154221 ) ) ;
#4346 = PRESENTATION_LAYER_ASSIGNMENT (  '', '', ( #4661 ) ) ;
#4347 = EDGE_CURVE ( 'NONE', #528, #1696, #2989, .T. ) ;
#4348 = CARTESIAN_POINT ( 'NONE',  ( -3.354999999999998206, 0.000000000000000000, 3.455000000000000515 ) ) ;
#4349 = DIRECTION ( 'NONE',  ( -0.8571493051170773203, 0.000000000000000000, -0.5150680234078907072 ) ) ;
#4350 = PLANE ( 'NONE',  #1613 ) ;
#4351 = CARTESIAN_POINT ( 'NONE',  ( 1.178191632116386556, 2.999900000000000233, 0.1426119308423729748 ) ) ;
#4352 = ADVANCED_FACE ( 'NONE', ( #1291 ), #3360, .T. ) ;
#4353 = ORIENTED_EDGE ( 'NONE', *, *, #311, .T. ) ;
#4354 = LINE ( 'NONE', #382, #1354 ) ;
#4355 = CARTESIAN_POINT ( 'NONE',  ( 0.4118740793779169795, 2.999900000000000233, -0.2717755905511823888 ) ) ;
#4356 = CARTESIAN_POINT ( 'NONE',  ( 2.564450823292857340, 3.000000000000000000, 0.5217479602541378325 ) ) ;
#4357 = EDGE_CURVE ( 'NONE', #3081, #1356, #2487, .T. ) ;
#4358 = ORIENTED_EDGE ( 'NONE', *, *, #620, .T. ) ;
#4359 = VECTOR ( 'NONE', #1224, 1000.000000000000227 ) ;
#4360 = FACE_BOUND ( 'NONE', #3535, .T. ) ;
#4361 = CARTESIAN_POINT ( 'NONE',  ( -0.8944881253464941340, 2.999900000000000233, -0.8987480314960591965 ) ) ;
#4362 = CARTESIAN_POINT ( 'NONE',  ( 2.618218846677510481, 3.000000000000000000, -1.967658388452810492 ) ) ;
#4363 =( GEOMETRIC_REPRESENTATION_CONTEXT ( 3 ) GLOBAL_UNCERTAINTY_ASSIGNED_CONTEXT ( ( #2019 ) ) GLOBAL_UNIT_ASSIGNED_CONTEXT ( ( #494, #3408, #2580 ) ) REPRESENTATION_CONTEXT ( 'NONE', 'WORKASPACE' ) );
#4364 = ORIENTED_EDGE ( 'NONE', *, *, #2858, .F. ) ;
#4365 = CARTESIAN_POINT ( 'NONE',  ( 1.149025747743360082, 3.000000000000000000, -1.766056774136323115 ) ) ;
#4366 =( NAMED_UNIT ( * ) SI_UNIT ( $, .STERADIAN. ) SOLID_ANGLE_UNIT ( ) );
#4367 = UNCERTAINTY_MEASURE_WITH_UNIT (LENGTH_MEASURE( 1.000000000000000082E-05 ), #446, 'distance_accuracy_value', 'NONE');
#4368 = STYLED_ITEM ( 'NONE', ( #1468 ), #4012 ) ;
#4369 = B_SPLINE_CURVE_WITH_KNOTS ( 'NONE', 3,
 ( #1166, #3614, #1072, #1897, #3984, #782, #1516, #1869, #4057, #2603, #351 ),
 .UNSPECIFIED., .F., .F.,
 ( 4, 1, 1, 1, 1, 1, 1, 1, 4 ),
 ( 0.000000000000000000, 0.08269940838263134530, 0.1609352856402981868, 0.2384022412677344882, 0.3252932597831255657, 0.4321161260274609672, 0.5729322032451371616, 0.7592645677637445134, 1.000000000000000000 ),
 .UNSPECIFIED. ) ;
#4370 = FILL_AREA_STYLE ('',( #3644 ) ) ;
#4371 =( NAMED_UNIT ( * ) PLANE_ANGLE_UNIT ( ) SI_UNIT ( $, .RADIAN. ) );
#4372 = DIRECTION ( 'NONE',  ( 0.8644584418281031635, 0.000000000000000000, -0.5027042891722012241 ) ) ;
#4373 = CARTESIAN_POINT ( 'NONE',  ( 1.220930602704621837, 2.999900000000000233, -0.8855360470988036248 ) ) ;
#4374 = EDGE_CURVE ( 'NONE', #2167, #1543, #3965, .T. ) ;
#4375 = CARTESIAN_POINT ( 'NONE',  ( 2.629826558503599365, 2.999999999999999556, 1.616231457385233883 ) ) ;
#4376 = ORIENTED_EDGE ( 'NONE', *, *, #4357, .T. ) ;
#4377 = DIRECTION ( 'NONE',  ( 0.4998928826337484255, 0.000000000000000000, -0.8660872391925200642 ) ) ;
#4378 =( GEOMETRIC_REPRESENTATION_CONTEXT ( 3 ) GLOBAL_UNCERTAINTY_ASSIGNED_CONTEXT ( ( #1532 ) ) GLOBAL_UNIT_ASSIGNED_CONTEXT ( ( #4518, #1571, #3033 ) ) REPRESENTATION_CONTEXT ( 'NONE', 'WORKASPACE' ) );
#4379 = CARTESIAN_POINT ( 'NONE',  ( 1.146505634764222181, 2.999900000000000677, -1.044398651139731404 ) ) ;
#4380 = PRESENTATION_STYLE_ASSIGNMENT (( #19 ) ) ;
#4381 = ORIENTED_EDGE ( 'NONE', *, *, #3792, .F. ) ;
#4382 = FILL_AREA_STYLE_COLOUR ( '', #4176 ) ;
#4383 =( NAMED_UNIT ( * ) SI_UNIT ( $, .STERADIAN. ) SOLID_ANGLE_UNIT ( ) );
#4384 = COLOUR_RGB ( '',1.000000000000000000, 1.000000000000000000, 1.000000000000000000 ) ;
#4385 =( GEOMETRIC_REPRESENTATION_CONTEXT ( 3 ) GLOBAL_UNCERTAINTY_ASSIGNED_CONTEXT ( ( #3581 ) ) GLOBAL_UNIT_ASSIGNED_CONTEXT ( ( #50, #4153, #3390 ) ) REPRESENTATION_CONTEXT ( 'NONE', 'WORKASPACE' ) );
#4386 = LINE ( 'NONE', #2199, #3920 ) ;
#4387 = LINE ( 'NONE', #42, #4111 ) ;
#4388 = FILL_AREA_STYLE ('',( #68 ) ) ;
#4389 = ORIENTED_EDGE ( 'NONE', *, *, #2581, .T. ) ;
#4390 = CARTESIAN_POINT ( 'NONE',  ( 1.142690712998739810, 2.999900000000000233, -1.849920238275274409 ) ) ;
#4391 = CARTESIAN_POINT ( 'NONE',  ( -1.702027495425233905, 3.000000000000000000, -0.8668464566929088289 ) ) ;
#4392 = SURFACE_STYLE_USAGE ( .BOTH. , #3367 ) ;
#4393 = EDGE_CURVE ( 'NONE', #3280, #1725, #3195, .T. ) ;
#4394 = LINE ( 'NONE', #3670, #2606 ) ;
#4395 = VECTOR ( 'NONE', #2647, 1000.000000000000000 ) ;
#4396 =( GEOMETRIC_REPRESENTATION_CONTEXT ( 3 ) GLOBAL_UNCERTAINTY_ASSIGNED_CONTEXT ( ( #2633 ) ) GLOBAL_UNIT_ASSIGNED_CONTEXT ( ( #4217, #259, #3439 ) ) REPRESENTATION_CONTEXT ( 'NONE', 'WORKASPACE' ) );
#4397 = FACE_OUTER_BOUND ( 'NONE', #744, .T. ) ;
#4398 = EDGE_CURVE ( 'NONE', #3462, #1167, #2136, .T. ) ;
#4399 = CARTESIAN_POINT ( 'NONE',  ( -1.486720408811058380, 2.999900000000000233, -0.6494015748031420898 ) ) ;
#4400 = CARTESIAN_POINT ( 'NONE',  ( 1.169901077095653052, 3.000000000000000000, 1.384694906222209809 ) ) ;
#4401 = VECTOR ( 'NONE', #3820, 1000.000000000000114 ) ;
#4402 = ORIENTED_EDGE ( 'NONE', *, *, #2792, .T. ) ;
#4403 = FACE_OUTER_BOUND ( 'NONE', #972, .T. ) ;
#4404 = UNCERTAINTY_MEASURE_WITH_UNIT (LENGTH_MEASURE( 1.000000000000000082E-05 ), #4730, 'distance_accuracy_value', 'NONE');
#4405 = LINE ( 'NONE', #1113, #1007 ) ;
#4406 = CARTESIAN_POINT ( 'NONE',  ( 2.607189793881092399, 2.999900000000000233, 0.7302727764306083946 ) ) ;
#4407 = ORIENTED_EDGE ( 'NONE', *, *, #1517, .T. ) ;
#4408 = CARTESIAN_POINT ( 'NONE',  ( -1.447834582039406515, 2.999900000000000233, -0.9164999999999924318 ) ) ;
#4409 = PRESENTATION_STYLE_ASSIGNMENT (( #682 ) ) ;
#4410 = FILL_AREA_STYLE ('',( #3253 ) ) ;
#4411 = EDGE_LOOP ( 'NONE', ( #2220, #4471, #1062, #206 ) ) ;
#4412 = CARTESIAN_POINT ( 'NONE',  ( 2.610467510789359125, 3.000000000000000888, 1.405735053632306109 ) ) ;
#4413 = UNCERTAINTY_MEASURE_WITH_UNIT (LENGTH_MEASURE( 1.000000000000000082E-05 ), #154, 'distance_accuracy_value', 'NONE');
#4414 = CARTESIAN_POINT ( 'NONE',  ( 2.642682354305278203, 2.999900000000000233, -0.9564263157231580603 ) ) ;
#4415 = DIRECTION ( 'NONE',  ( 0.8644584418281031635, 0.000000000000000000, -0.5027042891722011131 ) ) ;
#4416 = SURFACE_STYLE_FILL_AREA ( #763 ) ;
#4417 = ORIENTED_EDGE ( 'NONE', *, *, #2092, .F. ) ;
#4418 = PLANE ( 'NONE',  #27 ) ;
#4419 = CARTESIAN_POINT ( 'NONE',  ( 1.169738862666132251, 2.999899999999999789, -0.5073267487490195071 ) ) ;
#4420 = DIRECTION ( 'NONE',  ( 4.339854026963297767E-13, 1.000000000000000000, 8.964652375095414489E-13 ) ) ;
#4421 =( NAMED_UNIT ( * ) PLANE_ANGLE_UNIT ( ) SI_UNIT ( $, .RADIAN. ) );
#4422 = VERTEX_POINT ( 'NONE', #2856 ) ;
#4423 = CARTESIAN_POINT ( 'NONE',  ( 1.149025747743360082, 3.000000000000000000, -1.766056774136323115 ) ) ;
#4424 = ORIENTED_EDGE ( 'NONE', *, *, #3148, .T. ) ;
#4425 = CARTESIAN_POINT ( 'NONE',  ( 1.220930602704621837, 2.999900000000000233, -1.932296157392921154 ) ) ;
#4426 =( NAMED_UNIT ( * ) PLANE_ANGLE_UNIT ( ) SI_UNIT ( $, .RADIAN. ) );
#4427 = VERTEX_POINT ( 'NONE', #4615 ) ;
#4428 = PRESENTATION_STYLE_ASSIGNMENT (( #2174 ) ) ;
#4429 = SURFACE_STYLE_FILL_AREA ( #2599 ) ;
#4430 = EDGE_CURVE ( 'NONE', #2737, #20, #4688, .T. ) ;
#4431 = SURFACE_SIDE_STYLE ('',( #2176 ) ) ;
#4432 = CARTESIAN_POINT ( 'NONE',  ( 2.642690712998739588, 2.999900000000000233, 0.2894409749600200255 ) ) ;
#4433 = DIRECTION ( 'NONE',  ( 0.000000000000000000, 0.000000000000000000, -1.000000000000000000 ) ) ;
#4434 = VERTEX_POINT ( 'NONE', #3498 ) ;
#4435 = CARTESIAN_POINT ( 'NONE',  ( 1.143897626635291154, 3.000000000000000444, -1.798008220888251518 ) ) ;
#4436 = B_SPLINE_CURVE_WITH_KNOTS ( 'NONE', 3,
 ( #4163, #3379, #529, #2742, #4114, #3417, #106, #4215, #874, #2318, #944 ),
 .UNSPECIFIED., .F., .F.,
 ( 4, 1, 1, 1, 1, 1, 1, 1, 4 ),
 ( 0.000000000000000000, 0.1528910399261251274, 0.2655498866055909235, 0.3469726293230768754, 0.4171409348174465181, 0.5027291515886446183, 0.6212628926146345210, 0.7862933040589767941, 1.000000000000000000 ),
 .UNSPECIFIED. ) ;
#4437 = PRESENTATION_LAYER_ASSIGNMENT (  '', '', ( #2589 ) ) ;
#4438 = LINE ( 'NONE', #4344, #1957 ) ;
#4439 = SURFACE_STYLE_FILL_AREA ( #758 ) ;
#4440 = SURFACE_STYLE_USAGE ( .BOTH. , #1927 ) ;
#4441 = FACE_OUTER_BOUND ( 'NONE', #4144, .T. ) ;
#4442 = VECTOR ( 'NONE', #3617, 1000.000000000000000 ) ;
#4443 = DIRECTION ( 'NONE',  ( -0.000000000000000000, -0.000000000000000000, -1.000000000000000000 ) ) ;
#4444 = CARTESIAN_POINT ( 'NONE',  ( 2.629964885561349330, 2.999899999999999789, -0.7237011796189150026 ) ) ;
#4445 = ORIENTED_EDGE ( 'NONE', *, *, #3098, .F. ) ;
#4446 = CARTESIAN_POINT ( 'NONE',  ( 1.220930602704621837, 2.999900000000000233, -1.932296157392921154 ) ) ;
#4447 = ADVANCED_FACE ( 'NONE', ( #243 ), #420, .F. ) ;
#4448 = PLANE ( 'NONE',  #3915 ) ;
#4449 =( LENGTH_UNIT ( ) NAMED_UNIT ( * ) SI_UNIT ( .MILLI., .METRE. ) );
#4450 = ORIENTED_EDGE ( 'NONE', *, *, #4663, .F. ) ;
#4451 = CARTESIAN_POINT ( 'NONE',  ( 1.178191632116386556, 2.999900000000000233, -1.092682186804686095 ) ) ;
#4452 = UNCERTAINTY_MEASURE_WITH_UNIT (LENGTH_MEASURE( 1.000000000000000082E-05 ), #3249, 'distance_accuracy_value', 'NONE');
#4453 = CARTESIAN_POINT ( 'NONE',  ( 2.610467510789359125, 3.000000000000000888, 1.405735053632306109 ) ) ;
#4454 = DIRECTION ( 'NONE',  ( -0.000000000000000000, 1.000000000000000000, -0.000000000000000000 ) ) ;
#4455 = SURFACE_STYLE_USAGE ( .BOTH. , #4723 ) ;
#4456 = VERTEX_POINT ( 'NONE', #706 ) ;
#4457 = SURFACE_STYLE_FILL_AREA ( #2996 ) ;
#4458 = AXIS2_PLACEMENT_3D ( 'NONE', #1499, #2906, #4415 ) ;
#4459 = AXIS2_PLACEMENT_3D ( 'NONE', #447, #1844, #2250 ) ;
#4460 = VERTEX_POINT ( 'NONE', #1142 ) ;
#4461 = DIRECTION ( 'NONE',  ( -0.000000000000000000, 1.000000000000000000, -0.000000000000000000 ) ) ;
#4462 = LINE ( 'NONE', #781, #684 ) ;
#4463 = EDGE_CURVE ( 'NONE', #3110, #3997, #2003, .T. ) ;
#4464 = ORIENTED_EDGE ( 'NONE', *, *, #4713, .T. ) ;
#4465 = CARTESIAN_POINT ( 'NONE',  ( 1.161530783382917820, 2.999899999999999789, 1.390679619410485790 ) ) ;
#4466 = FILL_AREA_STYLE_COLOUR ( '', #893 ) ;
#4467 = SURFACE_STYLE_FILL_AREA ( #3006 ) ;
#4468 =( GEOMETRIC_REPRESENTATION_CONTEXT ( 3 ) GLOBAL_UNCERTAINTY_ASSIGNED_CONTEXT ( ( #1308 ) ) GLOBAL_UNIT_ASSIGNED_CONTEXT ( ( #2342, #155, #1610 ) ) REPRESENTATION_CONTEXT ( 'NONE', 'WORKASPACE' ) );
#4469 = CARTESIAN_POINT ( 'NONE',  ( 2.640139079277641354, 2.999900000000001121, -0.6872634109033418648 ) ) ;
#4470 = B_SPLINE_CURVE_WITH_KNOTS ( 'NONE', 3,
 ( #2770, #1660, #2412, #3814 ),
 .UNSPECIFIED., .F., .F.,
 ( 4, 4 ),
 ( 0.09090909090909091161, 0.1818181818181818232 ),
 .UNSPECIFIED. ) ;
#4471 = ORIENTED_EDGE ( 'NONE', *, *, #1023, .F. ) ;
#4472 = DIRECTION ( 'NONE',  ( -0.000000000000000000, 1.000000000000000000, -0.000000000000000000 ) ) ;
#4473 = CARTESIAN_POINT ( 'NONE',  ( 2.642539632016172924, 2.999900000000000677, 1.556265576933502315 ) ) ;
#4474 = EDGE_CURVE ( 'NONE', #3132, #77, #3365, .T. ) ;
#4475 = ORIENTED_EDGE ( 'NONE', *, *, #543, .T. ) ;
#4476 = MECHANICAL_DESIGN_GEOMETRIC_PRESENTATION_REPRESENTATION (  '', ( #3856 ), #4056 ) ;
#4477 = CARTESIAN_POINT ( 'NONE',  ( 1.213334361882071777, 3.000000000000000444, 0.5343765560452014007 ) ) ;
#4478 =( NAMED_UNIT ( * ) SI_UNIT ( $, .STERADIAN. ) SOLID_ANGLE_UNIT ( ) );
#4479 = CARTESIAN_POINT ( 'NONE',  ( 2.015737587998739588, 3.000000000000000000, -0.1700029588635093569 ) ) ;
#4480 = ORIENTED_EDGE ( 'NONE', *, *, #3485, .F. ) ;
#4481 =( NAMED_UNIT ( * ) PLANE_ANGLE_UNIT ( ) SI_UNIT ( $, .RADIAN. ) );
#4482 = CARTESIAN_POINT ( 'NONE',  ( 2.629964885561349330, 2.999899999999999789, 0.5115929380281439842 ) ) ;
#4483 = CARTESIAN_POINT ( 'NONE',  ( 2.610467510789358681, 2.999899999999999789, 0.1704409359852467054 ) ) ;
#4484 =( GEOMETRIC_REPRESENTATION_CONTEXT ( 3 ) GLOBAL_UNCERTAINTY_ASSIGNED_CONTEXT ( ( #4030 ) ) GLOBAL_UNIT_ASSIGNED_CONTEXT ( ( #3671, #403, #2231 ) ) REPRESENTATION_CONTEXT ( 'NONE', 'WORKASPACE' ) );
#4485 = CARTESIAN_POINT ( 'NONE',  ( 1.142690712998739588, 2.999900000000000233, 0.2660034749600200255 ) ) ;
#4486 = FILL_AREA_STYLE ('',( #4564 ) ) ;
#4487 = ORIENTED_EDGE ( 'NONE', *, *, #3913, .T. ) ;
#4488 = CARTESIAN_POINT ( 'NONE',  ( 1.200201249945042958, 2.999899999999999789, -1.942981210129772762 ) ) ;
#4489 = CARTESIAN_POINT ( 'NONE',  ( 1.143793079353702558, 2.999899999999999789, -0.9076861208459413577 ) ) ;
#4490 = CARTESIAN_POINT ( 'NONE',  ( 1.143793079353702780, 3.000000000000000444, 0.3276079968011174626 ) ) ;
#4491 = CARTESIAN_POINT ( 'NONE',  ( -1.394999999999999352, -0.1000000000000000056, -2.500000000000000000 ) ) ;
#4492 = EDGE_CURVE ( 'NONE', #3306, #279, #4438, .T. ) ;
#4493 = ORIENTED_EDGE ( 'NONE', *, *, #4430, .F. ) ;
#4494 = SURFACE_STYLE_FILL_AREA ( #3726 ) ;
#4495 = EDGE_CURVE ( 'NONE', #3347, #4622, #4339, .T. ) ;
#4496 = CARTESIAN_POINT ( 'NONE',  ( 2.642667625737632253, 3.000000000000000000, 0.2602371756145618331 ) ) ;
#4497 = EDGE_LOOP ( 'NONE', ( #1147, #1243, #1240, #1885 ) ) ;
#4498 = B_SPLINE_CURVE_WITH_KNOTS ( 'NONE', 3,
 ( #408, #4065, #1856, #2886 ),
 .UNSPECIFIED., .F., .F.,
 ( 4, 4 ),
 ( 0.5454545454545455252, 0.6363636363636364646 ),
 .UNSPECIFIED. ) ;
#4499 = FACE_OUTER_BOUND ( 'NONE', #4605, .T. ) ;
#4500 = CARTESIAN_POINT ( 'NONE',  ( 1.142690712998739588, 2.999900000000000233, -1.849920238275274187 ) ) ;
#4501 = VECTOR ( 'NONE', #853, 1000.000000000000000 ) ;
#4502 = DIRECTION ( 'NONE',  ( -0.000000000000000000, 1.000000000000000000, -0.000000000000000000 ) ) ;
#4503 = ORIENTED_EDGE ( 'NONE', *, *, #2439, .T. ) ;
#4504 = CARTESIAN_POINT ( 'NONE',  ( 2.616279699699928241, 3.000000000000000444, 0.7256207362585328502 ) ) ;
#4505 = ADVANCED_FACE ( 'NONE', ( #3335 ), #3699, .T. ) ;
#4506 = DIRECTION ( 'NONE',  ( -0.000000000000000000, 1.000000000000000000, -0.000000000000000000 ) ) ;
#4507 = EDGE_CURVE ( 'NONE', #3475, #1764, #2025, .T. ) ;
#4508 = CARTESIAN_POINT ( 'NONE',  ( 0.000000000000000000, 3.000000000000000000, 0.000000000000000000 ) ) ;
#4509 = PLANE ( 'NONE',  #2360 ) ;
#4510 = ORIENTED_EDGE ( 'NONE', *, *, #4300, .F. ) ;
#4511 = CARTESIAN_POINT ( 'NONE',  ( 2.584843896998425095, 2.999900000000001565, 1.615127446249926102 ) ) ;
#4512 = VECTOR ( 'NONE', #2288, 1000.000000000000114 ) ;
#4513 = CARTESIAN_POINT ( 'NONE',  ( 2.642690712998739588, 2.999899999999999789, 1.524735092607079068 ) ) ;
#4514 = PRESENTATION_LAYER_ASSIGNMENT (  '', '', ( #1825 ) ) ;
#4515 = SURFACE_STYLE_FILL_AREA ( #883 ) ;
#4516 =( LENGTH_UNIT ( ) NAMED_UNIT ( * ) SI_UNIT ( .MILLI., .METRE. ) );
#4517 = MECHANICAL_DESIGN_GEOMETRIC_PRESENTATION_REPRESENTATION (  '', ( #3278 ), #3276 ) ;
#4518 =( LENGTH_UNIT ( ) NAMED_UNIT ( * ) SI_UNIT ( .MILLI., .METRE. ) );
#4519 = EDGE_LOOP ( 'NONE', ( #4724, #1598, #1657, #1179 ) ) ;
#4520 = EDGE_CURVE ( 'NONE', #1899, #2409, #633, .T. ) ;
#4521 = FILL_AREA_STYLE ('',( #4232 ) ) ;
#4522 = VECTOR ( 'NONE', #3137, 1000.000000000000000 ) ;
#4523 = VERTEX_POINT ( 'NONE', #3841 ) ;
#4524 = CARTESIAN_POINT ( 'NONE',  ( 2.642539632016172924, 3.000000000000000888, 1.556265576933502315 ) ) ;
#4525 = ORIENTED_EDGE ( 'NONE', *, *, #732, .T. ) ;
#4526 = CARTESIAN_POINT ( 'NONE',  ( 2.642690712998740032, 3.000000000000000444, -1.861294319157627442 ) ) ;
#4527 = CARTESIAN_POINT ( 'NONE',  ( 1.142825864974269079, 3.000000000000000000, 0.6097575159981364346 ) ) ;
#4528 = CARTESIAN_POINT ( 'NONE',  ( -3.354999999999999094, 3.000000000000000000, -3.454999999999999627 ) ) ;
#4529 = ORIENTED_EDGE ( 'NONE', *, *, #1900, .T. ) ;
#4530 = CARTESIAN_POINT ( 'NONE',  ( 1.147672671593930938, 2.999899999999999789, 1.583324717616142241 ) ) ;
#4531 = B_SPLINE_CURVE_WITH_KNOTS ( 'NONE', 3,
 ( #4567, #2701, #190, #1949, #140, #1235, #1637, #3819, #4511, #809, #3406 ),
 .UNSPECIFIED., .F., .F.,
 ( 4, 1, 1, 1, 1, 1, 1, 1, 4 ),
 ( 0.000000000000000000, 0.2090174448045498123, 0.3701215845098708157, 0.4868884033316097093, 0.5748632755078622036, 0.6458207185090942826, 0.7281441267704359399, 0.8423061535616725992, 1.000000000000000000 ),
 .UNSPECIFIED. ) ;
#4532 = FILL_AREA_STYLE_COLOUR ( '', #1322 ) ;
#4533 = LINE ( 'NONE', #2720, #3230 ) ;
#4534 = CARTESIAN_POINT ( 'NONE',  ( 2.624191191930991707, 3.000000000000001332, -1.751155427735973547 ) ) ;
#4535 = VECTOR ( 'NONE', #44, 1000.000000000000114 ) ;
#4536 = CARTESIAN_POINT ( 'NONE',  ( 2.610467510789358236, 2.999900000000000677, -1.064853181661812309 ) ) ;
#4537 = PRESENTATION_STYLE_ASSIGNMENT (( #2346 ) ) ;
#4538 = VERTEX_POINT ( 'NONE', #119 ) ;
#4539 = CARTESIAN_POINT ( 'NONE',  ( 1.149120405164141490, 2.999900000000000677, 1.410468524459412176 ) ) ;
#4540 = CARTESIAN_POINT ( 'NONE',  ( 1.142825864974269079, 2.999900000000000233, 0.6097575159981364346 ) ) ;
#4541 = CARTESIAN_POINT ( 'NONE',  ( -2.943241815541270956, 3.000000000000000000, -2.819567424523458321 ) ) ;
#4542 = CARTESIAN_POINT ( 'NONE',  ( 1.147672671593930938, 2.999899999999999789, 1.583324717616142241 ) ) ;
#4543 = FILL_AREA_STYLE_COLOUR ( '', #3208 ) ;
#4544 = MECHANICAL_DESIGN_GEOMETRIC_PRESENTATION_REPRESENTATION (  '', ( #955 ), #3694 ) ;
#4545 =( LENGTH_UNIT ( ) NAMED_UNIT ( * ) SI_UNIT ( .MILLI., .METRE. ) );
#4546 = CARTESIAN_POINT ( 'NONE',  ( -0.1988070229842903158, 3.000000000000000000, -1.102125984251967505 ) ) ;
#4547 = EDGE_CURVE ( 'NONE', #4069, #1880, #2852, .T. ) ;
#4548 = VERTEX_POINT ( 'NONE', #3768 ) ;
#4549 = EDGE_CURVE ( 'NONE', #301, #3306, #2790, .T. ) ;
#4550 = CARTESIAN_POINT ( 'NONE',  ( 2.642690712998739588, 3.000000000000000000, 0.2894409749600200255 ) ) ;
#4551 = ORIENTED_EDGE ( 'NONE', *, *, #2813, .F. ) ;
#4552 = PRESENTATION_LAYER_ASSIGNMENT (  '', '', ( #1864 ) ) ;
#4553 = ADVANCED_FACE ( 'NONE', ( #3095 ), #1562, .T. ) ;
#4554 = SURFACE_STYLE_USAGE ( .BOTH. , #2039 ) ;
#4555 = CARTESIAN_POINT ( 'NONE',  ( 2.642690712998740032, 2.999900000000000677, -1.861294319157627442 ) ) ;
#4556 = ORIENTED_EDGE ( 'NONE', *, *, #2588, .T. ) ;
#4557 = MECHANICAL_DESIGN_GEOMETRIC_PRESENTATION_REPRESENTATION (  '', ( #3322 ), #2743 ) ;
#4558 = ADVANCED_BREP_SHAPE_REPRESENTATION ( 'XGL6030', ( #2442, #2160 ), #4235 ) ;
#4559 = CARTESIAN_POINT ( 'NONE',  ( 2.610467510789358681, 3.000000000000000000, 0.1704409359852467054 ) ) ;
#4560 = COLOUR_RGB ( '',0.8274509803921568096, 0.8392156862745098200, 0.8274509803921568096 ) ;
#4561 = CARTESIAN_POINT ( 'NONE',  ( 2.642684319598297193, 3.000000000000000888, -1.850260610244095494 ) ) ;
#4562 = CARTESIAN_POINT ( 'NONE',  ( 2.642539632016172924, 2.999900000000001121, -0.9143226583606161029 ) ) ;
#4563 =( GEOMETRIC_REPRESENTATION_CONTEXT ( 3 ) GLOBAL_UNCERTAINTY_ASSIGNED_CONTEXT ( ( #67 ) ) GLOBAL_UNIT_ASSIGNED_CONTEXT ( ( #569, #1596, #3080 ) ) REPRESENTATION_CONTEXT ( 'NONE', 'WORKASPACE' ) );
#4564 = FILL_AREA_STYLE_COLOUR ( '', #692 ) ;
#4565 = VECTOR ( 'NONE', #294, 1000.000000000000000 ) ;
#4566 = ORIENTED_EDGE ( 'NONE', *, *, #2431, .T. ) ;
#4567 = CARTESIAN_POINT ( 'NONE',  ( 2.642690712998739588, 2.999900000000000233, 1.524735092607079068 ) ) ;
#4568 = CARTESIAN_POINT ( 'NONE',  ( 2.642646007643794981, 2.999900000000000233, -0.6379568434597616688 ) ) ;
#4569 = COLOUR_RGB ( '',0.7921568627450980005, 0.8196078431372548767, 0.9333333333333333481 ) ;
#4570 = PRESENTATION_STYLE_ASSIGNMENT (( #3124 ) ) ;
#4571 = ADVANCED_FACE ( 'NONE', ( #952 ), #1905, .F. ) ;
#4572 =( NAMED_UNIT ( * ) SI_UNIT ( $, .STERADIAN. ) SOLID_ANGLE_UNIT ( ) );
#4573 = CARTESIAN_POINT ( 'NONE',  ( 1.175322422394289079, 2.999900000000000233, 0.7317669740917206456 ) ) ;
#4574 = LINE ( 'NONE', #1153, #3627 ) ;
#4575 = CARTESIAN_POINT ( 'NONE',  ( 1.143897626635291154, 2.999900000000000677, -0.5627141032411921984 ) ) ;
#4576 = ORIENTED_EDGE ( 'NONE', *, *, #31, .T. ) ;
#4577 = CARTESIAN_POINT ( 'NONE',  ( 1.142930022522763656, 3.000000000000000000, -0.9572398443958084480 ) ) ;
#4578 = ORIENTED_EDGE ( 'NONE', *, *, #4141, .T. ) ;
#4579 = CARTESIAN_POINT ( 'NONE',  ( 2.607189793881092399, 2.999900000000000233, 0.7302727764306083946 ) ) ;
#4580 = CARTESIAN_POINT ( 'NONE',  ( 1.881316632116386556, 2.999900000000000233, -1.277424833863509690 ) ) ;
#4581 = ORIENTED_EDGE ( 'NONE', *, *, #4507, .T. ) ;
#4582 = CARTESIAN_POINT ( 'NONE',  ( 2.642690712998739588, 2.999900000000000233, 1.524735092607079068 ) ) ;
#4583 = ORIENTED_EDGE ( 'NONE', *, *, #3426, .T. ) ;
#4584 =( NAMED_UNIT ( * ) PLANE_ANGLE_UNIT ( ) SI_UNIT ( $, .RADIAN. ) );
#4585 = MECHANICAL_DESIGN_GEOMETRIC_PRESENTATION_REPRESENTATION (  '', ( #1898 ), #1744 ) ;
#4586 = CARTESIAN_POINT ( 'NONE',  ( 2.015737587998739588, 2.999900000000000233, -1.405297076510568344 ) ) ;
#4587 = CARTESIAN_POINT ( 'NONE',  ( 1.146497715025989406, 2.999900000000001121, -0.5447044079106079240 ) ) ;
#4588 =( NAMED_UNIT ( * ) SI_UNIT ( $, .STERADIAN. ) SOLID_ANGLE_UNIT ( ) );
#4589 = CARTESIAN_POINT ( 'NONE',  ( 1.143793079353702558, 2.999999999999999556, -0.9076861208459413577 ) ) ;
#4590 = CARTESIAN_POINT ( 'NONE',  ( 2.642566788542307865, 2.999899999999999345, -1.894438454935804206 ) ) ;
#4591 = FILL_AREA_STYLE_COLOUR ( '', #3061 ) ;
#4592 = VECTOR ( 'NONE', #1000, 1000.000000000000000 ) ;
#4593 = FILL_AREA_STYLE_COLOUR ( '', #2251 ) ;
#4594 = CARTESIAN_POINT ( 'NONE',  ( 1.143354133692981112, 3.000000000000000000, 0.2994110420057710109 ) ) ;
#4595 = DIRECTION ( 'NONE',  ( 1.255226827769035407E-16, 0.000000000000000000, 1.000000000000000000 ) ) ;
#4596 = EDGE_LOOP ( 'NONE', ( #2035, #2693, #4424, #720 ) ) ;
#4597 = LINE ( 'NONE', #4670, #1399 ) ;
#4598 = ORIENTED_EDGE ( 'NONE', *, *, #3225, .T. ) ;
#4599 =( GEOMETRIC_REPRESENTATION_CONTEXT ( 3 ) GLOBAL_UNCERTAINTY_ASSIGNED_CONTEXT ( ( #495 ) ) GLOBAL_UNIT_ASSIGNED_CONTEXT ( ( #1528, #2496, #102 ) ) REPRESENTATION_CONTEXT ( 'NONE', 'WORKASPACE' ) );
#4600 = CARTESIAN_POINT ( 'NONE',  ( 1.220930602704622059, 3.000000000000000444, 0.5382920779011968193 ) ) ;
#4601 = FACE_OUTER_BOUND ( 'NONE', #86, .T. ) ;
#4602 = ORIENTED_EDGE ( 'NONE', *, *, #1503, .T. ) ;
#4603 = VECTOR ( 'NONE', #1143, 1000.000000000000000 ) ;
#4604 = VERTEX_POINT ( 'NONE', #2774 ) ;
#4605 = EDGE_LOOP ( 'NONE', ( #387, #4332, #4551, #4113 ) ) ;
#4606 = COLOUR_RGB ( '',0.1921568627450980227, 0.2039215686274509776, 0.2039215686274509776 ) ;
#4607 =( NAMED_UNIT ( * ) SI_UNIT ( $, .STERADIAN. ) SOLID_ANGLE_UNIT ( ) );
#4608 = CARTESIAN_POINT ( 'NONE',  ( 2.607189793881092399, 2.999900000000000233, -0.5050213412164505922 ) ) ;
#4609 = UNCERTAINTY_MEASURE_WITH_UNIT (LENGTH_MEASURE( 1.000000000000000082E-05 ), #4061, 'distance_accuracy_value', 'NONE');
#4610 = CARTESIAN_POINT ( 'NONE',  ( 2.641323004694411392, 2.999900000000002009, 0.6654049053627252297 ) ) ;
#4611 = ADVANCED_FACE ( 'NONE', ( #3210 ), #3315, .F. ) ;
#4612 = FILL_AREA_STYLE ('',( #4543 ) ) ;
#4613 = CARTESIAN_POINT ( 'NONE',  ( 2.642690712998739588, 2.999900000000000233, 0.2894409749600200255 ) ) ;
#4614 = PRESENTATION_LAYER_ASSIGNMENT (  '', '', ( #2760 ) ) ;
#4615 = CARTESIAN_POINT ( 'NONE',  ( 1.734142918881092399, 3.000000000000000000, -0.1806877015105681772 ) ) ;
#4616 =( LENGTH_UNIT ( ) NAMED_UNIT ( * ) SI_UNIT ( .MILLI., .METRE. ) );
#4617 = CARTESIAN_POINT ( 'NONE',  ( -0.8275196214094782121, 2.999900000000000233, 1.076720472440948484 ) ) ;
#4618 = LINE ( 'NONE', #2859, #4319 ) ;
#4619 = DIRECTION ( 'NONE',  ( -0.000000000000000000, 1.000000000000000000, -0.000000000000000000 ) ) ;
#4620 = VECTOR ( 'NONE', #4461, 1000.000000000000000 ) ;
#4621 = VECTOR ( 'NONE', #3218, 1000.000000000000114 ) ;
#4622 = VERTEX_POINT ( 'NONE', #4705 ) ;
#4623 = CARTESIAN_POINT ( 'NONE',  ( 1.143068033057008215, 2.999900000000000677, -1.880380343044960378 ) ) ;
#4624 = EDGE_CURVE ( 'NONE', #2791, #2737, #2553, .T. ) ;
#4625 = CARTESIAN_POINT ( 'NONE',  ( 2.616279699699928241, 2.999999999999999556, 0.7256207362585328502 ) ) ;
#4626 = ORIENTED_EDGE ( 'NONE', *, *, #2431, .F. ) ;
#4627 = FACE_OUTER_BOUND ( 'NONE', #3511, .T. ) ;
#4628 = ORIENTED_EDGE ( 'NONE', *, *, #3001, .T. ) ;
#4629 = APPLICATION_CONTEXT ( 'automotive_design' ) ;
#4630 = ORIENTED_EDGE ( 'NONE', *, *, #2845, .F. ) ;
#4631 = CARTESIAN_POINT ( 'NONE',  ( 0.4081181738661062708, 2.999900000000000233, 4.336808689942017736E-16 ) ) ;
#4632 = FILL_AREA_STYLE ('',( #3914 ) ) ;
#4633 = FILL_AREA_STYLE ('',( #658 ) ) ;
#4634 = COLOUR_RGB ( '',1.000000000000000000, 1.000000000000000000, 1.000000000000000000 ) ;
#4635 =( GEOMETRIC_REPRESENTATION_CONTEXT ( 3 ) GLOBAL_UNCERTAINTY_ASSIGNED_CONTEXT ( ( #2027 ) ) GLOBAL_UNIT_ASSIGNED_CONTEXT ( ( #1229, #1559, #485 ) ) REPRESENTATION_CONTEXT ( 'NONE', 'WORKASPACE' ) );
#4636 = CARTESIAN_POINT ( 'NONE',  ( -2.644999999999999130, 0.000000000000000000, -2.500000000000000000 ) ) ;
#4637 = CARTESIAN_POINT ( 'NONE',  ( 1.143951580070068808, 2.999900000000000233, -1.024394971984033509 ) ) ;
#4638 = CARTESIAN_POINT ( 'NONE',  ( 1.734142918881092399, 3.000000000000000000, -0.1806877015105681772 ) ) ;
#4639 = CARTESIAN_POINT ( 'NONE',  ( 1.734142918881092399, 2.999900000000000233, 1.054606416136490754 ) ) ;
#4640 = CARTESIAN_POINT ( 'NONE',  ( 1.142690712998739588, 3.000000000000000000, 0.2660034749600200255 ) ) ;
#4641 = SURFACE_STYLE_FILL_AREA ( #3197 ) ;
#4642 = DIRECTION ( 'NONE',  ( 0.8604455470465084410, 0.000000000000000000, -0.5095424031107078644 ) ) ;
#4643 = DIRECTION ( 'NONE',  ( -0.8701091694029018386, 0.000000000000000000, 0.4928590400114340464 ) ) ;
#4644 = ADVANCED_FACE ( 'NONE', ( #4076, #1514, #4360 ), #2200, .F. ) ;
#4645 = ADVANCED_FACE ( 'NONE', ( #2129 ), #844, .T. ) ;
#4646 = SURFACE_STYLE_USAGE ( .BOTH. , #3177 ) ;
#4647 = SURFACE_STYLE_FILL_AREA ( #3880 ) ;
#4648 = CARTESIAN_POINT ( 'NONE',  ( 3.355000000000001759, 0.000000000000000000, 3.455000000000000515 ) ) ;
#4649 = ORIENTED_EDGE ( 'NONE', *, *, #4704, .F. ) ;
#4650 = CARTESIAN_POINT ( 'NONE',  ( -2.943241815541270956, 2.999900000000000233, -2.819567424523458321 ) ) ;
#4651 = ORIENTED_EDGE ( 'NONE', *, *, #3940, .F. ) ;
#4652 = VERTEX_POINT ( 'NONE', #486 ) ;
#4653 = EDGE_CURVE ( 'NONE', #4604, #1543, #110, .T. ) ;
#4654 = FILL_AREA_STYLE ('',( #3536 ) ) ;
#4655 = CARTESIAN_POINT ( 'NONE',  ( 2.607189793881092399, 2.999900000000000233, -0.5050213412164505922 ) ) ;
#4656 = B_SPLINE_SURFACE_WITH_KNOTS ( 'NONE', 3, 1, ( 
 ( #3995, #360 ),
 ( #1109, #3973 ),
 ( #432, #379 ),
 ( #3346, #1810 ),
 ( #80, #2544 ),
 ( #1529, #4025 ),
 ( #743, #696 ),
 ( #3599, #339 ),
 ( #37, #4400 ),
 ( #2191, #3650 ),
 ( #1831, #2932 ) ),
 .UNSPECIFIED., .F., .F., .F.,
 ( 4, 1, 1, 1, 1, 1, 1, 1, 4 ),
 ( 2, 2 ),
 ( 0.000000000000000000, 0.2339648385054090562, 0.4198783559695579704, 0.5659151998979442544, 0.6801214999993734356, 0.7723010949812570969, 0.8443163158709261484, 0.9185860088431486714, 1.000000000000000000 ),
 ( 0.000000000000000000, 1.000000000000000000 ),
 .UNSPECIFIED. ) ;
#4657 = EDGE_CURVE ( 'NONE', #1186, #4434, #877, .T. ) ;
#4658 = CARTESIAN_POINT ( 'NONE',  ( 2.584843896998425539, 2.999900000000000233, -0.8554607890441922047 ) ) ;
#4659 = SURFACE_SIDE_STYLE ('',( #1304 ) ) ;
#4660 = LINE ( 'NONE', #1379, #475 ) ;
#4661 = STYLED_ITEM ( 'NONE', ( #2462 ), #1791 ) ;
#4662 = CARTESIAN_POINT ( 'NONE',  ( 1.142774914274140574, 3.000000000000000000, -0.9988296748484128962 ) ) ;
#4663 = EDGE_CURVE ( 'NONE', #1167, #1696, #1991, .T. ) ;
#4664 = FACE_OUTER_BOUND ( 'NONE', #945, .T. ) ;
#4665 = FILL_AREA_STYLE ('',( #3192 ) ) ;
#4666 = CARTESIAN_POINT ( 'NONE',  ( 1.154027076143226971, 2.999999999999999556, 0.1633265355979788003 ) ) ;
#4667 = CARTESIAN_POINT ( 'NONE',  ( 1.143951580070069030, 3.000000000000001332, 0.2108991456630259498 ) ) ;
#4668 = PRESENTATION_STYLE_ASSIGNMENT (( #2811 ) ) ;
#4669 = FILL_AREA_STYLE ('',( #312 ) ) ;
#4670 = CARTESIAN_POINT ( 'NONE',  ( 1.876491264469327680, 2.999900000000000233, -1.541441377981156435 ) ) ;
#4671 = EDGE_CURVE ( 'NONE', #3106, #2474, #2696, .T. ) ;
#4672 = CARTESIAN_POINT ( 'NONE',  ( 1.876491264469327680, 3.000000000000000000, -0.3061472603340977816 ) ) ;
#4673 = MECHANICAL_DESIGN_GEOMETRIC_PRESENTATION_REPRESENTATION (  '', ( #3663 ), #1607 ) ;
#4674 = COLOUR_RGB ( '',0.8274509803921568096, 0.8392156862745098200, 0.8274509803921568096 ) ;
#4675 = CARTESIAN_POINT ( 'NONE',  ( 2.642682354305278203, 3.000000000000000000, -0.9564263157231580603 ) ) ;
#4676 = ORIENTED_EDGE ( 'NONE', *, *, #2572, .F. ) ;
#4677 = DIRECTION ( 'NONE',  ( -0.000000000000000000, -0.000000000000000000, -1.000000000000000000 ) ) ;
#4678 = VERTEX_POINT ( 'NONE', #3023 ) ;
#4679 =( GEOMETRIC_REPRESENTATION_CONTEXT ( 3 ) GLOBAL_UNCERTAINTY_ASSIGNED_CONTEXT ( ( #1975 ) ) GLOBAL_UNIT_ASSIGNED_CONTEXT ( ( #1149, #3239, #2189 ) ) REPRESENTATION_CONTEXT ( 'NONE', 'WORKASPACE' ) );
#4680 = CARTESIAN_POINT ( 'NONE',  ( 1.734142918881092399, 2.999900000000000233, -0.1806877015105681772 ) ) ;
#4681 = FILL_AREA_STYLE ('',( #4316 ) ) ;
#4682 = CARTESIAN_POINT ( 'NONE',  ( 1.169738862666132251, 2.999999999999999556, -0.5073267487490195071 ) ) ;
#4683 = SURFACE_SIDE_STYLE ('',( #417 ) ) ;
#4684 = CARTESIAN_POINT ( 'NONE',  ( -0.8275196214094782121, 2.999900000000000233, 1.076720472440948484 ) ) ;
#4685 = SURFACE_STYLE_FILL_AREA ( #1419 ) ;
#4686 = LINE ( 'NONE', #1420, #4054 ) ;
#4687 = CARTESIAN_POINT ( 'NONE',  ( 2.642636186262780740, 2.999899999999999789, 0.3008206626235513381 ) ) ;
#4688 = LINE ( 'NONE', #1405, #2175 ) ;
#4689 = SURFACE_STYLE_USAGE ( .BOTH. , #1735 ) ;
#4690 = MECHANICAL_DESIGN_GEOMETRIC_PRESENTATION_REPRESENTATION (  '', ( #2310 ), #270 ) ;
#4691 = CARTESIAN_POINT ( 'NONE',  ( 1.142825864974269079, 2.999900000000000233, -0.6255366016489226633 ) ) ;
#4692 = B_SPLINE_SURFACE_WITH_KNOTS ( 'NONE', 3, 1, ( 
 ( #912, #3373 ),
 ( #3456, #200 ),
 ( #4473, #4524 ),
 ( #1649, #2640 ),
 ( #1178, #1198 ),
 ( #4107, #842 ),
 ( #1694, #3900 ),
 ( #2812, #1295 ),
 ( #3477, #3526 ),
 ( #1347, #3852 ),
 ( #2787, #3151 ) ),
 .UNSPECIFIED., .F., .F., .F.,
 ( 4, 1, 1, 1, 1, 1, 1, 1, 4 ),
 ( 2, 2 ),
 ( 0.000000000000000000, 0.2090174448045498123, 0.3701215845098708157, 0.4868884033316097093, 0.5748632755078622036, 0.6458207185090942826, 0.7281441267704359399, 0.8423061535616725992, 1.000000000000000000 ),
 ( 0.000000000000000000, 1.000000000000000000 ),
 .UNSPECIFIED. ) ;
#4693 = CARTESIAN_POINT ( 'NONE',  ( 2.607189793881092399, 2.999900000000000233, -0.5050213412164505922 ) ) ;
#4694 = CARTESIAN_POINT ( 'NONE',  ( 1.142690712998739588, 2.999900000000000233, -1.849920238275274187 ) ) ;
#4695 = CARTESIAN_POINT ( 'NONE',  ( 2.624191191930992595, 3.000000000000001332, 0.7194328075581447601 ) ) ;
#4696 = ORIENTED_EDGE ( 'NONE', *, *, #3494, .T. ) ;
#4697 = CARTESIAN_POINT ( 'NONE',  ( -2.943241815541270956, 2.999900000000000233, 2.819567424523459209 ) ) ;
#4698 = EDGE_LOOP ( 'NONE', ( #3138, #1680, #2225, #4407 ) ) ;
#4699 = STYLED_ITEM ( 'NONE', ( #4727 ), #4644 ) ;
#4700 =( GEOMETRIC_REPRESENTATION_CONTEXT ( 3 ) GLOBAL_UNCERTAINTY_ASSIGNED_CONTEXT ( ( #2776 ) ) GLOBAL_UNIT_ASSIGNED_CONTEXT ( ( #74, #2927, #4607 ) ) REPRESENTATION_CONTEXT ( 'NONE', 'WORKASPACE' ) );
#4701 = CARTESIAN_POINT ( 'NONE',  ( -0.1988070229842903158, 2.999900000000000233, -1.102125984251967505 ) ) ;
#4702 =( NAMED_UNIT ( * ) SI_UNIT ( $, .STERADIAN. ) SOLID_ANGLE_UNIT ( ) );
#4703 = CARTESIAN_POINT ( 'NONE',  ( 2.564450823292857340, 3.000000000000000000, 0.5217479602541378325 ) ) ;
#4704 = EDGE_CURVE ( 'NONE', #1511, #1221, #4533, .T. ) ;
#4705 = CARTESIAN_POINT ( 'NONE',  ( 2.642690712998739588, 2.999900000000000233, 1.524735092607079068 ) ) ;
#4706 = CARTESIAN_POINT ( 'NONE',  ( 3.355000000000000870, 0.000000000000000000, -3.454999999999999627 ) ) ;
#4707 = DIRECTION ( 'NONE',  ( 1.000000000000000000, 0.000000000000000000, 0.000000000000000000 ) ) ;
#4708 = MECHANICAL_DESIGN_GEOMETRIC_PRESENTATION_REPRESENTATION (  '', ( #3332 ), #1280 ) ;
#4709 = CARTESIAN_POINT ( 'NONE',  ( 2.571937412355975727, 2.999900000000000677, 0.3725784803166725667 ) ) ;
#4710 = CARTESIAN_POINT ( 'NONE',  ( 1.149120405164141490, 3.000000000000000888, 0.1751744068123526343 ) ) ;
#4711 = CARTESIAN_POINT ( 'NONE',  ( 1.178191632116386556, 3.000000000000000000, 0.1426119308423729748 ) ) ;
#4712 = MECHANICAL_DESIGN_GEOMETRIC_PRESENTATION_REPRESENTATION (  '', ( #581 ), #4635 ) ;
#4713 = EDGE_CURVE ( 'NONE', #1549, #2216, #183, .T. ) ;
#4714 = CARTESIAN_POINT ( 'NONE',  ( 2.616607625011923233, 2.999900000000001565, -1.061146275523525695 ) ) ;
#4715 = CARTESIAN_POINT ( 'NONE',  ( 1.154974464376837373, 2.999900000000000233, -0.7057670336135434264 ) ) ;
#4716 = VECTOR ( 'NONE', #4595, 1000.000000000000000 ) ;
#4717 = CARTESIAN_POINT ( 'NONE',  ( 1.881316632116386556, 2.999900000000000233, -0.04213071621645054360 ) ) ;
#4718 = DIRECTION ( 'NONE',  ( -0.000000000000000000, 1.000000000000000000, -0.000000000000000000 ) ) ;
#4719 = ORIENTED_EDGE ( 'NONE', *, *, #172, .F. ) ;
#4720 = PLANE ( 'NONE',  #291 ) ;
#4721 = VECTOR ( 'NONE', #1760, 1000.000000000000000 ) ;
#4722 = SURFACE_SIDE_STYLE ('',( #3206 ) ) ;
#4723 = SURFACE_SIDE_STYLE ('',( #2596 ) ) ;
#4724 = ORIENTED_EDGE ( 'NONE', *, *, #3996, .T. ) ;
#4725 =( NAMED_UNIT ( * ) PLANE_ANGLE_UNIT ( ) SI_UNIT ( $, .RADIAN. ) );
#4726 = FILL_AREA_STYLE ('',( #3252 ) ) ;
#4727 = PRESENTATION_STYLE_ASSIGNMENT (( #1442 ) ) ;
#4728 = CARTESIAN_POINT ( 'NONE',  ( 2.015737587998739588, 3.000000000000000000, -1.405297076510568344 ) ) ;
#4729 = CARTESIAN_POINT ( 'NONE',  ( 2.571941074772256641, 3.000000000000000888, -1.952950128405642749 ) ) ;
#4730 =( LENGTH_UNIT ( ) NAMED_UNIT ( * ) SI_UNIT ( .MILLI., .METRE. ) );
ENDSEC;
END-ISO-10303-21;
